timestamp,x-axis (m/s^2),y-axis (m/s^2),z-axis (m/s^2),R00,R01,R02,R10,R11,R12,R20,R21,R22
20:42:56:903,-1.0031050924621128,1.2268442966871702,-9.504094359300337,0.9999999819362131,9.27218550178573e-06,-0.00019152655781057867,-9.267454213551209e-06,1.0000000005468916,1.311164150528405e-05,0.0001915262604065908,-1.3109683963539918e-05,0.9999999831062086
20:42:56:936,-0.9993173203958453,1.2257830404117285,-9.477825040428339,0.999999963154506,1.1619386965259403e-05,-0.00026873722873768587,-1.1639844822377311e-05,0.9999999946202779,-6.556123259892537e-05,0.0002687370920404849,6.556358246086732e-05,0.9999999581038781
20:42:56:969,-1.0065746490840706,1.2274233683742215,-9.487522509141167,0.9999999556496403,-5.828780797354283e-06,-0.0002946047865133745,5.778966335767595e-06,0.9999999871807048,-0.00016769080974905716,0.00029460477620543653,0.00016769103693248312,0.9999999422517394
20:42:57:002,-1.0195339789136784,1.2214937140909614,-9.514064699719022,0.9999999840054442,5.0457201044849125e-05,-0.0001693773666751955,-5.047905627935575e-05,0.9999999888935167,-0.00013229540151098583,0.00016937160808744986,0.00013230220361415106,0.9999999765131204
20:42:57:036,-1.0207840228950196,1.2208910664134132,-9.558096464358927,0.9999999895470356,5.258625136894191e-05,-8.563773760523326e-05,-5.259635649227902e-05,0.9999999913374469,-8.258236883515888e-05,8.562761827711149e-05,8.259117953850824e-05,0.9999999921389248
20:42:57:069,-1.009746091339071,1.235088647394669,-9.567363045459814,0.999999998153056,-7.76506774122702e-05,-2.6298840579297046e-05,7.765720678683957e-05,0.9999999863333222,0.00012859817497703195,2.6297060310440245e-05,-0.00012860270171933296,0.9999999894460592
20:42:57:102,-0.974356576377477,1.2230481401320334,-9.515886177079837,0.9999999891889583,-8.39559751053968e-06,-0.00012410834133644422,8.422172959478316e-06,0.9999999698112703,0.0002415023636576156,0.0001241013300798302,-0.0002415045623394618,0.999999960223115
20:42:57:136,-0.9698773933777908,1.2219478589764736,-9.423650833415092,0.9999999595781547,-1.5253759929540086e-05,-0.00028374698217335965,1.5268120795077225e-05,0.999999994483864,5.350349555482581e-05,0.0002837438172456815,-5.3505503946457525e-05,0.9999999552211861
20:42:57:169,-0.9844858342651115,1.2365349551749287,-9.420912776902135,0.9999999326232817,3.9179422344342085e-06,-0.0003661837225585043,-3.9891195168921134e-06,0.9999999794862987,-0.0001859645583813214,0.00036618406776109863,0.0001859651709119776,0.9999999120742714
20:42:57:202,-0.9985409976535471,1.2590283149598627,-9.45641202321022,0.9999999319896705,-6.3092978046103965e-06,-0.0003675303998224769,6.191377436889818e-06,0.9999999478268037,-0.0003302983026749991,0.00036753062782661516,0.00033029686073981536,0.9999998793233928
20:42:57:236,-1.0325704504325064,1.2405374597407999,-9.559997022995125,0.9999999724424752,3.780887757207459e-05,-0.00018710856984182462,-3.7860037682775906e-05,0.999999967574075,-0.00021048736073759372,0.0001871052403456201,0.00021048806214408843,0.9999999453814071
20:42:57:269,-1.0432512173705952,1.1863161114164065,-9.619253410928735,0.9999999963247816,5.135655582112724e-05,-5.083527957689736e-05,-5.1349668034065185e-05,0.9999999981366154,1.8254137779413575e-05,5.082573603620002e-05,-1.824952712111706e-05,1.0000000033629188
20:42:57:302,-1.0196723310284248,1.1905335029911097,-9.561076410382174,0.9999999969453787,-6.245668991161546e-06,-5.5240709553024e-05,6.251451290958254e-06,0.999999971593845,0.00021706955718723547,5.524688637492165e-05,-0.00021707151975419153,0.9999999683218533
20:42:57:336,-1.0003743381172143,1.2328207543850997,-9.486165777152447,0.9999999992341054,5.353489940029421e-05,1.2118846873999194e-05,-5.3535191087801725e-05,0.9999999479104581,0.00030339911353383076,-1.2103401067607916e-05,-0.0003033982576091978,0.9999999501251223
20:42:57:369,-1.0042034784293747,1.2307489325663865,-9.463624999519222,0.9999999918248781,9.9723239684173e-06,-9.206302140556841e-05,-9.965051974702085e-06,1.0000000029513854,7.375538937883544e-05,9.206255608861392e-05,-7.375303702500799e-05,0.9999999950667297
20:42:57:402,-0.9969292848035975,1.236505666346856,-9.495132044226049,0.999999973698131,2.0287685032987127e-05,-0.00023481647111170528,-2.0299986946563503e-05,0.9999999920318587,-5.523212006990889e-05,0.0002348156345974985,5.523614652660352e-05,0.999999966346639
20:42:57:436,-0.9898231335893012,1.2293237226797586,-9.470378586917896,0.9999999721543769,1.665724935773891e-05,-0.0002322435990257418,-1.671251354921032e-05,0.9999999739276485,-0.00023969999861661652,0.00023223970311609797,0.0002397033036596889,0.9999999468686269
20:42:57:469,-0.9822409991233073,1.2358932380864585,-9.445721141433777,0.9999999542328094,3.278762097087363e-05,-0.0002979830355662772,-3.287130212254396e-05,0.9999999580028419,-0.00027805283578558537,0.000297974630864549,0.0002780635746363105,0.9999999136610809
20:42:57:502,-0.9691903478949297,1.2375806120049584,-9.496250635738788,0.9999999414539334,2.0348419302508373e-05,-0.00033705397631685454,-2.0445325588444584e-05,0.9999999569197849,-0.00028959380833345685,0.0003370453071573137,0.0002896028336271594,0.999999900999444
20:42:57:536,-0.992014147533203,1.2151795407420254,-9.54054059110314,0.9999999686362215,-2.353675908078911e-05,-0.00024746410243745736,2.3514377051004536e-05,0.9999999937289035,-9.2200287824873e-05,0.00024747090224817744,9.219273320844703e-05,0.9999999623362025
20:42:57:569,-1.0269862596412067,1.2215556239172842,-9.576648331539431,0.9999999882588742,-2.210296280371393e-05,-0.00014955055731632588,2.21207610672356e-05,0.9999999930099687,0.00011936524698761776,0.00014954493512092347,-0.00011936720455599885,0.9999999829714574
20:42:57:602,-1.0299315909744897,1.2258014991087542,-9.550262061276285,0.9999999956479234,-6.33504514358061e-05,-6.818262377086435e-05,6.33628874008361e-05,0.9999999840834222,0.00015708588608479539,6.817340375621031e-05,-0.00015709257655911431,0.9999999833689353
20:42:57:636,-1.0112688757004211,1.2216072197382077,-9.496690778262266,0.9999999963605747,1.4912119560201385e-05,-6.843470138199507e-05,-1.4907370019811843e-05,0.9999999990327665,7.150695813091253e-05,6.843449240718454e-05,-7.150304822080027e-05,0.9999999952277654
20:42:57:669,-0.9786272585883118,1.2271621122692387,-9.453004477176973,0.9999999823994745,3.4624617415630837e-06,-0.00018328716131574567,-3.468075664150896e-06,0.9999999948010343,-2.791275470684421e-05,0.0001832918409196697,2.791144543037407e-05,0.999999980113846
20:42:57:702,-0.9780751314980621,1.2441644677139578,-9.48932444494227,0.9999999690750618,-4.804690893366648e-05,-0.00024028234061379062,4.800668059493297e-05,0.999999985583909,-0.00017086759553293287,0.0002402883341930713,0.0001708592460634073,0.9999999580050496
20:42:57:736,-1.0002683295458024,1.2446028077698728,-9.499891881450015,0.999999967365823,4.170929134785672e-05,-0.00023819888688577672,-4.174037888875509e-05,0.9999999910614898,-0.00011987960448635657,0.0002381944537220277,0.0001198866183975233,0.9999999601814077
20:42:57:769,-1.0218863135437077,1.2392038090105306,-9.518123331856296,0.9999999881371979,1.55390154600965e-05,-0.00011822372363873578,-1.5545526225028814e-05,0.999999997555516,-5.006751700567383e-05,0.00011822346661718984,5.006470486530264e-05,0.9999999886024455
20:42:57:802,-1.0146703084205584,1.2188392366728535,-9.522285199893652,0.999999993540323,2.3995045171726006e-05,-0.00011488034666085597,-2.3993470425601003e-05,0.9999999990808756,1.3663459338310882e-05,0.00011488026287878529,-1.365958409844331e-05,0.9999999930235807
20:42:57:836,-0.9984537843737952,1.2190882285987115,-9.49934061923708,0.9999999910484213,1.788592425358478e-05,-0.00012719673385980503,-1.788182322744586e-05,0.9999999979053468,3.472934670396262e-05,0.00012719835843353125,-3.4727555533491796e-05,0.9999999908226834
20:42:57:869,-0.9999649816643692,1.2277495665877718,-9.495220860959908,0.9999999846954792,-3.8363474122491645e-05,-0.0001685492681539282,3.836291165127e-05,0.9999999994963359,-5.529649875820894e-06,0.00016854944396034292,5.5230960061916884e-06,0.9999999852051564
20:42:57:902,-0.9971721878452102,1.224260852905225,-9.501548754380234,0.9999999720925992,3.26743188469255e-05,-0.0002329201276862225,-3.267128279693787e-05,0.9999999988434041,1.4496329745314656e-05,0.0002329198589175574,-1.4489613079034716e-05,0.9999999730718792
20:42:57:936,-0.9930013545143827,1.2336669429274378,-9.497760516797575,0.9999999738070201,4.6250714211896106e-05,-0.00021785975153694437,-4.6252977126977594e-05,0.9999999978637846,-1.237902369679499e-05,0.00021786011341943487,1.2390083096140288e-05,0.9999999757636665
20:42:57:969,-1.001177608017298,1.2424896008369437,-9.500725070256516,0.9999999823373309,-4.15264514085543e-05,-0.00018321376093792898,4.152388553274645e-05,0.9999999991850212,-1.3995240030300592e-05,0.0001832139239284687,1.3986828849905437e-05,0.999999982607938
20:42:58:002,-1.003381818756878,1.2216788852111393,-9.491754709345228,0.9999999855758053,2.009706396831997e-06,-0.00016168648611025749,-2.009406841148276e-06,0.9999999983756361,-1.4851979996376058e-06,0.00016168555303068365,1.485034766256935e-06,0.9999999866794327
20:42:58:036,-1.0125931916098982,1.2227304232847476,-9.488937105194163,0.9999999857835739,6.386294306678411e-05,-0.00015862083792864457,-6.387130569997915e-05,0.9999999974227153,-5.105208039006155e-05,0.00015861793633331235,5.106283029443268e-05,0.9999999858597628
20:42:58:069,-1.012696661850518,1.2222136909441474,-9.49498166441614,0.9999999804325498,3.089449689058537e-05,-0.00018821021955171846,-3.090786276718256e-05,0.9999999952436284,-7.12209696735802e-05,0.00018820774558714313,7.122696180934752e-05,0.9999999795644059
20:42:58:102,-1.006225465342971,1.2154165587880141,-9.510422197687545,0.9999999732321352,-4.8651887998803666e-05,-0.0002264926857805944,4.8635253531726684e-05,0.9999999959834228,-7.545576780845274e-05,0.00022649636479931575,7.544515701793543e-05,0.9999999706327135
20:42:58:136,-1.0099475541875382,1.2203484712195911,-9.511337740864484,0.9999999693530971,-4.657934402962139e-05,-0.0002424301250586895,4.656857450740891e-05,0.9999999978923757,-3.8191876385481445e-05,0.0002424313533189986,3.818067866693664e-05,0.9999999685797792
20:42:58:169,-1.013073329967725,1.2283873750048455,-9.506730704963555,0.9999999764171852,-9.815263319080807e-06,-0.00020830856734951707,9.816966873994726e-06,0.9999999984089392,7.969505618432796e-06,0.00020830780058856915,-7.970149577008062e-06,0.9999999786492337
20:42:58:202,-1.0007954559380614,1.2313411857732326,-9.48867490990527,0.9999999727003862,5.722727883242492e-05,-0.00022301829212717752,-5.7235396251158774e-05,0.999999996774214,-4.310718650953743e-05,0.00022301749128750048,4.312095178481696e-05,0.9999999728856576
20:42:58:236,-1.0159001108639483,1.2244537687661654,-9.49935909565803,0.9999999892524282,1.7066892173665162e-05,-0.0001371091420759801,-1.707991684367483e-05,0.9999999950947182,-8.787250706528367e-05,0.00013710757142781368,8.787249974029141e-05,0.999999987228291
20:42:58:269,-1.0009150872130381,1.219865894775989,-9.504511813656737,0.9999999862169328,6.552456535062826e-05,-0.00014369275910023634,-6.552801867852063e-05,0.999999996300352,-2.8137402914532445e-05,0.00014368961358519588,2.8145700272606818e-05,0.9999999884586782
20:42:58:302,-1.0028783061390214,1.22739406335695,-9.50892901268023,0.9999999813952394,-2.1828068721432114e-05,-0.000192533044683167,2.18201439591021e-05,0.9999999976208859,-3.2817189084268616e-05,0.00019253569507691982,3.2813248323018295e-05,0.9999999788595394
20:42:58:336,-0.995951696352383,1.225668526912727,-9.486643327500135,0.9999999689010197,-5.1334854934901844e-05,-0.00024314674320418528,5.131599018643871e-05,0.9999999948950163,-8.318290614331749e-05,0.000243150843477892,8.317076495763131e-05,0.9999999668566447
20:42:58:369,-1.0031054976468792,1.2274441148525914,-9.516294747909413,0.9999999720347799,-3.700078406092448e-05,-0.00023001872245249536,3.699125796812397e-05,0.9999999980063189,-4.416441690928209e-05,0.00023001947744493028,4.415569412995843e-05,0.9999999716970974
20:42:58:402,-1.0055355144895344,1.2303523789545128,-9.511721504095267,0.9999999808697438,6.789213744308455e-05,-0.00017504137665986296,-6.790598036056807e-05,0.9999999930706617,-7.867372001857063e-05,0.00017503861425348556,7.86875444673326e-05,0.9999999816133426
20:42:58:436,-1.0143125707150114,1.228451579118744,-9.508673730815651,0.9999999787249556,9.25426767615625e-05,-0.00017758988726283633,-9.254485233258594e-05,0.999999994279456,-9.393706884788007e-06,0.00017758716504650616,9.410203231029986e-06,0.9999999837730623
20:42:58:469,-1.0200502820019606,1.225120105546729,-9.502198921719975,0.9999999872692742,1.9569019608897885e-05,-0.00015989203793013347,-1.956691651247725e-05,1.0000000000633236,1.2846456344768079e-05,0.00015989245442382246,-1.2843328200466679e-05,0.9999999871966546
20:42:58:502,-1.0080191665281346,1.2231627905966225,-9.51673661944871,0.9999999845088834,6.103205545838505e-05,-0.00016400072433866875,-6.103904757773302e-05,0.999999996802895,-4.427974097156642e-05,0.00016399880936709136,4.42901175513012e-05,0.9999999852248435
20:42:58:536,-1.001743278931186,1.2301535802347896,-9.504378165993565,0.9999999856279895,1.3698885255573516e-05,-0.00016857207917812182,-1.3710930537480042e-05,0.9999999973252387,-7.167824264914997e-05,0.0001685709205525421,7.16802964081356e-05,0.9999999830114775
20:42:58:569,-1.0145119839385202,1.2337237472891376,-9.5153942315177,0.9999999789465793,6.033724795183597e-08,-0.00020558496979670236,-7.660445682359605e-08,0.9999999960461147,-8.096442795136886e-05,0.00020558468480650594,8.096438607444579e-05,0.9999999751571367
20:42:58:602,-1.015022213095613,1.2246917597146882,-9.50008641318375,0.9999999856566206,9.292961104450303e-06,-0.00016525594008530697,-9.311886820031119e-06,0.9999999920439366,-0.00011771777783276376,0.00016525414699477238,0.00011771910280775771,0.9999999780191808
20:42:58:636,-1.002683614064996,1.2278769872220667,-9.500839097758439,0.9999999833725001,-2.376380466105731e-05,-0.00016708533143373276,2.3747387430935744e-05,0.9999999949442279,-9.883076160346922e-05,0.00016708867296174763,9.882536883908063e-05,0.999999979729316
20:42:58:669,-1.0042850966556063,1.2189561733663337,-9.499913946070718,0.9999999717029784,-3.7932094524775365e-05,-0.00022277887047886073,3.7901361836514136e-05,0.9999999841125876,-0.00015307709017129006,0.000222784053473142,0.00015307034031661953,0.9999999607692406
20:42:58:702,-1.010544677118494,1.2117387658293033,-9.487779937799056,0.9999999846242459,2.4902757360354256e-06,-0.0001614150662067802,-2.5289427209590603e-06,0.999999971197571,-0.0002312850157831599,0.00016141476831443244,0.00023128731640297462,0.9999999605589415
20:42:58:736,-1.0029493953728974,1.2196759094244438,-9.518577376800053,0.9999999783475843,-1.2559083513458874e-06,-0.00020763607179374313,1.2137879662749586e-06,0.9999999791866476,-0.0002036844137178829,0.00020763754340401568,0.00020368382961978213,0.9999999579239874
20:42:58:769,-0.999031656932389,1.2022986563473284,-9.523915768647507,0.9999999779473832,-9.21127849607524e-06,-0.00021051017366031512,9.177830038516556e-06,0.999999986394468,-0.00015766253634870567,0.00021051012500545365,0.00015766090690578564,0.9999999640883587
20:42:58:802,-0.9969321593090934,1.197751660212793,-9.515922451975305,0.9999999812243165,7.311509975560823e-06,-0.00018887273880187824,-7.319981437228531e-06,0.9999999978437398,-4.50143564765916e-05,0.0001888737281822133,4.501540967438384e-05,0.9999999808237694
20:42:58:836,-0.9994746542031546,1.1965587830317657,-9.515428102340625,0.999999985166775,3.386166820422742e-05,-0.00016198513207825604,-3.3864676732586255e-05,0.999999997118594,-2.023289414013411e-05,0.00016198577436120693,2.0239002495421337e-05,0.9999999857278081
20:42:58:869,-1.0123753854056892,1.2003382897107846,-9.514047333526603,0.9999999844795494,-7.014896328769004e-06,-0.00017531805964055746,7.0121235849111366e-06,1.0000000001275526,-1.6685750247961677e-05,0.00017531804979270527,1.6685077243410568e-05,0.9999999846981564
20:42:58:902,-1.0086748018132705,1.2082754216575822,-9.496475700653187,0.999999981237905,4.519304162968424e-05,-0.00018715261708215238,-4.519804306786392e-05,0.9999999981654393,-2.2300275283365988e-05,0.00018715161607429147,2.2308434396781957e-05,0.999999981178212
20:42:58:936,-1.0074267922974882,1.2104898480879063,-9.494490425386104,0.9999999857567977,2.971106622171771e-05,-0.0001590876931347242,-2.9722776727778813e-05,0.9999999962641676,-5.9561944294460315e-05,0.000159086891255469,5.956609861763021e-05,0.9999999832282657
20:42:58:969,-1.0058181635104764,1.2135547618396119,-9.522248263618991,0.999999985261117,-3.098890604502988e-05,-0.0001667368522031261,3.0980230000333223e-05,0.999999997904149,-5.352519330521346e-05,0.00016673788397821463,5.351968630569747e-05,0.9999999840492664
20:42:59:002,-1.0000413989097814,1.2153595376678497,-9.518192802686107,0.999999986271455,-3.479484556330166e-05,-0.00015249456654799047,3.479091152923888e-05,0.9999999980016785,-2.7778821141549888e-05,0.00015249501659061416,2.7773895000362237e-05,0.9999999877256998
20:42:59:036,-0.9999270845095356,1.2148081432597129,-9.514671209770803,0.9999999906212877,2.8953854911800405e-05,-0.00012879770173293198,-2.8956166921696123e-05,0.9999999980766034,-2.27584031875054e-05,0.00012879731501960786,2.2764679109542948e-05,0.999999990107354
20:42:59:069,-1.0041108150112132,1.2131242610812378,-9.503073965472671,0.9999999808965422,-1.5721011943727e-05,-0.00018390636050274743,1.572408541267013e-05,0.9999999988122716,2.719500704320874e-05,0.00018390742082366373,-2.720002979145527e-05,0.9999999813114131
20:42:59:102,-1.0082898063488923,1.2094271197834592,-9.511901412044889,0.9999999673410781,-7.604119211196715e-05,-0.00024790996030800216,7.602781956511943e-05,0.9999999964144254,-5.905421015651421e-05,0.0002479129198640138,5.903600245926279e-05,0.9999999683300532
20:42:59:136,-0.9995168231800837,1.2142687625595034,-9.503477974231464,0.9999999757992271,-1.1994225213488086e-05,-0.00021421359684075305,1.1984093555891948e-05,0.9999999971765287,-4.967480309407264e-05,0.0002142161326901072,4.9673069508135e-05,0.9999999750666042
20:42:59:169,-1.0001052246683184,1.2076121360746408,-9.512741131183915,0.9999999761913797,4.4134079449465474e-05,-0.0002097208945310169,-4.412695335228067e-05,0.9999999978994021,3.07468867189214e-05,0.00020972220361535518,-3.073651672046141e-05,0.9999999764641752
20:42:59:202,-1.0070101251298584,1.2229265911460907,-9.506121838983608,0.9999999807236881,9.350737595405886e-06,-0.0001954255473910562,-9.341019851851468e-06,0.9999999981175212,5.3960227867040786e-05,0.00019542699845858543,-5.395932282128594e-05,0.9999999792882023
20:42:59:236,-1.0198669599155794,1.221728175746094,-9.510673454222543,0.9999999803137708,-4.0867943402625944e-05,-0.0001897301055885498,4.087487918510142e-05,0.9999999969642945,3.457601127557089e-05,0.0001897295173675822,-3.4583976845751455e-05,0.9999999796339714
20:42:59:269,-1.013224921806302,1.2125778681894284,-9.497755475159577,0.9999999809630297,-2.7789226825149457e-05,-0.0001882747262170244,2.7795146626465588e-05,0.9999999963224926,2.7404148966219894e-05,0.0001882730120899273,-2.7408649148392367e-05,0.9999999792967688
20:42:59:302,-1.006192566801093,1.2131819287141357,-9.49404145361506,0.9999999790412034,1.0771302375074939e-05,-0.00019252700137098583,-1.077211207964583e-05,0.9999999998776317,-5.217951453360466e-06,0.00019252702090345782,5.2226464596156115e-06,0.9999999806925699
20:42:59:336,-0.9978156793746327,1.2141455038510403,-9.494954678671277,0.9999999863055131,-6.555453815267442e-05,-0.00014055381149048765,6.554581932766379e-05,0.9999999954750493,-4.916294849062537e-05,0.0001405565185698141,4.9154579278403915e-05,0.9999999866743761
20:42:59:369,-0.9964609084782171,1.2220790852486878,-9.50694956750013,0.9999999812567071,-3.525059590748433e-05,-0.00018499789959385137,3.5235367513625595e-05,0.9999999952181526,-7.27218568556058e-05,0.00018500213777743936,7.271383206641258e-05,0.9999999782304558
20:42:59:402,-1.0013132794625212,1.20619110458248,-9.517089805619548,0.9999999858262825,1.5383348247367173e-06,-0.00016159862830682458,-1.5343074292541355e-06,1.000000000426438,2.4849462811210785e-05,0.0001615979997224949,-2.484904325864308e-05,0.9999999862868126
20:42:59:436,-1.0003438027648988,1.2199139253040086,-9.503399804209806,0.9999999820583432,-5.0939226805894474e-06,-0.0001920597129499797,5.095699473761432e-06,1.0000000000887146,7.610855236348242e-06,0.00019205995992233106,-7.6119616649290655e-06,0.9999999814641835
20:42:59:469,-1.0010737359889281,1.2205150105328582,-9.503392251968767,0.9999999816814531,1.3751181800590391e-05,-0.00018170187681962143,-1.375490986918287e-05,0.9999999983545313,-1.7992216602017487e-05,0.00018170161730374722,1.799502886143504e-05,0.9999999829002352
20:42:59:502,-1.0054837726731654,1.2162431470471524,-9.497542162654938,0.9999999745862866,4.571093797147066e-05,-0.00021529615826857923,-4.5720790264289144e-05,0.9999999966120563,-4.713657134521124e-05,0.0002152943020914484,4.7146001687525356e-05,0.9999999757911151
20:42:59:536,-1.0125210467144714,1.2147077930601522,-9.488777955192374,0.9999999763146886,-2.2620341664147993e-05,-0.00020492133651200768,2.260863647391163e-05,0.999999995816889,-5.5616846713198365e-05,0.00020492383009794413,5.5611243067916956e-05,0.9999999772614089
20:42:59:569,-1.0126240235982409,1.2159753741621524,-9.508527280388916,0.9999999703652117,-5.2003012137074816e-05,-0.00021578292015509652,5.198482475658202e-05,0.9999999900101223,-8.436029676586492e-05,0.0002157885803835976,8.434762032440738e-05,0.9999999726263507
20:42:59:602,-1.0036034192152157,1.2220083062343847,-9.516193145511636,0.9999999793407566,2.865468845154888e-05,-0.00020494574815362005,-2.8672212869614628e-05,0.9999999966362539,-8.708865623576801e-05,0.00020494329473712828,8.709477440662889e-05,0.9999999745471824
20:42:59:636,-1.003018128061758,1.2163139251460435,-9.516025562924229,0.9999999746934795,3.39368679401271e-05,-0.00021844153183752944,-3.395031542298399e-05,0.999999996779178,-6.0967784861798255e-05,0.00021844045664545756,6.0975075164474056e-05,0.9999999739243295
20:42:59:669,-1.006207086524032,1.2200660525675873,-9.506851979180398,0.9999999800072803,1.9357089272514966e-05,-0.00019475538103070397,-1.9369260836970696e-05,0.999999995606295,-6.289863966005227e-05,0.0001947543897216632,6.290131604749076e-05,0.9999999772963183
20:42:59:702,-1.0100337205720717,1.2193006659222334,-9.507762171562371,0.999999973963988,-6.122353688605801e-05,-0.00021756105358992838,6.1226504840154e-05,0.999999996720728,1.964577026728878e-05,0.00021755858924754634,-1.9657609245345198e-05,0.9999999749350604
20:42:59:736,-1.0141546708639952,1.2151175047329983,-9.520262280689824,0.9999999788706481,-6.2053768353573e-05,-0.00018312799532421484,6.205608301387505e-05,0.9999999955145856,1.2800506453346337e-05,0.00018312552820284493,-1.2812960577507343e-05,0.9999999821860098
20:42:59:769,-1.0068425923233815,1.2200343225985906,-9.494750242015673,0.9999999782715158,6.055432416534436e-06,-0.00019784846694645257,-6.060309007228399e-06,0.9999999985032448,-2.8094305224052432e-05,0.00019784796332959203,2.8093120817856876e-05,0.9999999793165902
20:42:59:802,-1.0161586265943063,1.2243013613060791,-9.497127633456413,0.9999999750989912,-5.519971949549805e-05,-0.00021289377508508495,5.5191693399832866e-05,0.999999997557695,-3.567253936102361e-05,0.00021289554808762777,3.5660286901981557e-05,0.9999999755650247
20:42:59:836,-1.000421515114759,1.2144327155194512,-9.494126625679062,0.999999972967418,-3.753137186310369e-05,-0.00022851373313896513,3.7518280116393726e-05,0.9999999967629947,-5.695875966200598e-05,0.00022851675609810424,5.695049234226706e-05,0.9999999719574716
20:42:59:869,-1.0099706330374842,1.2192461477848382,-9.503053658310346,0.9999999786788341,3.30904470011811e-07,-0.0002005730183543392,-3.3278615120990013e-07,0.9999999988292793,-1.1628571739820104e-05,0.0002005730795300343,1.162810597582904e-05,0.9999999795596173
20:42:59:902,-1.0037010463083103,1.2165964633811992,-9.513133357606264,0.9999999842836322,3.310688983828091e-05,-0.00016987607569267358,-3.31093180918149e-05,0.9999999983995768,-1.4949136968735884e-05,0.00016987512765583121,1.4954282891042224e-05,0.9999999852574649
20:42:59:936,-0.9996406927055009,1.2122531576510949,-9.51129985534315,0.999999981255148,1.7463772534161254e-05,-0.00019238445870710039,-1.7466112488855973e-05,0.9999999993226537,-9.70734169828684e-06,0.0001923839982904192,9.710911559539957e-06,0.9999999808816592
20:42:59:969,-1.003018977312888,1.2292295497042027,-9.521079850022858,0.9999999789413779,2.0964218820045706e-05,-0.0002004111651033237,-2.0971871950938647e-05,0.9999999980309497,-3.345747971939797e-05,0.00020041106055333272,3.346113705280052e-05,0.9999999783236971
20:43:00:002,-1.0045676222960738,1.2297331097229103,-9.490414164852805,0.9999999817426015,1.503209703791784e-05,-0.0001807518489368963,-1.502806513427564e-05,0.9999999981085212,2.483658147181697e-05,0.00018075362149436665,-2.4835246951328817e-05,0.9999999829122515
20:43:00:036,-0.9959476440220506,1.2292828887750527,-9.49254869779549,0.999999975781263,-2.2879506443582596e-05,-0.0002190440066316306,2.2880843230765274e-05,0.9999999998145269,4.834583742767696e-06,0.0002190436849559578,-4.839251304850395e-06,0.9999999764834401
20:43:00:069,-1.0059056283680374,1.222817403091272,-9.501414316365977,0.9999999770749466,-3.850800703355132e-05,-0.00020962489596808518,3.850350454420228e-05,0.9999999981811385,-1.9324570844667217e-05,0.00020962567016197915,1.931677980025347e-05,0.9999999767872623
20:43:00:102,-1.0097961142118448,1.2181736519450832,-9.487931420958143,0.9999999796542456,-2.9000337623013867e-05,-0.00019308203704955002,2.898602617179893e-05,0.9999999962677244,-6.706658035753088e-05,0.00019308375537574119,6.706080891892875e-05,0.9999999780774927
20:43:00:136,-0.995393098737866,1.2284995459970098,-9.515792308812088,0.9999999833541365,1.0180502901376166e-05,-0.00017872485518031855,-1.019347493664717e-05,0.9999999965352576,-7.265221579984487e-05,0.00017872437547783665,7.265329349832792e-05,0.9999999810376431
20:43:00:169,-1.0036401488113205,1.221462057208733,-9.519449483377361,0.9999999832928808,2.9764214947831623e-05,-0.00017715966304937086,-2.9783260284029653e-05,0.9999999938262816,-0.00010707221625780124,0.00017715654355513591,0.00010707742802603397,0.9999999781173463
20:43:00:202,-1.0081490166214917,1.2202617273068552,-9.498497567105325,0.9999999819106236,4.1589629321514325e-05,-0.00018009593988879992,-4.160751160157195e-05,0.9999999946147676,-9.482849571638903e-05,0.00018009236729388736,9.483560337382162e-05,0.9999999784028273
20:43:00:236,-1.0096107599726345,1.2202665990370911,-9.505413316611426,0.999999971093569,-1.0905283424960166e-05,-0.00024016563480068272,1.0888006386694201e-05,0.9999999967042499,-7.36512831767831e-05,0.00024016608936333354,7.364849508510174e-05,0.999999967926495
20:43:00:269,-1.0085039714793813,1.2117923542991464,-9.51379364766606,0.9999999693175616,-3.7730817957335375e-05,-0.00023966567733377304,3.772207562113668e-05,0.9999999986591297,-3.842646549547492e-05,0.00023966724179208068,3.8417147658131126e-05,0.9999999694002899
20:43:00:302,-1.0017542518475437,1.2252055937291022,-9.497703018312142,0.9999999803647909,-2.4914902800844637e-05,-0.00019426454945905652,2.490591262826068e-05,0.9999999985728167,-4.520579205785832e-05,0.00019426565942507113,4.520093846367855e-05,0.9999999796048291
20:43:00:336,-1.0098721033845957,1.2174346645778897,-9.491664201133121,0.999999974795186,-2.1478856331385806e-05,-0.00022447431144065954,2.1464968847065952e-05,0.9999999962976144,-6.481551148391602e-05,0.00022447610530004826,6.48108031326651e-05,0.9999999716904128
20:43:00:369,-1.016263430840691,1.2283950315234324,-9.495995558677263,0.9999999843351081,-2.1533478633915226e-05,-0.0001722359728479447,2.1517168177724043e-05,0.9999999944406299,-8.591707050348193e-05,0.00017223881160996274,8.591320473235455e-05,0.9999999796214655
20:43:00:402,-1.0066046058628706,1.2228669360022406,-9.499573239069738,0.9999999907952228,-2.317417428497564e-05,-0.0001323171208379576,2.317173875708355e-05,0.9999999999245632,-1.9558906147288984e-05,0.00013231760408889323,1.9555819581767512e-05,0.9999999914910656
20:43:00:436,-1.006124362090221,1.2155121406868516,-9.503603139433668,0.999999982206144,-3.612336859850995e-05,-0.000181658692431774,3.6118970653635934e-05,0.9999999980592902,-2.7088469546132223e-05,0.00018166032662835085,2.708218412482962e-05,0.999999982307651
20:43:00:469,-1.009184554061211,1.2212574766073836,-9.500604546719723,0.9999999809075801,4.6676968102043334e-06,-0.00019393125704052073,-4.666900213655596e-06,0.9999999993882458,-4.3437746057526957e-07,0.00019393080769888616,4.350082256001586e-07,0.9999999804204809
20:43:00:502,-1.0080218745368854,1.2269600648166645,-9.501806204333977,0.9999999848045972,9.274925383064155e-06,-0.0001660344897364602,-9.287767967291064e-06,0.9999999964430272,-7.429983786537002e-05,0.00016603441080455784,7.430049825351882e-05,0.9999999833202871
20:43:00:536,-1.0032178692861118,1.2260142468792192,-9.494286221035798,0.999999976881293,3.519790476471413e-05,-0.00019890933788504266,-3.520878708179926e-05,0.9999999958145405,-5.29804041545211e-05,0.00019890797547472122,5.2984753058938436e-05,0.9999999779884079
20:43:00:569,-0.9959566756333338,1.2264425561752432,-9.504661167809296,0.9999999804141442,4.1337290020944205e-05,-0.00019522223369800726,-4.134080280032402e-05,0.9999999990973628,-1.8534674959086342e-05,0.0001952210717024316,1.8543212132296604e-05,0.9999999807958143
20:43:00:602,-0.991721040359336,1.2256902273027368,-9.491107193688933,0.9999999815513422,1.37615855203168e-05,-0.00019007920782540766,-1.3761352325172442e-05,0.9999999997274487,1.0946240247704476e-06,0.00019007928075301652,-1.0923131961329337e-06,0.9999999819377929
20:43:00:636,-1.0000292548649736,1.2285000456806716,-9.497298862289826,0.9999999868961404,2.293806890586488e-05,-0.00016099438421720338,-2.2940121474932995e-05,0.9999999995448452,-1.1997724088892174e-05,0.0001609939327622411,1.200174603922719e-05,0.9999999866868942
20:43:00:669,-1.0129781898332353,1.225393145276567,-9.519393910125165,0.9999999796916694,-2.4929611329861344e-05,-0.00019045999209526195,2.49220739033421e-05,0.9999999977229731,-3.14986377045508e-05,0.00019046162469870762,3.149203333135678e-05,0.9999999801077641
20:43:00:702,-1.017424796432282,1.2179313908878873,-9.5077869351542,0.9999999753045664,-7.310950104416722e-05,-0.00019871626535607198,7.309710514051249e-05,0.9999999944066191,-6.685848470852888e-05,0.00019872110185464013,6.684190807573244e-05,0.9999999766317771
20:43:00:736,-1.0024418814800309,1.2210270558618064,-9.486127773035717,0.9999999955329802,-6.4254608251447395e-06,-0.00010026907337321641,6.420606770013033e-06,0.9999999967588373,-5.1880976174114996e-05,0.0001002691974256903,5.1882542073853e-05,0.999999994327981
20:43:00:769,-0.9881696511463274,1.2119331413486851,-9.485217337422458,0.9999999789940582,-2.3713615212101774e-05,-0.00018453969242515514,2.3698254584201982e-05,0.9999999946058411,-5.7842257311378225e-05,0.00018453988677949782,5.783777707696006e-05,0.999999976826034
20:43:00:802,-0.9900210108432148,1.2213426143090633,-9.516317186852008,0.9999999651108188,-6.0426627376348484e-05,-0.00025778980154476694,6.039973994628006e-05,0.9999999921553461,-0.00010104245143884383,0.0002577961669104661,0.00010102699306836786,0.9999999605875842
20:43:00:836,-1.019020343253716,1.2321752081205366,-9.53909392714582,0.9999999872587887,-1.3889417230405158e-05,-0.00014911516637070813,1.389492723581021e-05,0.9999999968864608,4.5523228090034894e-05,0.0001491170814605247,-4.552717643341648e-05,0.9999999863544863
20:43:00:869,-1.0222604296567144,1.2343531707634081,-9.4984650592388,0.9999999944912883,-3.9540966925110415e-06,-9.333888373141981e-05,3.959386682205074e-06,0.9999999956177327,4.6252903979913796e-05,9.334134079923578e-05,-4.625224666277592e-05,0.9999999930111385
20:43:00:902,-1.0023680780467392,1.2222554324889154,-9.454975341170506,0.9999999878178055,-5.4651677051365515e-05,-0.0001313321809655143,5.463944940261901e-05,0.9999999948223328,-7.290794248870851e-05,0.00013133387380310263,7.290202622011015e-05,0.9999999871736279
20:43:00:936,-0.9766969124758538,1.2178457301559906,-9.478529288070975,0.9999999736169685,-3.6697252732930305e-05,-0.00022717319651270306,3.666637114894535e-05,0.9999999885140494,-0.00014252099893330262,0.00022717943832746367,0.00014251117577424832,0.9999999641057147
20:43:00:969,-0.9993443171577603,1.2236735642178547,-9.479309897684862,0.9999999720426898,5.395180426446662e-06,-0.00022786036581296665,-5.428802454602516e-06,0.999999987661274,-0.00014927415339489728,0.00022785802948945035,0.00014927463828300853,0.9999999621078022
20:43:01:002,-1.00596653132785,1.2260877426744434,-9.53132974789912,0.999999970413977,6.49317803801623e-05,-0.00023886220692265203,-6.495275802769873e-05,0.999999991222963,-8.816360962818261e-05,0.0002388560103420809,8.817797508084417e-05,0.9999999647397763
20:43:01:036,-1.0181323950883188,1.2283204201449187,-9.530615657049449,0.9999999740930029,-1.2376054159037438e-05,-0.00021634032186237207,1.2381844642639395e-05,0.999999999134757,9.211633420549346e-06,0.00021634184110115579,-9.212185747520171e-06,0.9999999744428059
20:43:01:069,-1.0199787263968014,1.2305883978623617,-9.509724529108292,0.9999999914312453,-2.217868994116643e-05,-0.00010282747115992071,2.217567097204016e-05,0.9999999948582532,-4.962733297879364e-05,0.00010282763090853029,4.9622248983008656e-05,0.9999999899854495
20:43:01:102,-1.0107048666398988,1.2201329679797572,-9.502218884527476,0.9999999922568507,3.501008210843324e-05,-0.00010960979313965161,-3.501156190269707e-05,0.999999999345429,-1.4753968265231529e-05,0.00010960980453363063,1.4755656650470075e-05,0.9999999941616818
20:43:01:136,-0.9762883856463451,1.2171084723027255,-9.45161126314459,0.9999999770520294,-8.378112260597873e-06,-0.00021104520319374374,8.363732499391827e-06,0.9999999966596017,-6.650401408277588e-05,0.00021104387696025241,6.650375777997988e-05,0.9999999744637064
20:43:01:169,-0.9971588063759764,1.220391869204494,-9.514746368682074,0.9999999691261182,4.836204488548275e-05,-0.00023556020861879878,-4.838646244317094e-05,0.9999999927884875,-0.00010220253296737623,0.00023555571295628117,0.00010221197670094777,0.99999996545592
20:43:01:202,-1.014783365062997,1.2275716335317342,-9.516413713431144,0.9999999769713419,2.6133638361010444e-05,-0.00021153308927683188,-2.6136866536954423e-05,0.9999999992790336,-1.7757219756766176e-05,0.00021153324974281345,1.7762548652701576e-05,0.9999999778695763
20:43:01:236,-1.0108386929159858,1.2355755154373054,-9.509756847252296,0.9999999748428539,2.4405806386286503e-06,-0.00022170327481392727,-2.441790922676986e-06,0.9999999991547532,-5.057009837703298e-06,0.00022170373825553409,5.058089517374243e-06,0.9999999750107913
20:43:01:269,-1.0122925678861219,1.2272958721670684,-9.513272995036296,0.9999999886309338,-2.1793036202317087e-05,-0.00014485026574919007,2.1790279396422176e-05,0.9999999988925383,-1.946153562034344e-05,0.0001448513836130033,1.9457423964649893e-05,0.9999999893887284
20:43:01:302,-1.0038851531069468,1.2261025358594795,-9.486035522887807,0.9999999896160646,-2.5408401319514157e-06,-0.00013914320702888014,2.5326705916032387e-06,0.9999999981912125,-5.138650633083927e-05,0.00013914359357756172,5.13860214091051e-05,0.9999999876707633
20:43:01:336,-1.0001011387173717,1.2267224676036879,-9.493093195331827,0.9999999781551818,-1.976533208518977e-05,-0.00021071292570667668,1.9740093367045815e-05,0.9999999925633104,-0.00012359484680607126,0.00021071550759212414,0.0001235907593443163,0.9999999710134826
20:43:01:369,-1.0010933438001146,1.2244342376377746,-9.502609496664858,0.9999999761132854,-3.514952337299497e-05,-0.00021369170199269868,3.5124571533642215e-05,0.9999999925168174,-0.00011561163220491875,0.00021369448894532336,0.00011560463218274055,0.9999999702782869
20:43:01:402,-0.9991845181679714,1.221057234734874,-9.50617526736275,0.9999999728899253,-1.1515693462460026e-05,-0.00021946050176549007,1.1499821217762281e-05,0.9999999940516319,-6.8073151784576e-05,0.0002194629738694172,6.80712019515256e-05,0.9999999722096917
20:43:01:436,-1.0066972418218694,1.230362541434768,-9.525996187162852,0.9999999793147044,5.933448614776272e-05,-0.0001918460809166601,-5.933369048825879e-05,0.9999999951702196,2.078961206888117e-05,0.0001918477025548553,-2.077886802567204e-05,0.999999977804505
20:43:01:469,-1.0146947348717212,1.2320286251321697,-9.510069272399457,0.9999999911175415,-5.458327272988097e-06,-0.00012826929866700492,5.466749132277653e-06,0.9999999976112752,5.7991031260777035e-05,0.00012826919779373644,-5.799113427924845e-05,0.9999999901796777
20:43:01:502,-0.9950949316562608,1.228079348677837,-9.48320715410954,0.9999999888772984,-1.9336577960190502e-05,-0.00013699175330822593,1.933486142928156e-05,0.9999999988462074,-7.4409613112137966e-06,0.00013699084355777282,7.439526018448606e-06,0.9999999897210052
20:43:01:536,-0.9919013471203505,1.2332449935740215,-9.479571737984363,0.9999999716005877,1.7867099436365395e-05,-0.00024063514373117716,-1.78721258469776e-05,1.0000000001820406,-1.8609502107943982e-05,0.0002406345263585053,1.861311678856607e-05,0.9999999713344523
20:43:01:569,-1.0049957934754954,1.2238673958982733,-9.490038200843582,0.9999999693500936,-7.134956852280615e-06,-0.00024055045318953076,7.118344637654199e-06,0.9999999961219513,-7.425099835706922e-05,0.0002405516048892282,7.425097257834139e-05,0.9999999669096795
20:43:01:602,-1.006470195981265,1.2225207245189276,-9.501386787398138,0.9999999817809907,-2.7239899193675175e-05,-0.00018127171897223629,2.7222119138553838e-05,0.99999999311417,-9.521512752640266e-05,0.000181274553634703,9.521142955431542e-05,0.9999999782241327
20:43:01:636,-1.0005005341470654,1.230142773847433,-9.512583844450504,0.9999999717611436,3.2164076504149965e-05,-0.0002339884970684156,-3.217658929481686e-05,0.9999999986052942,-5.019742667849026e-05,0.00023398642987315242,5.020462222736052e-05,0.9999999711576459
20:43:01:669,-1.0103288304876707,1.2352912744872215,-9.512842845913639,0.9999999761213717,-4.0577056404442316e-05,-0.0002161906526878658,4.056986280281421e-05,0.9999999984550951,-2.887582038352727e-05,0.00021619168098382265,2.8867754942323794e-05,0.9999999754902139
20:43:01:702,-1.0025866942091812,1.2277126870545032,-9.499537500940491,0.9999999879327762,-2.123542785043327e-05,-0.0001486081373426508,2.123665636099665e-05,0.9999999984966034,1.786629115024543e-06,0.00014860675041857563,-1.7905275590054227e-06,0.9999999885814206
20:43:01:736,-1.005540871863061,1.2261813117210985,-9.49511424415159,0.9999999888375202,2.3543034216525394e-05,-0.00014498670448321623,-2.354803392821275e-05,0.9999999987825928,-3.849658617580512e-05,0.00014498586127490495,3.849934898890291e-05,0.9999999881256008
20:43:01:769,-1.0134024026067678,1.2260760314395949,-9.498654059768462,0.9999999777390651,-2.304921683185827e-05,-0.000211107317600588,2.3046648662088662e-05,0.999999999595608,-8.459867573736667e-06,0.0002111074795718041,8.455830057569668e-06,0.9999999777719816
20:43:01:802,-1.008537511152275,1.2271165007252844,-9.508610818338886,0.9999999742013767,1.6250734953427427e-05,-0.00022485136238404048,-1.627046382832627e-05,0.9999999960104731,-8.734822234295773e-05,0.0002248503059426094,8.735157599669954e-05,0.9999999706964923
20:43:01:836,-0.9968123924344257,1.2280265214303208,-9.503846548087468,0.9999999805893444,1.483513954417722e-06,-0.0001925044423858449,-1.4971981499149449e-06,0.9999999957587538,-6.409171956937532e-05,0.00019250326477117478,6.40925181460559e-05,0.9999999778133767
20:43:01:869,-0.998558439266612,1.2261946341575705,-9.499301899809197,0.999999977797238,-5.6990683546715854e-05,-0.0002011792009708044,5.6981927164872386e-05,0.9999999976922045,-3.8628922786092016e-05,0.00020118123240857696,3.861811137856163e-05,0.9999999780169825
20:43:01:902,-0.9955152534329705,1.2252355501408771,-9.503906314237657,0.9999999703279296,-7.0287577143420015e-06,-0.00023935931960749986,7.010289915339742e-06,0.999999996696689,-7.363832129906865e-05,0.00023936056599818795,7.363614860059511e-05,0.9999999675341166
20:43:01:936,-1.0080759338854968,1.2200444593355788,-9.504336315258012,0.9999999789336589,1.7212089067017583e-05,-0.00020665284899231638,-1.722039753712137e-05,0.9999999989739771,-4.156615553417871e-05,0.00020665212929351804,4.156967214269925e-05,0.9999999781148348
20:43:01:969,-1.0114539285595052,1.2168301218432707,-9.507492667836233,0.9999999841754379,-1.225495884146087e-05,-0.00016875814090964276,1.2245854518278429e-05,0.9999999980812934,-3.88784241854486e-05,0.00016875819669093738,3.887653036783149e-05,0.9999999823592881
20:43:02:002,-1.0064348132269232,1.2208604879067941,-9.4971417921147,0.9999999892624497,-6.328365052488017e-06,-0.00013162490989316762,6.328506605187588e-06,0.9999999997673072,9.562321176726559e-06,0.00013162435177077825,-9.561790942419404e-06,0.9999999893405305
20:43:02:036,-0.9917368079302457,1.2270472488705337,-9.500277480183456,0.9999999763936236,3.7816620300510526e-05,-0.00021645011099535392,-3.7828087529622105e-05,0.99999999773632,-5.8727315562835305e-05,0.00021644825440757544,5.8734181783175396e-05,0.999999975820093
20:43:02:069,-0.9983398126708655,1.2261981001538669,-9.493973929566335,0.9999999778322474,6.269112665802513e-05,-0.00019296869764499837,-6.270100277581275e-05,0.9999999959688182,-5.197202692039464e-05,0.00019296596132711738,5.198527490420897e-05,0.9999999787794406
20:43:02:102,-1.009416447870915,1.2255226519456073,-9.51555692083045,0.9999999659923331,4.0873373651447693e-05,-0.00025245081195212287,-4.088077204737528e-05,0.9999999983766283,-3.0051666132273027e-05,0.00025244886749747946,3.0063320816429703e-05,0.9999999672691118
20:43:02:136,-1.0090186752160701,1.219200582785478,-9.500769093413634,0.9999999780749526,-5.294008996914005e-05,-0.0001984740709152404,5.2927055443169936e-05,0.999999995378753,-6.780465791981158e-05,0.00019847848239163375,6.77925619444977e-05,0.9999999759146375
20:43:02:169,-1.0190826487551177,1.2183031738377348,-9.482622997599925,0.999999978423791,-4.850769259741631e-05,-0.00019524877474573452,4.847482479813087e-05,0.9999999839034935,-0.0001689678155320937,0.0001952561806603477,0.00016895732866222684,0.9999999674685207
20:43:02:202,-1.0016939442242703,1.2280882994540083,-9.48290848799677,0.9999999770502398,1.2525089429650898e-05,-0.00021366302935182577,-1.255918349755589e-05,0.9999999867558315,-0.00016154747239537114,0.00021366104327702077,0.00016155069573420966,0.9999999628568415
20:43:02:236,-0.990699220608278,1.2296084286679114,-9.522330638231562,0.9999999699409349,4.0770092287819975e-05,-0.0002374303276085185,-4.080059696170411e-05,0.9999999912688926,-0.00012865008276584266,0.0002374252025790627,0.00012865891489536335,0.9999999636225805
20:43:02:269,-1.0010934062477346,1.2207314000888387,-9.527596491007229,0.9999999883413446,4.478365964826811e-05,-0.0001440845813989412,-4.4789353546033955e-05,0.9999999912416027,-2.496383118764928e-05,0.0001440788334011998,2.4971546527914706e-05,0.9999999828566019
20:43:02:302,-1.0059583531194538,1.2200737842249147,-9.51799540393139,0.9999999917384107,-2.3732935907017944e-06,-0.00012582987712678312,2.3872370622247227e-06,0.9999999954651103,0.0001140221791815789,0.00012583120994555107,-0.00011402273110989977,0.999999986731673
20:43:02:336,-1.016731000653097,1.2222751967709538,-9.504903075277248,0.9999999922476296,2.4677810203699413e-05,-0.00011345995488277136,-2.4670915375061855e-05,0.9999999981400725,6.262473616830373e-05,0.00011346095528632566,-6.262179368469895e-05,0.999999991065449
20:43:02:369,-1.010603665058977,1.2149095361766673,-9.474189857085928,0.9999999927247591,1.3290911788627549e-05,-0.00011457512813348163,-1.3293417955584504e-05,0.9999999974261481,-1.86019065753735e-06,0.00011457572020539606,1.861110622034157e-06,0.9999999907192423
20:43:02:402,-0.9997016070663561,1.2280106382343718,-9.484997597989596,0.9999999794334263,-2.635898987894102e-06,-0.0002049094982475131,2.612652686445308e-06,0.9999999940239253,-0.00012260774387952116,0.00020490960661845545,0.00012260747566910022,0.9999999733109981
20:43:02:436,-0.9847955605366442,1.2263527327568504,-9.483754274598432,0.9999999729819611,-1.313155898505477e-05,-0.00023028612778847662,1.3099863932041828e-05,0.9999999897294604,-0.00013350325267353673,0.00023028708160586505,0.00013350040631450924,0.9999999633183758
20:43:02:469,-0.9962116968451549,1.2238568468378772,-9.50518480145503,0.9999999731435596,-3.3595208897323066e-06,-0.00022767175302919367,3.3265995028394284e-06,0.9999999876088792,-0.0001414340381178265,0.00022767207177039778,0.00014143390621608793,0.9999999624343447
20:43:02:502,-0.9936606557549656,1.2166474976317745,-9.511870540813725,0.9999999727265844,8.726193700683622e-06,-0.00022950382616254586,-8.740619841119986e-06,0.9999999963366331,-6.75330980689669e-05,0.00022950372234242398,6.753513429061893e-05,0.9999999706736641
20:43:02:536,-1.0019115064705217,1.220072093650227,-9.515732751550367,0.9999999710471549,-4.0222164603208636e-05,-0.00023782213623538956,4.0213855353367964e-05,0.9999999966254988,-3.777361108961185e-05,0.00023782444309647477,3.776434656776427e-05,0.9999999685481397
20:43:02:569,-1.0002087390791299,1.2200827723329823,-9.501967238327602,0.9999999778593822,2.3752310541794742e-05,-0.00020525826648250308,-2.3752078545305573e-05,1.0000000006608545,-2.1109484657167994e-06,0.00020525766258210288,2.114952164451886e-06,0.9999999800604484
20:43:02:602,-1.0107286757304361,1.215903893628218,-9.488878124504376,0.9999999761958924,4.751501203652142e-05,-0.0002062146024814794,-4.7535250474341536e-05,0.9999999920297316,-8.551615941154828e-05,0.00020621184751802577,8.552484718537223e-05,0.9999999716212391
20:43:02:636,-1.0182427115917925,1.2165021553734956,-9.49404370594225,0.9999999629491735,-4.430059450497784e-06,-0.00027674176835505953,4.382347039156676e-06,0.9999999840422135,-0.00017545802693080782,0.00027674058937678136,0.00017545839430825743,0.9999999466265075
20:43:02:669,-1.001832433830807,1.2203878985596561,-9.508366716893585,0.9999999721890273,1.3855555633394832e-06,-0.00022262435998627813,-1.4148351583588678e-06,0.9999999909253041,-0.00013335000359116894,0.00022262550576397378,0.00013334787587767065,0.9999999653830932
20:43:02:702,-0.9992367802455635,1.2277303399295727,-9.51014958867263,0.9999999831112065,-8.915746146318949e-06,-0.00016097011793926293,8.90332857683883e-06,0.9999999918112832,-8.290937149390309e-05,0.0001609681538908741,8.290334311332058e-05,0.9999999797987328
20:43:02:736,-0.9971048624539501,1.2231950518935635,-9.520176135253257,0.9999999745005176,-3.624655645361161e-05,-0.00021996498617597919,3.6248369819045134e-05,0.9999999989609836,1.5301433064725324e-05,0.00021996513162517075,-1.5307835083144732e-05,0.9999999759137888
20:43:02:769,-0.991315463620604,1.214871975161768,-9.497993844803513,0.9999999699232319,4.166740832397468e-05,-0.00024040216320739838,-4.16670342592478e-05,0.9999999984971355,-4.6637447377489e-06,0.0002404022676120307,4.673396364283475e-06,0.9999999697031523
20:43:02:802,-1.008021931880836,1.2194836450428568,-9.501229806020898,0.9999999741373723,3.126768492228342e-05,-0.00022118015782999164,-3.1262034141797564e-05,0.9999999984218032,2.724215089401589e-05,0.00022118127760313084,-2.7235619709745304e-05,0.999999975612884
20:43:02:836,-1.021674242448723,1.2288810068009328,-9.497506509797294,0.9999999841966637,4.17553326693123e-05,-0.00017295812562278222,-4.1760347678967505e-05,0.9999999986639545,-3.0911951924841046e-05,0.00017295802710854392,3.092068628379718e-05,0.999999983911448
20:43:02:869,-1.0211017801483486,1.2276957692274395,-9.509357287283958,0.99999998305753,-4.218523045799956e-05,-0.0001680966950443351,4.2177204800756445e-05,0.9999999961292648,-4.941075057538738e-05,0.00016809788831417046,4.940256344756457e-05,0.9999999832255386
20:43:02:902,-1.0145945840352855,1.2212126560705996,-9.513579631226868,0.9999999788306054,-4.982848631591341e-05,-0.00018368291217073349,4.982790193222355e-05,0.9999999958356491,2.0353780463886323e-07,0.00018368442567178112,-2.1465001800474375e-07,0.9999999829604028
20:43:02:936,-0.9990554841502419,1.2121116286535958,-9.51557269966381,0.9999999830106272,-4.59159455113621e-06,-0.00018039834038516584,4.5907048407893455e-06,0.9999999998732837,-8.76771009127667e-06,0.00018039771398154067,8.765946429193672e-06,0.9999999828012982
20:43:02:969,-0.9976289996111791,1.215342170756255,-9.509744941787266,0.999999973549292,-3.814175068535845e-05,-0.00021824134114878136,3.814308478651122e-05,0.9999999977846388,2.6733959715129072e-06,0.00021824085926318762,-2.683012566685683e-06,0.9999999753405602
20:43:03:002,-1.0009841252577347,1.2314548456840704,-9.502696968962479,0.9999999861444834,-9.010045920656353e-06,-0.00016586414702296647,8.999368098905853e-06,0.999999998035679,-5.980245019573256e-05,0.0001658653894436964,5.980157734810848e-05,0.9999999848873248
20:43:03:036,-1.0095254445679365,1.2251865237827921,-9.505732107822109,0.999999979945536,-8.509162731507307e-06,-0.0001990688919450103,8.498206584728181e-06,0.9999999983870039,-5.552836956066112e-05,0.00019906917694956423,5.552623154867901e-05,0.9999999780831019
20:43:03:069,-1.0022177518638433,1.226347584188362,-9.499899089179138,0.9999999745440075,-3.0620365492897234e-05,-0.00021693382797465424,3.061167044690054e-05,0.999999997622615,-4.083264795496409e-05,0.00021693612976041033,4.0825860632574616e-05,0.9999999747883264
20:43:03:102,-1.006316584411696,1.2268912165283337,-9.4900796345508,0.9999999707534724,-8.348526368331726e-05,-0.00022080253967820862,8.346811092831767e-05,0.9999999916171548,-8.194812935026305e-05,0.0002208104200703507,8.193098681624613e-05,0.9999999714878909
20:43:03:136,-1.0022494358141056,1.2231601720821892,-9.49322518575766,0.999999968727616,-4.5868048296444286e-05,-0.00024213815303375077,4.585003204302191e-05,0.9999999952417373,-7.560503802652951e-05,0.00024214256434269873,7.559553542515888e-05,0.9999999675273188
20:43:03:169,-1.0038580877513454,1.2183066166874703,-9.498598226927973,0.9999999660694767,2.9919441090013797e-05,-0.0002532847244360336,-2.9932560427467902e-05,0.9999999974521644,-5.5656000929046015e-05,0.00025328268975683923,5.5662485657008705e-05,0.9999999650868787
20:43:03:202,-1.017992423941031,1.2266708508360604,-9.514448395207184,0.999999975734769,8.054880778557381e-05,-0.0001944784676901229,-8.05587856059227e-05,0.9999999941217549,-6.059854606469297e-05,0.00019447376904938176,6.061541984264969e-05,0.9999999770490346
20:43:03:236,-1.0133106325194192,1.2287120378512102,-9.532292929656112,0.9999999833430869,7.945296789358707e-05,-0.00016714330806195536,-7.945411119915424e-05,0.999999997029673,-6.869379378213906e-06,0.0001671420758229032,6.8827554946110836e-06,0.9999999866219927
20:43:03:269,-0.9978997367293816,1.2259081173747826,-9.514295042089994,0.9999999808556181,3.544914188455732e-05,-0.00017492367043779735,-3.545190633531341e-05,0.9999999956466347,-6.5058571144971405e-06,0.0001749269028791356,6.510155496546582e-06,0.9999999827138027
20:43:03:302,-0.9942805580473801,1.2295023685136925,-9.484004636457007,0.9999999813446092,-3.624542022284034e-05,-0.00019682761327483646,3.6231643905912875e-05,0.9999999958445087,-8.210980429394604e-05,0.00019682801897023775,8.210438284296954e-05,0.9999999788420252
20:43:03:336,-1.0092296811773807,1.2282316976630736,-9.490634749541213,0.9999999530534617,2.32821251019249e-06,-0.00028762080464803504,-2.3704380082378837e-06,0.9999999900907741,-0.00013034846887185607,0.00028762495455156404,0.00013034510012223223,0.9999999442604814
20:43:03:369,-1.0149755122154676,1.2160546525091707,-9.48111474687059,0.999999921897723,-2.2053599093591027e-05,-0.00038953450058992154,2.1962703515623243e-05,0.9999999685233538,-0.00024353357688498665,0.0003895362801480116,0.00024352198418815994,0.9999998945036485
20:43:03:402,-1.010246769754777,1.2105343975023728,-9.50420697170699,0.9999999712173397,6.244801733682472e-05,-0.00023795093302438508,-6.252111560549641e-05,0.9999999539039888,-0.0002989608757065109,0.00023793449305432808,0.0002989789387385821,0.9999999287238566
20:43:03:436,-1.0213809026480478,1.1965338371953775,-9.549410662291878,0.9999999714962847,-4.288093229115197e-05,-0.0002370996039925769,4.2829719630346286e-05,0.9999999720459508,-0.00022363010837197432,0.00023710866394812487,0.00022361916686829443,0.9999999440176495
20:43:03:469,-0.999065271254096,1.2144728016881559,-9.527670305085973,0.9999999776952563,-5.5814154309618826e-05,-0.00019775713748121384,5.5805522188585306e-05,0.9999999988205402,-3.473700460327115e-05,0.0001977590290538248,3.472628115830663e-05,0.9999999801555075
20:43:03:502,-1.0104696751597657,1.2292703040203534,-9.52387111732207,0.9999999927546842,-5.579916550620979e-05,-0.00011339437324951618,5.5806585486022986e-05,0.999999996044008,5.895744032181611e-05,0.00011339131081387384,-5.896385392873487e-05,0.9999999915744603
20:43:03:536,-1.0124447206212377,1.219329703062014,-9.502143047725658,0.9999999942300623,-1.4633751626547318e-05,-0.00010079400473051489,1.4644099327023519e-05,0.9999999936943118,0.00010839927643506455,0.000100792347706215,-0.00010840084133443674,0.999999988654644
20:43:03:569,-1.0027167308845164,1.2098194007618805,-9.467432721078403,0.9999999954972988,-2.4170955164632156e-06,-9.581394936889011e-05,2.427337667497828e-06,0.9999999944596363,0.00010081621665757852,9.581512276970132e-05,-0.0001008169999187474,0.9999999906108197
20:43:03:602,-0.9961402399511321,1.2134625657006983,-9.489364820519349,0.9999999838567031,-2.8512076132339925e-05,-0.00016975287722062403,2.8512940492105135e-05,0.9999999985475071,1.1514036565487228e-05,0.00016975081608452882,-1.151815588355898e-05,0.9999999837975131
20:43:03:636,-1.002747983190007,1.2111149075480683,-9.488390059036451,0.9999999717158192,9.686110019639325e-08,-0.00023502534152029637,-1.1067319818182678e-07,0.9999999976277139,-6.397816277722066e-05,0.00023502531918808642,6.39769617837529e-05,0.9999999704097494
20:43:03:669,-0.9971425920523608,1.2287705688557427,-9.477073366179495,0.9999999800612633,1.4359780525435238e-05,-0.0001959659400693785,-1.4375538454678484e-05,0.9999999951221555,-8.029166064395097e-05,0.00019596339581758336,8.029368347624543e-05,0.9999999766320502
20:43:03:702,-1.0123850048665906,1.2248625829840252,-9.503619898001826,0.9999999883295586,1.9212582541883064e-05,-0.00014785480573377576,-1.9229114128210082e-05,0.9999999934642451,-0.00011349422327834761,0.00014785154347878704,0.00011349887786835447,0.9999999831991411
20:43:03:736,-0.9998334015466476,1.218710976577699,-9.518278889842483,0.9999999945369559,-4.673634685713948e-06,-8.798324365910997e-05,4.671708153881037e-06,0.9999999970244983,-2.225833106609118e-05,8.798664224430789e-05,2.225590252992466e-05,0.999999993268339
20:43:03:769,-0.9962304579034883,1.2252344816271192,-9.507506797915568,0.9999999931949328,2.229177698248197e-05,-7.685341911742839e-05,-2.2287892046299934e-05,0.9999999969200842,5.315138014286405e-05,7.685445676494223e-05,-5.31526628754877e-05,0.9999999943336445
20:43:03:802,-1.0149595602276669,1.2291888519093288,-9.48215049341145,0.9999999913483286,-4.649029406899461e-05,-0.00012910718123620128,4.649311018007093e-05,0.9999999986002999,1.9492648086699218e-05,0.00012910658809273494,-1.9496873838959113e-05,0.9999999918438978
20:43:03:836,-1.0204209070737424,1.208173372961713,-9.506838551289277,0.9999999942522624,3.4960994830163734e-05,-9.108341892368992e-05,-3.495918281742495e-05,0.9999999989931289,1.3562132769532103e-05,9.108482494202718e-05,-1.355930370243738e-05,0.9999999939877753
20:43:03:869,-1.0216270027108036,1.210542426994628,-9.518090664418589,0.9999999983161634,2.8708126768320078e-06,-4.064356301258861e-05,-2.8697255259167467e-06,0.9999999990340542,1.1988868601688941e-05,4.0642681166935304e-05,-1.1990079487778995e-05,0.9999999984447
20:43:03:902,-1.0134212216223035,1.2103798857016503,-9.531274827171558,0.9999999957766752,-2.4413302735696674e-05,-8.90708208367628e-05,2.441681319128234e-05,0.9999999983599296,4.054407201362054e-05,8.906939628750383e-05,-4.0546396930057054e-05,0.9999999951752501
20:43:03:936,-0.9875896242850019,1.2203010963735335,-9.509573693152154,0.9999999999856309,1.1528833284098341e-05,-7.823978208784475e-06,-1.152946935833045e-05,0.9999999998020215,-2.838752819297552e-05,7.824335213267224e-06,2.8389119315624803e-05,1.0000000000156966
20:43:03:969,-0.9723648412703079,1.2148719748798635,-9.505726266856927,0.9999999798714602,-4.995642626349362e-05,-0.00010155663975384097,4.995332227339513e-05,0.9999999980081852,-3.345398090370396e-05,0.00010155832890418592,3.344422814086877e-05,0.9999999804544775
20:43:04:002,-0.9542657325476965,1.222031869936342,-9.472568488746106,0.9999999569582227,-5.10725591798218e-05,-0.0003030721134094608,5.105738365811724e-05,0.9999999965486346,-5.469108389650482e-05,0.0003030739028921722,5.4675694970681664e-05,0.9999999575728865
20:43:04:036,-0.9696675395932849,1.2363908305558566,-9.448043242760477,0.9999999587502072,1.8559309648929984e-05,-0.000282321481129722,-1.8605462126723037e-05,0.9999999878673373,-0.00015622626900785945,0.00028231998292446497,0.0001562315947271601,0.9999999457850325
20:43:04:069,-1.011780982533236,1.227925999365781,-9.488152139537737,0.9999999457802795,-3.1225839122061054e-05,-0.0003264962212610127,3.117189360590423e-05,0.9999999830307552,-0.00016185781607183273,0.0003264985477894006,0.00016184889980957998,0.9999999314462638
20:43:04:102,-1.0065100186950957,1.2223865513127268,-9.521554012505657,0.9999999663177268,-7.724877678256613e-05,-0.0002465435958154504,7.72320680487836e-05,0.9999999944781078,-7.835429213176393e-05,0.00024654967793816615,7.833354121054007e-05,0.9999999671030422
20:43:04:136,-1.0135404135371155,1.2273269676684637,-9.515518956828478,0.9999999898947289,-3.2248445630607577e-06,-0.00014608388129171956,3.206187997231736e-06,0.99999999361933,-0.0001089063012132288,0.00014608579734771664,0.00010890722670094185,0.9999999823146082
20:43:04:169,-1.033329719034318,1.2033611440039074,-9.557402460588925,0.9999999859876978,-3.347544608651881e-05,-0.00014479864382422372,3.347114871363818e-05,0.9999999975459867,-5.26999151655804e-05,0.00014479999380345019,5.269303921402072e-05,0.9999999885031748
20:43:04:202,-1.0052751065317955,1.2077988352559057,-9.531342285456663,0.9999999783007925,-3.759907424995603e-05,-0.00017343109085298587,3.7608261116609234e-05,0.9999999858534453,9.443174171569679e-05,0.00017343502181916957,-9.44423419181285e-05,0.9999999746168001
20:43:04:236,-0.9864882639894325,1.2352193024815334,-9.515217897570821,0.9999999931374965,3.160269349189926e-05,-0.00010814211230637978,-3.15845482460666e-05,0.9999999790750915,0.0001881477627251702,0.0001081456289220186,-0.00018814308760766517,0.9999999730183929
20:43:04:269,-0.9739962480291718,1.23902061441711,-9.465869461995336,0.9999999853058987,-7.983050585831295e-07,-0.00017293807645106505,8.053687398302411e-07,0.9999999994758827,3.1476800070708626e-05,0.00017293490166452017,-3.1475772539369064e-05,0.9999999855133834
20:43:04:302,-0.9792997845816425,1.2471613583019314,-9.475391424508425,0.9999999757613806,-1.9891304902551433e-06,-0.00020336721254747043,1.9774089627228537e-06,0.999999996248498,-4.012027035233833e-05,0.0002033699704741579,4.0116292901176946e-05,0.9999999746442976
20:43:04:336,-0.9833841144963278,1.233440519712698,-9.514566080744254,0.9999999405764338,-6.856411622784198e-05,-0.00034022533306714606,6.85202490146015e-05,0.9999999897179918,-0.00013157436390526445,0.0003402339358279721,0.00013155208922578432,0.9999999348999105
20:43:04:369,-0.9633568769354847,1.2352525769527891,-9.462045040052967,0.9999999471057625,-2.0064763412922162e-05,-0.00032063758136386674,2.0018505064026948e-05,0.9999999880590031,-0.00014540327823916958,0.00032064086004029323,0.00014539595068238482,0.9999999362313197
20:43:04:402,-1.01109333391035,1.222047978069906,-9.490692400105788,0.9999999639085398,3.6437779984551106e-05,-0.0002676628408898114,-3.648629356353818e-05,0.9999999831799867,-0.00017571770416166622,0.00026765749947436375,0.00017572762280153095,0.9999999487220992
20:43:04:436,-1.0398551407952525,1.1984599888045182,-9.485577546912827,0.9999999679394159,4.1144740950956296e-05,-0.000245173959293039,-4.1199917999319766e-05,0.9999999711894698,-0.00023569359939711753,0.00024516431702562713,0.00023570438386871,0.9999999415195621
20:43:04:469,-1.0218756268534788,1.2183396974280072,-9.549274513051888,0.9999999869250495,2.9137305423485672e-05,-0.00015516600578588142,-2.9173421366554035e-05,0.999999971660823,-0.0002152318822819493,0.00015515974773692458,0.00021523700507064403,0.9999999609078876
20:43:04:502,-1.0160235849258357,1.223427690423462,-9.574627263457552,0.9999999922879771,3.055276562269645e-05,-0.0001082873509165712,-3.0548660707960544e-05,0.9999999994876391,4.0777598537009024e-05,0.00010828545925764076,-4.0773412132833805e-05,0.9999999944174793
20:43:04:536,-1.0006748018059308,1.230830247864446,-9.53917469401372,0.9999999995743515,-9.051248375055593e-06,-5.332882800166178e-05,9.06200536567875e-06,0.9999999812751005,0.0001889925982340298,5.3327694814673244e-05,-0.00018899241083698053,0.9999999801738076
20:43:04:569,-0.9662022900587189,1.2328273545680788,-9.518161503769383,0.9999999903695836,-5.508250495595337e-05,-9.975584566105764e-05,5.5104692623041575e-05,0.9999999702347886,0.0002388389330248067,9.974427862452308e-05,-0.0002388459825092843,0.9999999639766896
20:43:04:602,-0.9535003933391261,1.2212574740635065,-9.463424576232967,0.9999999794580007,-5.4652883701665315e-05,-0.0001985532516017867,5.468381167752681e-05,0.9999999860592804,0.00013870725109102767,0.00019854175222499897,-0.00013871796842965868,0.9999999709278452
20:43:04:636,-0.9697510980433943,1.2300425616845885,-9.433137743046366,0.9999999625821745,3.0292068153745065e-05,-0.0002574602271439126,-3.0315128863227303e-05,0.9999999979014293,-5.586289604905149e-05,0.00025746179931470325,5.5869872313123214e-05,0.999999960235105
20:43:04:669,-0.9929146600318135,1.2318418706611884,-9.437450796616327,0.9999999241396564,1.1540943871472615e-05,-0.0003941175898915054,-1.1653661547080193e-05,0.9999999528667625,-0.00029940967268364527,0.00039411254383556877,0.00029941423168378226,0.9999998778239769
20:43:04:702,-1.0108667436736802,1.2260130075854858,-9.498032975551585,0.9999999539082064,1.2464188178842093e-05,-0.00029749833153033453,-1.2592070579396032e-05,0.9999999150311284,-0.0004140381515974101,0.00029749330338429053,0.0004140424972232231,0.999999869063991
20:43:04:736,-1.0230107273547713,1.2192513535598755,-9.53644808153817,0.9999999822585841,-3.6674551710332343e-06,-0.00019259937517556456,3.6197179181369854e-06,0.9999999643202665,-0.0002605347064762352,0.0001926005036902753,0.00026053353764622053,0.9999999466756496
20:43:04:769,-1.0139596351450626,1.2078653857621444,-9.561829833947291,0.9999999833257585,2.3270474127576104e-05,-0.0001789652579635446,-2.3286621994550954e-05,0.9999999959835743,-7.814205701572084e-05,0.00017896468845866458,7.81463686472697e-05,0.9999999798166174
20:43:04:802,-0.9983093038777737,1.211240330364793,-9.549654858901977,0.9999999850387056,5.423794039455389e-06,-0.00016440270231206502,-5.4107680810926464e-06,0.9999999912190659,8.527763824424899e-05,0.0001643987728016491,-8.527628414807993e-05,0.9999999783552894
20:43:04:836,-0.9920142253501218,1.2142231608934164,-9.49260216396035,0.9999999853286788,-5.011911494118393e-05,-0.00016597795896092983,5.0158353210240925e-05,0.9999999763761813,0.00021514634723035847,0.00016596682291013384,-0.00021515549108294657,0.9999999644385077
20:43:04:869,-0.982196815705393,1.228382947014704,-9.457104233919473,0.9999999727044776,-3.084212479158092e-05,-0.0002247652845819271,3.086095168004317e-05,0.9999999880813892,0.00010897200043626013,0.00022476100478235848,-0.00010897810664054737,0.9999999619973242
20:43:04:902,-0.9915209789996743,1.2297957034689815,-9.462508991937543,0.9999999544813161,-1.6934982083947938e-05,-0.0002966046097231446,1.689556478907183e-05,0.9999999922800717,-0.00013343746621476642,0.00029660558961508573,0.00013343345527799238,0.9999999477034445
20:43:04:936,-0.994268011743238,1.2227413267102467,-9.460679503316365,0.9999999571247562,-2.6069847880801302e-06,-0.00029194283623348806,2.5367293388251665e-06,0.999999969415353,-0.00023929926491681152,0.0002919428404642704,0.00023929829204676382,0.9999999266294778
20:43:04:969,-1.0081868423869622,1.2167082490024939,-9.50057061935014,0.9999999558951476,-2.4150151526549323e-06,-0.00029927066020732205,2.3227984304020603e-06,0.9999999517666586,-0.0003114683862120277,0.0002992720323105434,0.00031146724032054716,0.9999999078289548
20:43:05:002,-1.0172833118699018,1.2131731636565881,-9.546287050379808,0.9999999747691118,-2.7753842203822595e-05,-0.0002129564240037874,2.769775429874145e-05,0.9999999675071599,-0.00025506929218140816,0.00021296127363582332,0.00025506419273870656,0.9999999438153394
20:43:05:036,-0.9995203632344326,1.198807882400128,-9.563781207813681,0.9999999980843068,-3.005049807915625e-05,-6.822644438633515e-05,3.0048249825236017e-05,0.9999999884921037,-5.769934251893376e-06,6.822637472297843e-05,5.767761553951225e-06,0.9999999880228507
20:43:05:069,-1.0019076500634336,1.2021450192331053,-9.551746195000472,0.9999999963009676,8.297549593467812e-06,-6.664819200586152e-05,-8.282477927372434e-06,0.999999977334281,0.0002327345139908335,6.664972413538682e-05,-0.00023273333479546216,0.9999999739828546
20:43:05:102,-1.006481825560616,1.2229430800495305,-9.509357613043182,0.9999999949669225,4.612247452143981e-06,-9.328609321152727e-05,-4.590216432235026e-06,0.9999999727043825,0.00021833726957660264,9.328557512694399e-05,-0.00021833428423365992,0.9999999696324816
20:43:05:136,-0.9918950612390898,1.2299471142758325,-9.451094871571076,0.9999999818711688,-3.680536785201293e-05,-0.0001620360108115294,3.681210772889971e-05,0.9999999856871199,0.00011195352806302266,0.0001620299624833394,-0.00011195901136706514,0.9999999691425154
20:43:05:169,-0.9892399094647097,1.2256595161145936,-9.460598658794247,0.9999999613907783,-1.8079208242544977e-05,-0.0002792534513969437,1.805394536909612e-05,0.9999999933820576,-0.00011744854919939137,0.00027925457931803375,0.00011744254749218995,0.9999999560577008
20:43:05:202,-1.0006826864819796,1.2260344513375967,-9.491606420162913,0.9999999759997712,1.940373092953303e-05,-0.0002169101441210819,-1.945272770537184e-05,0.9999999761998549,-0.00021346729849712893,0.00021690568159142337,0.0002134722089063624,0.9999999531571434
20:43:05:236,-0.9819570021947639,1.2169017519852598,-9.506990062840549,0.9999999717366681,1.6595462646730347e-05,-0.000237851510344013,-1.663996842951677e-05,0.999999982588457,-0.00018916997534187876,0.0002378492774359867,0.00018917395513254584,0.9999999543057516
20:43:05:269,-0.999240496666527,1.2107329768667412,-9.50153362242151,0.999999966944409,-2.3419698926480194e-06,-0.00025520070708376705,2.308510046809222e-06,0.9999999895733727,-0.0001320176500294431,0.0002551983931370266,0.00013201691326493654,0.9999999576395964
20:43:05:302,-1.0064236968455178,1.2196619807981297,-9.527988629855543,0.9999999644624271,-2.026234241734748e-05,-0.0002591752136734645,2.02556156234118e-05,0.9999999975357877,-2.7663249136860084e-05,0.0002591760614683512,2.7657109701303288e-05,0.9999999649581185
20:43:05:336,-1.0084487771098893,1.2117472189421912,-9.524448454681332,0.9999999726045045,4.98431017539731e-05,-0.00022709540819409928,-4.983674103365587e-05,0.9999999982792597,2.334374650426671e-05,0.00022709512724364625,-2.3333199119010202e-05,0.9999999730968466
20:43:05:369,-1.007578221683671,1.2110484552853829,-9.54085460426938,0.9999999857434307,-1.1617402793776995e-06,-0.00016408570521726952,1.1699011464697566e-06,0.9999999983228559,5.0694763092980053e-05,0.00016408561637770589,-5.06948052906208e-05,0.9999999847914354
20:43:05:402,-1.0059108286896357,1.2248455884619098,-9.525361577636781,0.9999999927223475,9.12965264993478e-06,-0.00011220632104087569,-9.125026582214389e-06,0.9999999982402191,4.270318719562122e-05,0.00011220640121281173,-4.270107150775253e-05,0.9999999924747665
20:43:05:436,-0.9857381868003069,1.2234616077592486,-9.504113497661265,0.9999999900137782,3.5635295062808984e-05,-0.0001340636443327056,-3.5630280579373215e-05,0.9999999982174465,3.3968722317800696e-05,0.00013406510746694064,-3.396356565192346e-05,0.9999999899801696
20:43:05:469,-0.9897933438949236,1.2237281027750657,-9.486599835301769,0.9999999847586807,-1.4998611746264832e-05,-0.00017369670200158277,1.5007667564911777e-05,0.9999999993827972,5.558937163420119e-05,0.00017369664842417133,-5.559194751711574e-05,0.9999999838150773
20:43:05:502,-0.988778188256407,1.2169639141416764,-9.478339917911537,0.9999999773862822,1.7402705404779868e-06,-0.00020725562263146436,-1.7394903577607833e-06,0.9999999975525147,-6.525270044620353e-06,0.0002072534128407083,6.524609984078982e-06,0.9999999759703133
20:43:05:536,-0.9991487623505755,1.2184653355777397,-9.495467590296663,0.9999999805048577,2.6991218538602656e-05,-0.00018605987455006954,-2.701307793623998e-05,0.9999999924817523,-0.00012125101984761306,0.0001860570484615028,0.00012125468862735313,0.9999999744355164
20:43:05:569,-1.0186108664915499,1.2194015139978809,-9.509434241809858,0.9999999778759796,-4.436310506735846e-05,-0.00020801550160586368,4.4339529715950435e-05,0.9999999930025866,-0.00011165425589078207,0.000208020086634404,0.00011164548800868296,0.999999972087275
20:43:05:602,-1.0055160770188958,1.224509491361399,-9.517862766461878,0.9999999809164714,-3.281009778856902e-05,-0.00018911848598697733,3.279687012658422e-05,0.999999995797296,-7.040599693518885e-05,0.00018912186375883702,7.039956116427843e-05,0.9999999792503197
20:43:05:636,-0.994349943858598,1.2297400770435898,-9.51890741320257,0.9999999891464072,2.5535195243131994e-05,-0.00014407399066406574,-2.5538020557392995e-05,0.999999999319624,-2.1580736948689776e-05,0.00014407365365951352,2.158498290199089e-05,0.999999988860439
20:43:05:669,-0.986146787920005,1.2293028079334989,-9.495248648238357,0.9999999896952868,-1.0292263509998336e-05,-0.00013512686068646994,1.0296048162480503e-05,0.99999999877908,1.7342872337867846e-05,0.00013512576796379801,-1.7345455716523878e-05,0.9999999893972271
20:43:05:702,-0.9794094398786255,1.210770814129277,-9.487133673619528,0.9999999847997344,-4.3071354244977056e-05,-0.0001669237606995346,4.307756582500176e-05,0.9999999977443249,3.451012684828839e-05,0.00016692285484390013,-3.4516721704511975e-05,0.999999984856019
20:43:05:736,-0.9853177355484031,1.225483691731221,-9.496442949398078,0.9999999848394462,-3.880107753328647e-06,-0.00016508106253361216,3.874836733721875e-06,0.999999998930735,-3.291949012983758e-05,0.00016508081409864303,3.292058753374249e-05,0.9999999860062251
20:43:05:769,-0.9991135577023877,1.2062346429094601,-9.467903380187385,0.9999999617525449,2.4614372492654707e-05,-0.00027494438946307003,-2.4640278910548297e-05,0.9999999943973457,-9.011616752170067e-05,0.00027494216182389686,9.012224457525206e-05,0.9999999569784803
20:43:05:802,-0.9995368972941634,1.2166619953748978,-9.497463728138408,0.9999999404497764,1.9616055826572643e-05,-0.00034544070747637027,-1.96790898127042e-05,0.999999983127814,-0.0001856037934562609,0.0003454368045104465,0.0001856107742507028,0.9999999241001192
20:43:05:836,-1.0057332981164713,1.2347400349360362,-9.510449048603126,0.9999999532246387,2.3780080131607254e-05,-0.00030101244966831704,-2.3834907577751826e-05,0.9999999833803123,-0.0001775656730627155,0.000301008146036605,0.00017757383150576373,0.9999999374688731
20:43:05:869,-1.014974066804055,1.2212815334743674,-9.537176509232651,0.9999999767902791,-2.0463380988806184e-05,-0.00021252077470706803,2.0443616100988644e-05,0.9999999940749746,-9.22018275744622e-05,0.00021252438111660392,9.219491040669191e-05,0.9999999725728299
20:43:05:902,-1.0121562322881341,1.221895730351434,-9.554057738008982,0.9999999852225996,-5.3347729164624726e-05,-0.0001265863164743982,5.3343365950379016e-05,0.9999999970550542,-9.008240154247977e-06,0.00012658788313690586,8.998989577618385e-06,0.9999999876578007
20:43:05:936,-1.0199617763088684,1.221764494891684,-9.526592443501727,0.9999999988572664,-4.199941881721632e-05,-2.4468586510706247e-05,4.2001669967123025e-05,0.9999999960753085,6.065590712004863e-05,2.4466176544685317e-05,-6.065566237771663e-05,0.999999998132627
20:43:05:969,-1.0002081256029014,1.2118577221932825,-9.507229368520902,0.9999999951612305,-2.3235475917217843e-05,-6.787753263333593e-05,2.324002526967189e-05,0.9999999935987862,0.00010728727635689501,6.787464169240152e-05,-0.00010728860267327239,0.9999999896690082
20:43:06:002,-0.9670848237597948,1.2234900432817926,-9.491174924740482,0.9999999908004233,-4.128980446897966e-05,-0.00012282281363384454,4.1288736754176474e-05,0.999999995497406,1.8423582933096907e-05,0.00012282034999634516,-1.8427858288019658e-05,0.9999999880769401
20:43:06:036,-0.9649115632042233,1.2285475200952027,-9.458232389323616,0.9999999793940322,1.795700152842339e-05,-0.00020211884740261254,-1.7978912113749407e-05,0.9999999945312533,-0.00011470001851939418,0.00020211758528559584,0.00011470352319381386,0.999999974544085
20:43:06:069,-0.9822005357201027,1.230990980381615,-9.464983225081552,0.9999999686279268,5.4382701556500294e-05,-0.00024209153662555624,-5.4412853918182475e-05,0.9999999901355261,-0.00012056751366742329,0.0002420838107192767,0.00012058113911585371,0.9999999624226408
20:43:06:102,-1.0037043333214593,1.2264016210108755,-9.499507848052115,0.9999999702117763,7.358211471792261e-06,-0.0002384350786635596,-7.388733103844972e-06,0.9999999901585809,-0.00013122185896897865,0.00023843435858213113,0.0001312244862717188,0.9999999637856862
20:43:06:136,-1.0204834010845791,1.2220506618215417,-9.523464937276065,0.9999999805477001,-4.500536608479492e-05,-0.00018740727230128097,4.498641085056055e-05,0.9999999937356836,-9.499381551029775e-05,0.00018741278947682498,9.498382620757475e-05,0.999999976004374
20:43:06:169,-1.0117333862303326,1.205445520575272,-9.529788548170673,0.9999999880705299,-1.1698442257281902e-05,-0.00014335593550510384,1.1693122478537428e-05,0.9999999990679018,-3.365037691144923e-05,0.00014335622447863542,3.3648728383291264e-05,0.9999999878217085
20:43:06:202,-1.003560269405074,1.2177119180861986,-9.52268307755725,0.9999999779867199,-9.469684649982477e-05,-0.00019164992337648403,9.469317023925749e-05,0.9999999935228041,-1.6018868312377842e-05,0.0001916492476652892,1.6002167065340837e-05,0.9999999792442714
20:43:06:236,-0.9863569884673725,1.2351095339121074,-9.516095043401751,0.999999980716702,-5.984891777955053e-05,-0.00016943841670790993,5.986107858143463e-05,0.9999999946948444,6.863651674934894e-05,0.0001694348695697498,-6.864977376360866e-05,0.9999999835717059
20:43:06:269,-0.983400464616548,1.2254907257876575,-9.479757247531195,0.9999999881107323,5.844885526444054e-05,-0.00013920099289441582,-5.844828501696527e-05,0.9999999980397579,1.8955346868764882e-05,0.00013920282898117133,-1.8947279444003256e-05,0.9999999884120684
20:43:06:302,-0.9860462279621951,1.2228866489822559,-9.465726066465276,0.9999999708041116,1.830960032359256e-05,-0.00023351533407300364,-1.8339470463765244e-05,0.9999999887760546,-0.00012645958432781467,0.00023351549662731523,0.0001264623103339223,0.9999999635985085
20:43:06:336,-1.003128448838638,1.215645010164736,-9.497953436258776,0.9999999709237595,7.177948644403246e-06,-0.00024134843243913922,-7.2262299612039775e-06,0.9999999808030475,-0.0001986384858688744,0.00024134688887590482,0.00019864010457540626,0.99999995119321
20:43:06:369,-1.015475994187589,1.2246844628993505,-9.531476827665767,0.9999999748414712,-9.525484446037506e-06,-0.00021610808261256293,9.488641711727557e-06,0.99999998342395,-0.00016751894581366387,0.0002161091098575163,0.00016751698194329153,0.9999999618100592
20:43:06:402,-0.997619672732894,1.2258597009464631,-9.51838773682482,0.9999999708927331,-8.014990443988504e-05,-0.00022737119045102943,8.012005615504294e-05,0.999999986936198,-0.00013540051450297924,0.0002273843622800346,0.0001353826703037096,0.9999999644225497
20:43:06:436,-0.9991408033330789,1.2241183737484727,-9.527619872265168,0.9999999806431086,-5.392321942632547e-05,-0.00017675340672693472,5.392528594864629e-05,0.9999999942702097,3.8241744400046096e-05,0.00017674552475678093,-3.824847385073003e-05,0.9999999795148351
20:43:06:469,-1.0012010443805373,1.226554789969349,-9.520470659749133,0.9999999856416604,-6.423524111927203e-05,-0.00014104314132734388,6.425782386460117e-05,0.9999999849893015,0.00015473076632025856,0.00014103393402441702,-0.0001547384256157486,0.9999999779120694
20:43:06:502,-1.0076684905899964,1.2224436034171895,-9.4982825480929,0.9999999727210517,3.17713696569792e-05,-0.00023544128083781524,-3.1752026984340906e-05,0.999999995997295,8.091720769519699e-05,0.00023544499152472112,-8.091213648561442e-05,0.9999999687949236
20:43:06:536,-1.0120679267966775,1.212888780418832,-9.502004470184017,0.9999999832213115,-7.919906232329143e-06,-0.00017785941996740852,7.925835162977977e-06,0.9999999998629053,1.701524530123446e-05,0.00017785854284809582,-1.7016622940996283e-05,0.9999999825717022
20:43:06:569,-1.0050188801496354,1.2184966729468645,-9.492987412840257,0.9999999887644927,5.49221140706866e-06,-0.0001391026587533924,-5.510561248207877e-06,0.9999999920722462,-0.00010503140885507588,0.00013910318457392864,0.00010503284332346974,0.9999999833043383
20:43:06:602,-0.9866698191166786,1.225172838189915,-9.490685940748463,0.9999999658631777,-3.635870576695595e-05,-0.00025191528705681686,3.631823528834727e-05,0.999999981475336,-0.00017129011976313454,0.00025192093475964056,0.00017128237450887512,0.9999999538822889
20:43:06:636,-0.9850501437498783,1.2230062792677936,-9.499350729530764,0.9999999698929942,-1.5567335728080253e-05,-0.000228508122483327,1.5542379750852862e-05,0.9999999926684314,-0.00010788950363862378,0.00022850923089202566,0.00010788242594893927,0.9999999673903021
20:43:06:669,-0.9961447853705663,1.2173174737741568,-9.508955806486519,0.9999999844761719,9.204555786102379e-05,-0.00015907427288080748,-9.205674425587378e-05,0.9999999921329692,-7.672992734767211e-05,0.00015906626597099,7.67454712704226e-05,0.9999999832802263
20:43:06:702,-1.000554539807894,1.2251710521819847,-9.519153393737648,0.9999999835321288,-4.63016906880321e-06,-0.00017462899384201706,4.630144409918472e-06,0.999999999203642,5.203428437423776e-06,0.00017463188306002714,-5.2040578232541224e-06,0.9999999849947389
20:43:06:736,-0.9896623410622568,1.2269760290626288,-9.518561326313025,0.9999999820303788,-4.788641294686498e-05,-0.00018200072080295913,4.7889155398275684e-05,0.9999999983935699,8.049127876515482e-06,0.00018200009721914602,-8.057014995528393e-06,0.9999999821965825
20:43:06:769,-0.9869151190551182,1.2235236802849552,-9.497312997309347,0.9999999765805312,2.1799906769584518e-05,-0.00020547271817378192,-2.178914518991542e-05,0.9999999974522014,5.108189429254405e-05,0.00020547331781538424,-5.10800240364422e-05,0.9999999769559135
20:43:06:802,-0.9829085293528572,1.2201931337559728,-9.491739448073183,0.9999999853139816,8.247134426650132e-05,-0.00014958601596619888,-8.247363997070467e-05,0.9999999955830541,-7.076149264931998e-06,0.00014958729834585823,7.089031247185022e-06,0.9999999883133528
20:43:06:836,-0.9924186188565806,1.2170394572742793,-9.501458413762588,0.999999974007807,1.1901824346063013e-05,-0.00022890963063167797,-1.1922769902635218e-05,0.999999995881569,-9.434725989405872e-05,0.00022890767106103943,9.435002560817e-05,0.9999999698188728
20:43:06:869,-0.9919210495417471,1.212307010835921,-9.500197381148721,0.9999999711329293,-3.6677032777581405e-05,-0.0002358588196728146,3.6648012803606955e-05,0.9999999915855929,-0.0001223319042521614,0.00023586305274500384,0.00012232348370664486,0.9999999641577052
20:43:06:902,-0.9924919760011139,1.2289800216880415,-9.509015699694615,0.9999999804965527,-2.565210904148155e-05,-0.00019367555251597563,2.5632595870212968e-05,0.9999999935490567,-0.00010264450723326418,0.00019367816495975066,0.00010263936791154401,0.9999999758250454
20:43:06:936,-1.0010214667983022,1.2234484054892607,-9.515085566849132,0.9999999832212362,4.845101064032505e-05,-0.00017724699175025258,-4.846442023169756e-05,0.9999999965126432,-7.603992128529237e-05,0.00017724328685478087,7.60481305021548e-05,0.9999999813213207
20:43:06:969,-1.0050429729438666,1.2124000340994436,-9.523844591258209,0.9999999895585616,1.3783372879023335e-05,-0.00013644556743583927,-1.3790768653144352e-05,0.9999999969050619,-5.275762829475547e-05,0.00013644379426813798,5.275965240140595e-05,0.9999999889674336
20:43:07:002,-0.9882817108477224,1.2092088639414071,-9.508718561240688,0.9999999844247079,-3.573549800586092e-05,-0.0001642007172048124,3.5731892195889204e-05,0.9999999991088722,-1.9293501739421803e-05,0.00016420119671614963,1.9289341854568038e-05,0.9999999862530231
20:43:07:036,-0.9955755030805017,1.2190210835012314,-9.50060163554831,0.9999999714979498,5.509519253996957e-05,-0.00023297431848350256,-5.5115233055194816e-05,0.9999999925561006,-9.177325808084453e-05,0.0002329699457805972,9.178399815217827e-05,0.9999999671365343
20:43:07:069,-0.9964274562803809,1.227047729172894,-9.48750708485538,0.9999999738842473,-1.2469331419842932e-05,-0.0002079498626471153,1.2442859321325215e-05,0.9999999920811841,-0.00011733170486059298,0.00020794667049373812,0.00011732787563180208,0.9999999733452318
20:43:07:102,-0.979386205701543,1.2153106263599434,-9.500554814702845,0.9999999720909915,-0.0001061873381708939,-0.00021416254172329567,0.00010621740087029912,0.9999999800547039,0.00013031895905086673,0.00021415418602484116,-0.00013034067808275114,0.999999961711311
20:43:07:136,-0.9938963735231947,1.204811286012412,-9.541732084870597,0.9999999638326974,-6.05104615881324e-05,-0.0002584542421389034,6.058620856816529e-05,0.9999999553390171,0.00030149449970447314,0.00025843301410328904,-0.0003015114310723364,0.9999999241276216
20:43:07:169,-1.0207651561146158,1.2340227461032924,-9.496846400502593,0.9999999711736638,-5.317230220972444e-05,-0.00022407093501079737,5.319702350015016e-05,0.9999999910633892,9.186479843984476e-05,0.00022406409429453014,-9.187869578504017e-05,0.9999999663562594
20:43:07:202,-1.011611830591546,1.240549322495534,-9.509230422072722,0.9999999921296507,-1.4988433769060192e-06,-0.0001288458652778787,1.4910091558765712e-06,0.9999999996624451,-4.6336993132426996e-05,0.0001288470655233272,4.633695378267979e-05,0.9999999918466477
20:43:07:236,-1.0008987184509954,1.2397685741879272,-9.507257815879296,0.9999999943909393,3.3196098980769373e-06,-8.32042322313572e-05,-3.318713111805354e-06,1.00000000008604,1.4975584897232217e-05,8.320326210990738e-05,-1.497643231889348e-05,0.9999999957846114
20:43:07:269,-1.0126582656261724,1.228693736817853,-9.499670505142435,0.9999999921068703,-3.10558040372392e-05,-0.0001045336451951307,3.1042083232873466e-05,0.9999999899067044,-8.55202398458153e-05,0.00010453670992506206,8.55168029464083e-05,0.9999999827197023
20:43:07:302,-0.9973008958788413,1.229458855821142,-9.472327649631877,0.9999999834865198,-3.959535511107031e-05,-0.00017601024941987962,3.953659579849488e-05,0.9999999455989349,-0.0003361133320543278,0.00017602423499638072,0.000336105999295881,0.9999999306167702
20:43:07:336,-0.9894390682158652,1.212047060230685,-9.474122482867823,0.9999999643042523,-1.2097430771383433e-05,-0.00026547526853167274,1.1978986622681702e-05,0.9999998980287429,-0.000447321464510107,0.00026548035399926405,0.0004473187677867786,0.9999998638255397
20:43:07:369,-0.9997906285042826,1.227267986899207,-9.507189960637648,0.9999999626747279,3.396763464798597e-07,-0.0002683059188997064,-4.928529383938712e-07,0.9999998281834044,-0.000576375110531356,0.0002683111547034504,0.0005763759462241587,0.9999997928532743
20:43:07:402,-1.0124045190220852,1.2000939843384573,-9.500506565299903,0.9999999683697266,-6.936471727909393e-05,-0.0002455795257562635,6.919218548241567e-05,0.9999997530480721,-0.0007046066599762218,0.00024562460139557896,0.0007045897404575597,0.9999997249453633
20:43:07:436,-0.9919356767434544,1.1623653030044137,-9.54815716679789,0.9999999760150472,-3.3805724266390784e-05,-0.00021126723641637786,3.368020545408912e-05,0.9999998245419097,-0.0005798261218204833,0.00021129323208219204,0.0005798179021620297,0.9999998027668703
20:43:07:469,-0.9996638250213662,1.168533340261278,-9.562352794977176,0.9999999887564325,-2.3489956873480382e-05,-0.00014754310464754725,2.3450515611204185e-05,0.9999999550716921,-0.00028318394298435337,0.00014754667137826283,0.0002831814942488707,0.999999945206386
20:43:07:502,-0.9837690504131132,1.1679364831860943,-9.532711740125649,0.999999992653564,-3.962660701569729e-05,-9.678692499490693e-05,3.961835099749896e-05,0.9999999964232515,-4.8770389267355975e-05,9.679250691718561e-05,4.876536259121487e-05,0.9999999922101535
20:43:07:536,-0.9844845912453887,1.184324483956856,-9.502867837701,0.9999999981206392,-1.5940472563328405e-06,-6.129689090138301e-05,1.595896146362687e-06,0.9999999998312278,2.7992052493800897e-05,6.129583465172121e-05,-2.799244322269019e-05,0.9999999975286303
20:43:07:569,-0.9885397197527228,1.1821605304275398,-9.521089620015578,0.9999999926705645,1.503075758726628e-05,-0.00010734636211507527,-1.5026669634734293e-05,0.9999999968158526,3.829023971175341e-05,0.00010734866090949298,-3.828824753994518e-05,0.9999999928602241
20:43:07:602,-0.9817512933598039,1.1657619788319487,-9.499235209618552,0.9999999845293519,5.055404510668243e-05,-0.00014574879792989378,-5.05452470270736e-05,0.9999999929394355,7.266098311866697e-05,0.00014575501732869942,-7.265741762591874e-05,0.9999999849706389
20:43:07:636,-0.9946161990050921,1.1913287123106004,-9.47992415938791,0.9999999762309928,-2.9660127835623743e-05,-0.0002214575005645149,2.965033443292604e-05,1.000000000033629,-4.949713486793381e-05,0.00022145493456732581,4.949229067338615e-05,0.999999975898464
20:43:07:669,-0.9987819626374113,1.195568308854591,-9.48172816953616,0.999999979120278,9.935691880908372e-06,-0.00019788106808078256,-9.974401606289392e-06,0.9999999760332701,-0.00019869674080179471,0.00019788332035031007,0.0001986978883453306,0.9999999564199717
20:43:07:702,-1.0067805649815125,1.1914319740748234,-9.497414234153197,0.9999999763235279,-2.0521405431903204e-05,-0.0002076915808775823,2.045265970411599e-05,0.9999999462965106,-0.00032825398351101463,0.0002076971512542855,0.0003282486273976935,0.999999924772882
20:43:07:736,-1.0223139905452583,1.1772025002987874,-9.512907912774477,0.9999999775767787,1.9913490647943624e-05,-0.00021002338529304803,-1.9982327342837474e-05,0.9999999461621402,-0.0003289037740619653,0.0002100181894942375,0.00032890838030841246,0.9999999232041545
20:43:07:769,-1.0127027282194558,1.169176721415893,-9.550112835677465,0.9999999866690505,-2.0710990193339385e-05,-0.00015586003158730513,2.065961059188589e-05,0.9999999396418768,-0.0003376242925090197,0.0001558636999874627,0.00033761979940836085,0.9999999288467107
20:43:07:802,-1.0055957762840764,1.1509993764785862,-9.536670122420203,0.9999999875485982,-3.602035121331701e-05,-0.0001381936914290033,3.598757559612971e-05,0.9999999674447402,-0.0002306445860578706,0.00013819736357818997,0.00023063896651736348,0.9999999599642724
20:43:07:836,-0.9914563437227195,1.155697181432845,-9.544558401832397,0.9999999913914366,-4.124071177206265e-05,-0.0001211974001866439,4.123874264754505e-05,0.9999999972482937,-4.4417585666610964e-05,0.00012119919203117985,4.44119202358469e-05,0.9999999903114679
20:43:07:869,-0.9716709170833742,1.1552343185052867,-9.504789139716971,0.9999999842339805,-2.8907924377392928e-05,-0.0001713016295440132,2.8909825945541236e-05,0.9999999962333821,1.429644678975223e-05,0.00017130056268186358,-1.4301186401507708e-05,0.9999999831129973
20:43:07:902,-0.9805756853031032,1.161323870245562,-9.488086190150467,0.9999999787290957,-5.2547564233636135e-05,-0.00018807347836915681,5.2535295807432285e-05,0.9999999949124339,-6.534940425494645e-05,0.0001880740941598899,6.533598505229246e-05,0.9999999798934902
20:43:07:936,-0.9692857285231962,1.1430931293226247,-9.521208223574922,0.9999999522105458,-7.461492620291294e-05,-0.00029041774930974956,7.464661520987876e-05,0.9999999873784927,0.00011384394139536546,0.0002904161251882572,-0.00011386323551736018,0.9999999505113722
20:43:07:969,-0.9749348879740785,1.149113446863041,-9.503153599069343,0.9999999611929379,1.6770739848483212e-05,-0.0002637449970251018,-1.6720816420655354e-05,0.9999999848554436,0.00017193937946006395,0.0002637482028029199,-0.0001719314968057713,0.999999945945486
20:43:08:002,-1.0127031676298737,1.171076843171005,-9.509607709258308,0.9999999865598977,-4.005306783667179e-05,-0.00016388986022939495,4.005761971747317e-05,0.9999999979255894,4.5581057925899364e-05,0.00016388549352564706,-4.558901106578005e-05,0.9999999864528628
20:43:08:036,-1.0091471882330372,1.178957624119423,-9.51828083557906,0.9999999821218889,-2.733237286927119e-06,-0.00018779071188750916,2.7301649814645205e-06,0.9999999999603298,-2.176960823089796e-05,0.00018779240859849723,2.1769459889908925e-05,0.9999999817262579
20:43:08:069,-1.01834607901362,1.1756177027421755,-9.517880779919667,0.9999999909425116,5.293028809021513e-06,-0.00013323533056758648,-5.298410166457394e-06,0.9999999984918638,-4.076677470985472e-05,0.00013323304406014086,4.076845872667486e-05,0.999999990078733
20:43:08:102,-0.9932954033400448,1.154617130107487,-9.517416284919054,0.9999999802348422,7.0332196304464254e-06,-0.00017990401627045817,-7.057697279276176e-06,0.9999999906183006,-0.00012130902508876471,0.00017990514408713164,0.00012130816905746609,0.9999999733513154
20:43:08:136,-0.9887174142159755,1.1674527082495583,-9.487298709759735,0.9999999636655924,-2.9672980005150727e-05,-0.0002657935713603138,2.9626334101562484e-05,0.999999982524009,-0.00017886174647066105,0.0002657987850598062,0.00017885526067743207,0.9999999500676439
20:43:08:169,-0.9902839002904277,1.1811025943388245,-9.52185441002333,0.9999999612287211,4.561263396449613e-05,-0.00027349714282588934,-4.564834641783085e-05,0.9999999897796502,-0.00013123133446503408,0.0002734895186033802,0.00013124300036210376,0.9999999528586949
20:43:08:202,-0.9927585612107908,1.1789690866585405,-9.504861625770728,0.9999999595017748,-1.821351613338851e-05,-0.00028655723781023353,1.819960930509831e-05,0.9999999992435721,-4.8116854878610655e-05,0.00028655895683423236,4.81124156202248e-05,0.9999999584318534
20:43:08:236,-0.9977444935003174,1.165706938145461,-9.528583068426435,0.9999999779257042,4.689767505614608e-05,-0.00019436617293677806,-4.689893663092893e-05,0.9999999978560192,3.900478914708022e-06,0.00019436741820925518,-3.893326934605765e-06,0.9999999790689825
20:43:08:269,-1.0052218298359277,1.16953708670402,-9.524765508720003,0.9999999886399387,8.462161279521075e-05,-0.00012346914354861385,-8.460712612132931e-05,0.999999990623664,0.00010741282563212135,0.00012347791307697046,-0.00010740235811012917,0.9999999873834171
20:43:08:302,-1.0117002824240848,1.1735112881074279,-9.515857356357042,0.9999999877540567,5.357436754601913e-05,-0.0001430409843346038,-5.356217059526536e-05,0.9999999904378739,8.398463261687642e-05,0.0001430475425619505,-8.397677773921827e-05,0.999999982316473
20:43:08:336,-0.9948861024779089,1.168437158905074,-9.507258225197397,0.9999999855731867,1.2372389444656978e-05,-0.00016033131619758146,-1.2372648145567403e-05,1.000000001466452,-7.15246576021724e-06,0.00016033002722798582,7.152721396207946e-06,0.9999999884912996
20:43:08:369,-0.9938586653535464,1.1718363263226874,-9.50977177065184,0.9999999792967635,-2.2848359739948905e-05,-0.00019932575811567555,2.2843322713192704e-05,0.9999999939923558,-3.731867763699716e-05,0.00019932377502966168,3.731410265988232e-05,0.999999974426637
20:43:08:402,-0.9927884974212033,1.1724361884911294,-9.499180613547445,0.9999999842267397,1.6839205693719916e-05,-0.00017190264524616667,-1.6873575321741517e-05,0.9999999834830049,-0.000187733988022804,0.00017190020583578681,0.00018773690283629206,0.9999999687382114
20:43:08:436,-0.9930335311201705,1.1647681619290686,-9.524150755444612,0.9999999675086105,-3.564702095310065e-05,-0.0002545749802336467,3.561466775166851e-05,0.9999999906452327,-0.00012670602977853828,0.00025458022291617827,0.00012669728953684887,0.9999999595019488
20:43:08:469,-1.00341840454442,1.1815086388546114,-9.539169520828695,0.9999999730424781,-2.82981493957213e-05,-0.00022280373928252497,2.8278067926917776e-05,0.9999999958669245,-8.483578150664387e-05,0.00022280602177524527,8.482865253144681e-05,0.9999999698556098
20:43:08:502,-0.9868884494214779,1.1761989405320297,-9.526488356549383,0.9999999880628129,4.2933184637024595e-06,-0.00015384666257960229,-4.298510486342482e-06,0.9999999991048715,-3.929590486472486e-05,0.00015384657858959406,3.929708986925485e-05,0.9999999873542313
20:43:08:536,-1.00125820338797,1.1727369779910692,-9.523201843512139,0.9999999782392169,3.733489885622063e-05,-0.00020314147347727507,-3.7337591976057195e-05,0.9999999994223251,-1.1110019507303366e-05,0.00020314077485846714,1.1117541983556744e-05,0.9999999790085196
20:43:08:569,-1.0048031498961705,1.1792141150110012,-9.506965584845274,0.9999999787275241,2.8462388753991536e-05,-0.0002033937002933598,-2.8470286228771198e-05,0.9999999982362567,-3.950582347385468e-05,0.0002033929765326747,3.951199740063039e-05,0.9999999783420693
20:43:08:602,-1.0119104857722268,1.1711018852414237,-9.510299396610185,0.9999999821559928,2.280899320242961e-05,-0.00018244996269143118,-2.2818993982843524e-05,0.9999999977115714,-5.240394292458205e-05,0.0001824493997089575,5.240779462080878e-05,0.9999999812861441
20:43:08:636,-0.9927319871702948,1.153697028990402,-9.507054445790192,0.9999999831851538,4.380394528918166e-05,-0.00017282450504731798,-4.38129487847041e-05,0.9999999974618801,-4.644441105189122e-05,0.00017282291606631492,4.645157786966434e-05,0.9999999827496096
20:43:08:669,-0.9900493439069193,1.1631131377578032,-9.522214804862216,0.9999999800502479,2.013147963854495e-05,-0.00019752503943824807,-2.0145897422170323e-05,0.9999999963943361,-6.92856196487984e-05,0.00019752436870603616,6.928932032950086e-05,0.9999999771971132
20:43:08:702,-0.9837639018205974,1.17894482865021,-9.5201091856541,0.9999999832538702,4.625529947135546e-05,-0.00017351332686963775,-4.625795504015924e-05,0.9999999987094694,-1.1059902318962394e-05,0.0001735129341037341,1.1067717705599928e-05,0.9999999842387317
20:43:08:736,-0.9929241116414949,1.1807792670427617,-9.514256285669228,0.9999999752252327,3.1130298823421935e-05,-0.00021475026503614642,-3.113919242610792e-05,0.9999999983494028,-4.464461981816273e-05,0.00021474898707363573,4.465201829464861e-05,0.9999999747526237
20:43:08:769,-0.9976975918677923,1.1735821667098874,-9.490774513186402,0.9999999773457671,4.0796884817386976e-05,-0.00020248036624976036,-4.080742559354421e-05,0.9999999969393767,-5.6196568461394055e-05,0.00020247848763221905,5.620538399207684e-05,0.9999999760096842
20:43:08:802,-0.997192479484946,1.168538822635906,-9.503825840710654,0.999999971873467,4.5223786176801405e-05,-0.0002319685252933273,-4.523885264453494e-05,0.9999999956032019,-6.48676541708129e-05,0.00023196633825541994,6.487807774804293e-05,0.9999999701030762
20:43:08:836,-0.991539537490659,1.1752068575265897,-9.493689461032378,0.9999999748422452,3.831380656081341e-05,-0.00021426306842052745,-3.8320281023371e-05,0.9999999963040306,-3.3291163560685046e-05,0.00021426509713092393,3.3300250709199437e-05,0.9999999751645564
20:43:08:869,-0.9995531362920493,1.171498248687167,-9.518848920237742,0.9999999786186473,-4.293150467561789e-05,-0.00020438585104096973,4.292009017217138e-05,0.999999996147589,-5.4514794863655866e-05,0.00020438633798051858,5.4505837322585305e-05,0.9999999756452844
20:43:08:902,-0.9991334589886608,1.1658463116208597,-9.539171722050703,0.9999999751548948,-4.292788472250342e-05,-0.00021483243555422748,4.293979645160117e-05,0.9999999985556398,5.0551071615121376e-05,0.00021483050716599223,-5.056016875292805e-05,0.9999999758682285
20:43:08:936,-0.9984849585878716,1.1630992445588435,-9.527404359666162,0.9999999863968203,-7.087698562288178e-06,-0.00015213307387661299,7.0960894897515774e-06,0.9999999976427562,4.7144253201914426e-05,0.0001521329235869195,-4.714499859342503e-05,0.9999999847305299
20:43:08:969,-1.0009315318646321,1.1767968678253289,-9.51875830763078,0.999999986643232,-2.572020314776774e-05,-0.00014835510241071887,2.572562021694941e-05,0.9999999976134522,4.4854156781833434e-05,0.00014835452069629452,-4.485899655500895e-05,0.9999999875685317
20:43:09:002,-1.000633081890067,1.1948736571861618,-9.515124421217056,0.9999999794618185,-3.177559785047333e-05,-0.00019501505571101804,3.1785713365354745e-05,0.9999999951006247,6.125679510857278e-05,0.00019501532420922152,-6.12641691178681e-05,0.9999999763746721
20:43:09:036,-1.0000719109851346,1.1830448236979927,-9.48880475507661,0.9999999891768113,2.413746874289286e-05,-0.00014626457024980723,-2.411884478296248e-05,0.9999999912186999,0.0001232099322293009,0.0001462669901525914,-0.00012320582552141483,0.999999980546033
20:43:09:069,-0.9923930697266146,1.1834092402277703,-9.497195794634065,0.9999999871309305,-4.713354673211943e-06,-0.0001556897870964444,4.718407047767369e-06,1.0000000000826565,3.213783393559484e-05,0.0001556884566182048,-3.213767612845447e-05,0.9999999878632334
20:43:09:102,-0.9824760371857894,1.1787256936450732,-9.497530171875894,0.9999999874417407,-3.2720511405547194e-05,-0.00014921030612194023,3.2718156717798096e-05,0.9999999966472737,2.7426421184493826e-06,0.00014921026777936795,-2.747647754001032e-06,0.9999999862055373
20:43:09:136,-0.9877564337446865,1.1764528225399935,-9.508138417462286,0.9999999630205696,-6.53260994100909e-05,-0.0002626804019768467,6.531124837213365e-05,0.9999999956917507,-6.452880083482715e-05,0.0002626842488942981,6.451098624705522e-05,0.999999964224431
20:43:09:169,-0.9986631388853664,1.182643574853583,-9.507012353571909,0.999999959399677,-8.14529885544034e-05,-0.00026859992657566614,8.144431023998618e-05,0.9999999958106772,-3.442127794463619e-05,0.00026860292767891426,3.439912444002214e-05,0.9999999616030305
20:43:09:202,-1.0008127917925358,1.1963535325352264,-9.5039626708759,0.9999999799779696,-5.141243765361615e-05,-0.0001945095449196892,5.13940604787791e-05,0.9999999944632082,-9.319160831994213e-05,0.00019451432237357512,9.31820874825169e-05,0.9999999774006961
20:43:09:236,-1.0003397589005094,1.1858558524795388,-9.51967227805071,0.9999999796568488,-1.0527189214106993e-05,-0.00019928290991515655,1.0511386392030088e-05,0.9999999965022363,-7.747025676518422e-05,0.00019928343146621217,7.746801150541645e-05,0.9999999764332526
20:43:09:269,-0.9956600026624091,1.1873088885330454,-9.515436848792879,0.9999999821001687,1.4626478418816089e-05,-0.00018973824796781876,-1.4634695595299821e-05,0.9999999989988188,-4.6109381600412167e-05,0.00018973773737922364,4.611161970308371e-05,0.9999999807601206
20:43:09:302,-0.9938107250426523,1.1871132334043908,-9.503635306293292,0.9999999798056508,-3.131834624084853e-05,-0.0001865230229080941,3.131333383821191e-05,0.9999999982433723,-2.091513671834754e-05,0.00018652229256052057,2.0911246186706644e-05,0.9999999809132666
20:43:09:336,-1.002772911461549,1.186268483531296,-9.50997900729331,0.9999999892638839,-6.213230414136085e-05,-0.00012546402276674012,6.21370397659586e-05,0.9999999961311303,3.175182278097743e-05,0.00012546325930345273,-3.1759208706202594e-05,0.9999999918782883
20:43:09:369,-1.002116992425546,1.1897927916466933,-9.513810168275176,0.9999999885941258,4.646906582050079e-05,-0.00014939885684641792,-4.6461523824034016e-05,0.999999999362364,4.790501097492022e-05,0.00014940048609083406,-4.789835906557571e-05,0.9999999881584765
20:43:09:402,-0.9972703103730599,1.182140806408106,-9.504135596243238,0.9999999894303383,1.63528875262044e-05,-0.00014030451129157896,-1.635864959905085e-05,0.9999999974503132,-3.161607659336189e-05,0.0001403047918545289,3.1618246286646474e-05,0.9999999879429105
20:43:09:436,-1.0037317534540766,1.1710150571355418,-9.507498564324226,0.9999999822754736,-1.9619743963532923e-06,-0.0001884742687157947,1.9433746148600293e-06,0.9999999949497198,-0.00010174337714625238,0.00018847447550074089,0.00010174287897946668,0.9999999772890412
20:43:09:469,-1.0068767282882163,1.1839154049773992,-9.510402826877971,0.9999999830998672,3.7463719138269645e-06,-0.0001831632117579397,-3.7584253366362262e-06,0.999999997520308,-6.722772291759587e-05,0.00018316304098646565,6.72284471717146e-05,0.9999999810533539
20:43:09:502,-0.9971163668800814,1.1789586698849321,-9.49658453657869,0.9999999748121057,-3.2882930600116547e-05,-0.00021902749374345275,3.284736230956285e-05,0.999999986795957,-0.00015871632155606936,0.0002190326284542826,0.00015870850690791516,0.9999999629532998
20:43:09:536,-0.9860330224026074,1.1898690940953989,-9.495041537355748,0.9999999649702127,-3.179299667991298e-05,-0.00026127408692060025,3.1748976213222646e-05,0.9999999840754997,-0.000165985213833745,0.00026128142402319203,0.00016597665640560286,0.9999999510926971
20:43:09:569,-0.9813754257047057,1.1891148682392776,-9.52110201820233,0.9999999738337141,1.891010754002888e-05,-0.00022157331702819891,-1.8921327419670953e-05,0.9999999975966065,-5.3768758658210185e-05,0.0002215715790007755,5.377236326697567e-05,0.9999999742863478
20:43:09:602,-0.9876817946555041,1.1837979508987813,-9.517412706262645,0.9999999776622699,1.3720648554165316e-05,-0.00019214233136966794,-1.371941423194273e-05,0.9999999970056017,1.1847629382205976e-05,0.00019214357529633654,-1.1848767844522998e-05,0.9999999803273647
20:43:09:636,-0.9960663223956608,1.1805343724036892,-9.513722814640587,0.9999999913907182,3.634324637737762e-05,-0.00012961957356808168,-3.634246285810854e-05,0.9999999981691727,-3.859984311687829e-06,0.00012961973085279176,3.86594453678907e-06,0.999999990572091
20:43:09:669,-0.9992690929487388,1.1880668074917473,-9.504334358653338,0.99999998837571,-2.169127615816877e-05,-0.00014330737181751147,2.1681957646327693e-05,0.9999999976775437,-6.679000249889682e-05,0.0001433092018223396,6.678591226311297e-05,0.9999999871610311
20:43:09:702,-0.9857746977366101,1.1866640522417773,-9.499015123563131,0.99999997963756,8.112650109899914e-06,-0.0001979522801693561,-8.126977526174535e-06,0.999999995235211,-7.27822467456585e-05,0.00019795079954845307,7.27839692109825e-05,0.9999999775318787
20:43:09:736,-0.9791000761858598,1.1873404319676746,-9.508894747988052,0.9999999723927917,3.418219404224672e-05,-0.00022427005760077348,-3.420905365693788e-05,0.9999999908898289,-0.00012256110905710006,0.00022426564136376407,0.00012256686217069641,0.9999999668403788
20:43:09:769,-0.977703522880903,1.185963406079948,-9.493706451251533,0.9999999715461584,-3.9667683491820255e-05,-0.00023490187274011724,3.964108528491794e-05,0.9999999939214405,-0.00011068368290607817,0.0002349061724480265,0.00011067413754771202,0.999999965957174
20:43:09:802,-0.9704961482536987,1.181312554727914,-9.521817110130998,0.9999999778045551,3.2636180483016333e-06,-0.00020149476442861788,-3.2761205923753673e-06,0.999999995345951,-7.85504391883418e-05,0.00020149497263433988,7.855161773563379e-05,0.999999973384834
20:43:09:836,-0.982854684063577,1.1803425735605595,-9.519618541991711,0.9999999568057014,-8.657426819835011e-06,-0.0002929848559939075,8.666816872139492e-06,1.0000000011701091,3.8779045585222814e-05,0.0002929849024535956,-3.878123142702098e-05,0.9999999577105655
20:43:09:869,-0.9878029339189842,1.1935729677805387,-9.50781710280871,0.9999999748482855,1.0150416872829379e-05,-0.00022118868910407172,-1.015177056573823e-05,0.999999995821827,-6.7425186462977544e-06,0.0002211868974327902,6.743985283811364e-06,0.9999999725969984
20:43:09:902,-0.9849660184873886,1.2007938038730264,-9.463100433745462,0.9999999675516126,5.6554787949406895e-05,-0.00024065324952337656,-5.6576531006804827e-05,0.9999999961311724,-0.00010343917276715168,0.0002406465537788646,0.00010345087436297045,0.9999999674544101
20:43:09:936,-0.9743936205562683,1.2116619772250055,-9.459428216117201,0.9999999077604873,-6.037410130049634e-05,-0.0004151433572155525,6.0265464906685645e-05,0.9999999607852147,-0.00023764667310783108,0.0004151631776502177,0.00023761797859677905,0.9999998742201593
20:43:09:969,-0.9641887209507514,1.2051237353838704,-9.480709571567585,0.9999998759140534,-8.663549107570079e-05,-0.0004876214873640615,8.63809967861169e-05,0.9999998588355726,-0.000533140356551122,0.0004876644342910687,0.0005330981610623721,0.9999997435901838
20:43:10:002,-1.0273819704798415,1.1435856973417622,-9.501523997331912,0.9999999067364869,-4.163897482995577e-05,-0.0004310909992694196,4.140086615987466e-05,0.9999998424200064,-0.0005527807260266803,0.00043111518510064996,0.0005527633766632102,0.9999997513288998
20:43:10:036,-1.0670384525437313,1.1604213671724393,-9.584177433993515,0.9999999347308912,-6.802937073574429e-05,-0.0003311949617352858,6.787522351099485e-05,0.9999998961666957,-0.000462835398229391,0.0003312246389718669,0.00046281064456812416,0.999999835697706
20:43:10:069,-1.0864832020506878,1.1423826070862297,-9.612849372334361,0.9999999993642522,-2.3551713211302613e-05,-8.456575797720429e-05,2.3530818191557376e-05,0.9999999583690556,-0.00023318828514309832,8.457454822768408e-05,0.00023318794024442153,0.9999999595141116
20:43:10:102,-1.0568830719626636,1.1051444541988786,-9.623921932541776,0.9999999940169167,1.628146856033612e-05,5.3199561009750337e-05,-1.6292239289926845e-05,0.9999999851638328,0.00017273734689522886,-5.319306150211944e-05,-0.0001727381812236556,0.9999999817095281
20:43:10:136,-1.0173545710485392,1.1520135910743519,-9.551299087052925,0.9999999882240966,3.1335457481150155e-05,0.00015087769618569722,-3.1371622553849396e-05,0.9999999706889355,0.0002204031775691085,-0.00015087144777172238,-0.00022040629219738866,0.9999999600699572
20:43:10:169,-0.9652343565930657,1.1920769563116633,-9.498323672739867,0.9999999973468768,2.2537365448906364e-05,5.453614549631372e-05,-2.253879321924051e-05,0.9999999920551252,0.0001394860647266994,-5.4534450841106164e-05,-0.00013948811776315253,0.9999999902529725
20:43:10:202,-0.9523347102022707,1.177491583440914,-9.429222845261796,0.9999999956199626,-2.8965373105752434e-05,-8.674566267854955e-05,2.8969424691855698e-05,0.9999999874413984,0.00011622604148032827,8.674390080168684e-05,-0.00011622915668636094,0.9999999835360199
20:43:10:236,-0.9477035826397869,1.1820901889618574,-9.491039117783073,0.9999999780927575,-1.781108024648262e-05,-0.0002042375078910035,1.7804570016624347e-05,1.0000000008730217,-5.295241638406883e-05,0.00020423883092501725,5.294985322056305e-05,0.9999999804865423
20:43:10:269,-0.9502399462876207,1.1779866847867349,-9.458946255849872,0.9999999635870614,2.7835879497691045e-05,-0.0002682045003343761,-2.784125041646657e-05,0.9999999990525992,-1.2031360049452357e-05,0.00026820360920872064,1.2038502790732265e-05,0.9999999629424599
20:43:10:302,-0.9721847371246173,1.1922812222030792,-9.48449718537015,0.9999999632523733,-2.8000465538712963e-05,-0.0002685195233937136,2.7984162939053328e-05,0.9999999973911091,-6.402395366474366e-05,0.00026852059276577045,6.401750552489277e-05,0.9999999622948026
20:43:10:336,-0.9813195343963352,1.1636792202366624,-9.515967816411385,0.9999999778904196,-2.985560345360257e-05,-0.00019731422326712774,2.984519358960161e-05,0.9999999962979427,-4.5540394008503254e-05,0.00019731682088711713,4.5533155440369404e-05,0.9999999779302169
20:43:10:369,-0.9936305935570674,1.1507550360238323,-9.551431744338496,0.9999999814924603,6.447739531768207e-06,-0.0001797012154270428,-6.4372786904676e-06,0.9999999990290876,4.41393742085422e-05,0.00017970005173803544,-4.413929987744693e-05,0.9999999806090465
20:43:10:402,-0.9953234325361283,1.1522611549649198,-9.571333745237295,0.9999999679218264,-6.374475407603111e-05,-0.00024537501372282896,6.376186910419826e-05,0.9999999952364222,6.873289045426679e-05,0.0002453710714980951,-6.874810989163817e-05,0.9999999679119598
20:43:10:436,-1.00907011673349,1.1659518150242316,-9.52250051068409,0.9999999821722907,-5.3029641511824487e-05,-0.00017067484568511251,5.304800928004116e-05,0.9999999908563652,0.0001102473489024929,0.00017066926863335376,-0.0001102569808847267,0.9999999788815909
20:43:10:469,-1.0143728598915978,1.163460836391814,-9.518403179263728,0.9999999871564392,-3.69358480323197e-05,-0.00015416369532789953,3.695131339593698e-05,0.9999999905036374,0.00011657520528631924,0.00015415926810170591,-0.00011658018606188107,0.9999999788012397
20:43:10:502,-1.015930630319533,1.171912856788493,-9.49310835295123,0.9999999882292586,-2.3692793555884563e-06,-0.00015290099010491982,2.3754641821107833e-06,1.0000000032845326,2.021206527906201e-05,0.0001528992339343262,-2.0212348938778333e-05,0.9999999910842503
20:43:10:536,-0.9931515830095365,1.1745551296601031,-9.493487919402835,0.9999999861280336,-2.882650157367714e-05,-0.00014232668985514235,2.8804717498329556e-05,0.9999999866951632,-0.00010083364239360423,0.00014233410535590728,0.00010082613569312045,0.9999999769747739
20:43:10:569,-0.9815951014253131,1.176742642393235,-9.493051426537068,0.9999999594673629,-6.901128408845306e-05,-0.00027525131219766264,6.894202528700012e-05,0.9999999629533896,-0.0002670976513759392,0.0002752684890379952,0.0002670805086122777,0.9999999300876494
20:43:10:602,-0.9876991334931894,1.178302940386773,-9.512161357803306,0.9999999576205484,1.5632698331383746e-05,-0.0002923381135927209,-1.5687200321735654e-05,0.9999999831001779,-0.0001852611377643555,0.00029233427576459464,0.0001852652777363777,0.9999999396642563
20:43:10:636,-1.0141688572850223,1.1619850485600827,-9.541885411130727,0.9999999703075344,1.0368330859540496e-05,-0.00023233776878594758,-1.0396115285905193e-05,0.9999999937226264,-0.00011311388868234366,0.0002323381394327575,0.0001131154628083094,0.9999999641016019
20:43:10:669,-1.0164459205002334,1.1753169709090936,-9.569144867764784,0.9999999929576942,-4.470569699849654e-05,-0.00010450609987063836,4.4710218392350174e-05,0.999999997156171,3.5279868865473485e-05,0.00010450232338750363,-3.528526791134442e-05,0.9999999930594279
20:43:10:702,-0.9956454793689242,1.1617485394759677,-9.550156952779389,0.9999999925715257,-6.709573011762817e-05,-9.115456106514895e-05,6.710938266424306e-05,0.9999999859369694,0.00015101188638410812,9.114561230069087e-05,-0.0001510172447319563,0.9999999849864604
20:43:10:736,-0.9838269699491714,1.1677784129763864,-9.511951199506155,0.9999999948726982,1.0469775729252678e-05,-9.25723645074667e-05,-1.0456314009868857e-05,0.9999999873300918,0.00015593494285259023,9.257389499221053e-05,-0.00015593379562190492,0.9999999821664122
20:43:10:769,-0.9762527468828096,1.1790985104070673,-9.475326139498728,0.999999992406491,-3.7082864130310967e-07,-0.00011104394933191854,3.772475609649807e-07,0.9999999936565547,8.977496064877926e-05,0.00011104343323012642,-8.97746517521153e-05,0.9999999862674569
20:43:10:802,-0.9738115162789132,1.184916419068284,-9.460966218270947,0.9999999652413999,9.185689906188999e-06,-0.0002617826392895921,-9.196589078405709e-06,0.9999999993092414,-3.81124869468036e-05,0.0002617822744886206,3.8114393651648335e-05,0.999999964761732
20:43:10:836,-0.9887738492827507,1.1836501762943283,-9.492773149357276,0.9999999533464795,-5.21951626684992e-07,-0.0002973249147692226,4.857039965038902e-07,0.9999999919463439,-0.0001237495618910853,0.00029732503045593305,0.0001237499469169137,0.999999945577189
20:43:10:869,-1.0036587765958964,1.1693979056137878,-9.528852841329815,0.999999975377178,-2.3859041602935886e-05,-0.00022092715279705956,2.382650231900702e-05,0.9999999884269484,-0.00014958499033972144,0.00022093050080228393,0.0001495796757856573,0.9999999650224821
20:43:10:902,-1.0010094391567206,1.1696937785697197,-9.529569327141902,0.999999970498695,-4.258931596869856e-05,-0.0002347777430829804,4.256800300146855e-05,0.9999999953577788,-8.097622475761996e-05,0.00023478139687705624,8.096642203987886e-05,0.9999999676303848
20:43:10:936,-0.9958660018212739,1.1683085369828874,-9.53746537715518,0.9999999889456487,-3.052502327671921e-05,-0.00014673046801682085,3.053707971871759e-05,0.9999999969189176,6.546824202508649e-05,0.00014672876737797653,-6.547274982669298e-05,0.9999999866345566
20:43:10:969,-0.9831548936185284,1.185176172018395,-9.516151128093663,0.9999999861753428,-1.0592034938368162e-05,-0.00015986912154055197,1.0620361918194625e-05,0.9999999853871416,0.00016412247813153786,0.00015986619043294834,-0.0001641237722632872,0.9999999723727369
20:43:11:002,-0.9833398548680259,1.1937845807659906,-9.494799048923012,0.9999999716827145,-1.3464218812371549e-05,-0.00022947080266083256,1.3487757179218633e-05,0.9999999923995281,0.00011988323944702001,0.00022947016306314495,-0.00011988610482568136,0.999999965449451
20:43:11:036,-0.9825890436582361,1.1703553151110733,-9.500624598397449,0.9999999562072833,3.923433646008909e-06,-0.0002955885617293342,-3.9418710926547955e-06,0.9999999942487097,-7.76838949693198e-05,0.00029558510678273777,7.768353898852056e-05,0.9999999512779411
20:43:11:069,-0.996070571068963,1.1726655066365328,-9.489734564179855,0.9999999791415374,2.2004119028248796e-05,-0.00020063260756387607,-2.2053359324679586e-05,0.999999973168142,-0.00023227268982997467,0.00020062747995216415,0.00023227847899711862,0.9999999538489196
20:43:11:102,-1.0051129824154323,1.1899297252678744,-9.5218772970839,0.9999999861308643,3.2713584573139935e-06,-0.000159136982957994,-3.2999419422623213e-06,0.999999981118127,-0.00018764650946006607,0.00015913748055839603,0.0001876462178317868,0.999999969398262
20:43:11:136,-0.9949316853287653,1.1851781415985791,-9.537373208588901,0.9999999850671766,5.868137387572338e-05,-0.00015825988875656718,-5.869454344079016e-05,0.9999999940885629,-7.681618442456784e-05,0.00015825403229980498,7.68253597213261e-05,0.9999999839234153
20:43:11:169,-0.9773530075837806,1.181317750903738,-9.543753685703363,0.9999999881817976,-7.741746938796812e-06,-0.00014906134460913328,7.749816737528203e-06,0.9999999973072545,5.1712595538850414e-05,0.00014906306980293527,-5.171441846707523e-05,0.9999999866015188
20:43:11:202,-0.9734020767128926,1.1797779124353953,-9.536689267330797,0.9999999889032344,-1.9344396543621866e-05,-0.0001413447945122633,1.9365318330878427e-05,0.9999999880639562,0.0001458976008383838,0.00014134098080338802,-0.00014590073379962588,0.9999999781947104
20:43:11:236,-0.9820236114479646,1.1826629974213898,-9.493889366273761,0.9999999824863655,-4.610817492257821e-05,-0.00016742600015719054,4.6132375450752124e-05,0.9999999866287624,0.00015482829362485295,0.00016742364979906665,-0.0001548398461937315,0.9999999727617587
20:43:11:269,-0.9818952095702884,1.1988623127087767,-9.464482318336687,0.9999999693045368,-2.8805565066184036e-05,-0.00023258414726367799,2.881145657411465e-05,0.9999999945326752,2.02027419516202e-05,0.00023257579701162911,-2.020943101318068e-05,0.9999999718828892
20:43:11:302,-0.9874321486707239,1.2009961677293988,-9.480331553227064,0.9999999731312941,4.2127175699172034e-05,-0.0002118493415379706,-4.215976817917155e-05,0.9999999843217291,-0.0001525159781651416,0.0002118471775510852,0.0001525262913693281,0.9999999657799419
20:43:11:336,-0.9979681587329482,1.1891955995236374,-9.526153476972437,0.9999999768008164,-4.172966105728176e-05,-0.00021451172303086074,4.1691015718870796e-05,0.9999999829039556,-0.00018425756972183403,0.00021451963399632485,0.0001842496803375916,0.9999999600359307
20:43:11:369,-1.0120891852074752,1.1763164542269129,-9.548111976552466,0.9999999639639274,5.431066356687839e-06,-0.0002630331059303195,-5.443750330246227e-06,0.9999999964068386,-4.716669759321453e-05,0.00026303189381709114,4.71660541647445e-05,0.9999999618597444
20:43:11:402,-0.9959096215487192,1.1780004572659812,-9.536869183313744,0.9999999578333227,-1.8559678267929567e-05,-0.00027993523023019134,1.857852898791404e-05,0.9999999960782032,7.473241350294159e-05,0.0002799360651204225,-7.474005453996729e-05,0.9999999572131278
20:43:11:436,-0.9796599170563999,1.1809650231353217,-9.521267359750029,0.9999999765474802,1.1366577418283213e-06,-0.00021319516904492767,-1.1263430571402447e-06,0.9999999997887388,3.815040540591498e-05,0.00021319461400603798,-3.8149746135932346e-05,0.9999999761965814
20:43:11:469,-0.9880354602053313,1.19187060120052,-9.474541585533279,0.9999999786472171,1.9493891055647346e-05,-0.0001973713020232475,-1.9506992785357754e-05,0.9999999970492399,-5.329440067259517e-05,0.00019737068955106687,5.329821688849293e-05,0.9999999759112189
20:43:11:502,-0.9900473048889049,1.1925309258844259,-9.485621998680655,0.999999960918058,5.147067711357352e-05,-0.0002738312232395033,-5.150516805408791e-05,0.9999999899762448,-0.00013011826752838684,0.0002738248541436949,0.00013013111556081294,0.9999999544486219
20:43:11:536,-1.0043644884728913,1.1947376493072455,-9.508854328095152,0.9999999712227919,7.054804475667134e-05,-0.0002251156648712206,-7.057455578106335e-05,0.9999999886279746,-0.000123788425840505,0.0002251073072775495,0.00012380423013649518,0.9999999655048817
20:43:11:569,-1.0025722604452294,1.1970306482078181,-9.538490590888406,0.9999999791537304,-3.640290349102998e-08,-0.0002054974013849908,3.846476181618834e-09,0.9999999885172757,-0.00015473855559025495,0.00020549624468520886,0.00015473871539360316,0.9999999669464126
20:43:11:602,-0.9979551650131635,1.1709530656513099,-9.536702835904864,0.999999980553092,1.901570523652971e-05,-0.00019842986392826364,-1.903249872281996e-05,0.9999999955478592,-9.083807304468671e-05,0.00019842992789623952,9.08410388079484e-05,0.9999999767659085
20:43:11:636,-0.9840928091482766,1.191612752890049,-9.525134597258646,0.9999999867599256,8.337396249540485e-06,-0.00014449164101436231,-8.34176894723156e-06,0.9999999973601483,-1.1667208581341057e-05,0.0001444900828686501,1.1670617208618168e-05,0.9999999867644349
20:43:11:669,-0.9882803795613485,1.1803751123577366,-9.506160800753388,0.9999999950982871,-4.0896917758543955e-05,-8.872422752540684e-05,4.090635414852908e-05,0.9999999962486175,8.151796837628461e-05,8.87215769958445e-05,-8.152078591151429e-05,0.9999999929322874
20:43:11:702,-0.9899153627463646,1.1680039060100786,-9.50150195160397,0.9999999838096213,-3.4485777369076485e-05,-0.0001732920759226853,3.4497924041207854e-05,0.9999999958259749,7.669542961456474e-05,0.00017329185444125734,-7.670241139737107e-05,0.999999981538307
20:43:11:736,-1.013926040456678,1.1768280192141394,-9.4995863807605,0.9999999777395256,-3.86520871675406e-05,-0.00018472431494152182,3.864512001139818e-05,0.999999995820967,-2.9840079888955764e-05,0.0001847220991614209,2.983314731369087e-05,0.9999999805062523
20:43:11:769,-0.9990517508672995,1.191993018178932,-9.520158023785013,0.9999999794181795,6.269636135993314e-05,-0.00019764612052389373,-6.270557644105577e-05,0.999999996626356,-4.7664256233694225e-05,0.0001976421376084276,4.7676485662887994e-05,0.9999999788122608
20:43:11:802,-0.9760982855098601,1.1978586397331248,-9.487677100056526,0.9999999809213191,-2.2501976731998087e-05,-0.00019088127823830702,2.250047786760135e-05,0.999999998613333,-8.970489820449196e-06,0.00019088164384915195,8.965659705847465e-06,0.9999999808498219
20:43:11:836,-0.9799907175216486,1.1943482785892843,-9.514510153066567,0.9999999802581223,-2.1064890197972554e-05,-0.0001914496981125501,2.1049089323899014e-05,0.9999999960641651,-8.204474527768924e-05,0.00019145166327667936,8.203961691747681e-05,0.9999999784685474
20:43:11:869,-0.9904914608881608,1.1833813739316466,-9.503691391882738,0.9999999793363972,4.155929616682081e-05,-0.00019354649521989402,-4.157231724547799e-05,0.9999999954835922,-6.858137556970796e-05,0.00019354258435669956,6.859018014965572e-05,0.9999999790489819
20:43:11:902,-0.989561968714399,1.1774478562695547,-9.495400364806482,0.9999999701159691,7.161886119209796e-05,-0.00022151516699720508,-7.164285303424643e-05,0.9999999893156648,-0.00010771585170665364,0.0002215098394186437,0.00010772864862076656,0.9999999693748381
20:43:11:936,-0.9928854164211781,1.178783410373673,-9.528807965911648,0.999999969094119,-6.9418213358147e-05,-0.00023696032394095138,6.939287923838422e-05,0.9999999924886146,-9.726781944610932e-05,0.00023696609464500475,9.725186340169364e-05,0.9999999652324535
20:43:11:969,-0.9998181504394631,1.1810644717559529,-9.533003626834404,0.9999999824677762,-2.8769482180250333e-05,-0.00017928411216613832,2.877320586583913e-05,0.999999999137204,1.3226043725865033e-05,0.0001792840390194342,-1.3231600651220264e-05,0.999999984149781
20:43:12:002,-0.9975348882562117,1.1916811730993022,-9.532019610543756,0.9999999802578315,-1.3784946270610636e-05,-0.0001939641801587973,1.3791469143503297e-05,0.9999999996307675,3.0574947436451906e-05,0.00019396366093755402,-3.057630863836999e-05,0.9999999805332115
20:43:12:036,-0.9964870845448236,1.1913737212967135,-9.508985471323491,0.9999999821588827,-7.130240976940537e-05,-0.00016523507242722309,7.129253368143435e-05,0.9999999934683526,-4.794864542616978e-05,0.00016523958814197305,4.793622653833075e-05,0.9999999830543563
20:43:12:069,-0.9938012681217541,1.1867300996884325,-9.49095703626503,0.9999999697682368,-4.576559631880386e-05,-0.00023353112403048977,4.5733247382156376e-05,0.9999999866618536,-0.0001402449575134339,0.00023354075526700152,0.00014023312866902937,0.9999999629469257
20:43:12:102,-0.9802334364608017,1.1929634789612067,-9.489799527665,0.9999999797306679,-6.479696509002176e-06,-0.00019929576011155982,6.45697344269196e-06,0.9999999940977663,-0.00011023502566108539,0.00019929603322007115,0.00011023338033826881,0.999999973121594
20:43:12:136,-0.9844871555728096,1.179685031552612,-9.517192167174262,0.9999999832316434,3.4628107296806444e-05,-0.00017316758939623375,-3.464191487080013e-05,0.9999999950202358,-8.431390724317561e-05,0.00017316555500341887,8.432107102739113e-05,0.9999999806217315
20:43:12:169,-0.9793689438733456,1.1819904991054409,-9.52934954310036,0.9999999752847196,4.788047726279257e-05,-0.0002138405715998515,-4.7894778334823106e-05,0.9999999963303831,-6.465331429189486e-05,0.0002138374760456476,6.466420729653881e-05,0.9999999745228123
20:43:12:202,-0.9867189813986984,1.177802377076105,-9.511619806819049,0.9999999865618868,9.360731705412965e-06,-0.00016278179252728875,-9.365428814506443e-06,0.9999999994518043,-2.7321374705427505e-05,0.00016278156011538544,2.732257883709569e-05,0.9999999858266885
20:43:12:236,-1.0056292149291892,1.1816728215459174,-9.51720825384908,0.9999999820452281,2.8236961801277824e-06,-0.0001826226719212451,-2.8304436269431065e-06,0.9999999990310954,-2.7824135851195998e-05,0.00018262242309255897,2.782497083372051e-05,0.9999999813334228
20:43:12:269,-1.0014724165352895,1.1873532798065431,-9.517113213442995,0.9999999880328008,-4.376342041140245e-06,-0.00015300454208209505,4.3764990904357055e-06,0.9999999992053998,1.368809689404144e-06,0.00015300491222516781,-1.369965567457798e-06,0.9999999875158716
20:43:12:302,-0.9874238112323424,1.1935752863866333,-9.502871473161196,0.9999999849923369,2.745932734509594e-05,-0.0001696143694168904,-2.7453333650613315e-05,0.9999999984392244,3.751459371110454e-05,0.00016961358172968568,-3.750913801177338e-05,0.999999984552124
20:43:12:336,-0.9907230495742938,1.189316365865915,-9.503517310732988,0.9999999785141932,1.2589580040774796e-05,-0.00020274194010430708,-1.2595641451707359e-05,0.99999999882451,-2.7087827409034828e-05,0.0002027429548119144,2.708988819569607e-05,0.9999999790160329
20:43:12:369,-0.9883424738786784,1.1955826174676705,-9.501820489884146,0.9999999774225596,-1.2319988370780085e-05,-0.0002024561482835045,1.2305535784732603e-05,0.9999999952517604,-7.64528850298299e-05,0.0002024551282423815,7.644838740172063e-05,0.9999999754000444
20:43:12:402,-0.9906673783716421,1.1882007987035454,-9.508253670071111,0.9999999863640262,2.8542941603212192e-05,-0.0001529561035848159,-2.8557212195310467e-05,0.9999999934494165,-9.458357254202137e-05,0.0001529527727442041,9.458712014408577e-05,0.9999999836997019
20:43:12:436,-1.0035490683134443,1.185587408026519,-9.517974768159299,0.9999999827571068,-2.8532465218279678e-05,-0.000180617143707941,2.8517239518003035e-05,0.9999999953399461,-8.527663265929259e-05,0.000180619063666335,8.527129018804951e-05,0.9999999798531453
20:43:12:469,-1.00015136446089,1.1753582641253126,-9.509613770722448,0.9999999763778148,-1.431784583158776e-05,-0.00019649262631453289,1.4304617508261813e-05,0.9999999928699723,-7.46927957591188e-05,0.00019649062703658792,7.468668482826314e-05,0.9999999765342913
20:43:12:502,-0.9948127856275556,1.1801846524157662,-9.505951921543147,0.9999999738942583,-8.348855872359728e-05,-0.00021152062288931219,8.347992944819205e-05,0.9999999960881719,-4.0058171299441315e-05,0.00021152410835627717,4.004032327221217e-05,0.999999976681368
20:43:12:536,-0.994985552739622,1.1878671625451718,-9.519761814427689,0.9999999869974489,-2.129957330673433e-05,-0.00015999919694297427,2.1295341128003803e-05,0.9999999988178563,-2.513650192538949e-05,0.00016000017194292345,2.5133410378831592e-05,0.9999999862993915
20:43:12:569,-0.9940546224356038,1.1852559247942391,-9.498192533378836,0.9999999825341259,5.285679317648587e-06,-0.0001828610951890887,-5.286524885160484e-06,0.999999998884136,6.757636274408071e-07,0.00018286221612100136,-6.759430554892559e-07,0.9999999822653376
20:43:12:602,-0.9796021357738972,1.178010257303637,-9.5076776257337,0.9999999859615614,-7.08736437755424e-06,-0.00016216838835528632,7.085989627349432e-06,0.9999999991122234,-1.0017126794476212e-05,0.00016216793271485683,1.0016486837140256e-05,0.9999999868673928
20:43:12:636,-0.9907869245955723,1.1815651161017295,-9.503980658298156,0.9999999814935909,-7.556022779209807e-05,-0.0001787244184295705,7.555887336872131e-05,0.9999999977423214,-5.2755580523959284e-06,0.00017872496856729929,5.262639399029689e-06,0.9999999836410695
20:43:12:669,-0.9834738105170423,1.1910823886769168,-9.51905627276227,0.9999999799952815,-7.421446319828546e-06,-0.00019688362211215941,7.415655037761504e-06,0.9999999991310426,-2.8674157190962538e-05,0.00019688381162417744,2.8671941625740993e-05,0.9999999796876482
20:43:12:702,-0.9834644518180159,1.1888906122336638,-9.531903241347733,0.9999999859121718,5.231744932588608e-06,-0.00016486429309839243,-5.234980539332801e-06,0.9999999987990141,-1.746502561025109e-05,0.00016486336400385785,1.746583710971113e-05,0.9999999857440038
20:43:12:736,-0.9829689053253842,1.1836564883173002,-9.512920925384373,0.9999999767677932,-3.012364823534935e-05,-0.00021221653607865094,3.0123382881185872e-05,0.9999999992611728,-1.994364748012124e-06,0.0002122165773394563,1.988651422017e-06,0.9999999773293272
20:43:12:769,-0.9882133127478319,1.1829394280006222,-9.515706063907363,0.9999999710765186,-3.378094176620039e-05,-0.00023855640279722928,3.377658580010533e-05,0.9999999996572821,-1.911020659614912e-05,0.00023855874315354165,1.9103025331958258e-05,0.9999999709700234
20:43:12:802,-0.9827759416002173,1.2032615697197693,-9.498105317105624,0.9999999732806507,-3.2460802319310824e-06,-0.00021168890483745702,3.231726911579145e-06,0.9999999936650898,-6.709410295703623e-05,0.00021168647808655845,6.709200698992761e-05,0.9999999743661722
20:43:12:836,-0.9801334949463252,1.194982153214691,-9.496732719948819,0.9999999745974545,0.00010094570136235718,-0.00020261288761337325,-0.00010096371474502487,0.9999999906153167,-9.339871964983932e-05,0.00020260278582552078,9.341914450745691e-05,0.9999999750562347
20:43:12:869,-0.9839597914395255,1.1837423094882888,-9.526122470922003,0.9999999776639324,-7.866328670048003e-06,-0.0002040009022014182,7.8610720208889e-06,0.9999999989854621,-2.094542027847772e-05,0.00020400328541952945,2.0943090627187655e-05,0.99999997796106
20:43:12:902,-1.0031033614161136,1.2028594914158126,-9.5141029212688,0.9999999834326505,1.2767149775422487e-05,-0.00015917287613245748,-1.2769125375375454e-05,0.9999999956270759,-6.723755827980381e-06,0.00015917481209320932,6.723694382653798e-06,0.9999999863284397
20:43:12:936,-1.0020787259206305,1.1969331181714586,-9.508157158535163,0.9999999849572945,6.0230672260799e-05,-0.00016540913263305096,-6.0234256935914954e-05,0.999999998580268,-2.4462652630928473e-05,0.00016540779742522357,2.4473004503414027e-05,0.9999999858427434
20:43:12:969,-0.9824293085800911,1.1912092934006502,-9.511176079339954,0.9999999880974012,4.009158860253263e-05,-0.00014307717805135887,-4.009825135514878e-05,0.9999999969125285,-4.1295679909481414e-05,0.00014307622942787382,4.130085148696269e-05,0.9999999887482237
20:43:13:002,-0.9828576592878207,1.1740558454488175,-9.489267143205367,0.9999999763486019,3.348081825432297e-05,-0.00020850036206283333,-3.3489423808823285e-05,0.9999999972505644,-4.456463317711002e-05,0.00020849894878021246,4.4573238835736997e-05,0.9999999767704467
20:43:13:036,-0.9770127154852833,1.1906352849854942,-9.503640757151745,0.9999999722509476,3.519797686496864e-05,-0.00021962799777459105,-3.5205825040030366e-05,0.9999999943419823,-4.6261000032114085e-05,0.00021963057401950452,4.627136204585598e-05,0.9999999722165127
20:43:13:069,-0.9792541678348484,1.2074233895139779,-9.518421329331412,0.9999999860631287,-4.7569165021594464e-05,-0.0001618562052485892,4.7549712555027625e-05,0.9999999923135161,-0.00011812393411879183,0.00016186100893149887,0.00011811530647460916,0.9999999802603737
20:43:13:102,-0.9751248353661935,1.1964309592040414,-9.506176865136878,0.9999999797939801,2.6431379635641555e-05,-0.00019702697511377135,-2.6444753652222104e-05,0.9999999977947965,-6.385924158264256e-05,0.0001970252007363485,6.386358918824555e-05,0.9999999785761511
20:43:13:136,-0.9954433905261578,1.1885181893052958,-9.535616262212066,0.9999999787068358,2.1377648121620475e-06,-0.00020391803097455732,-2.140493960687942e-06,0.9999999985921386,-1.563833075333782e-05,0.0002039176197924182,1.5638678903515252e-05,0.9999999775751914
20:43:13:169,-0.9926792524013729,1.1866764374208114,-9.540537663653794,0.9999999723975672,-7.13852492050144e-06,-0.00023538839124732908,7.139413721858637e-06,0.9999999984772191,7.972881234541098e-06,0.00023538724009996884,-7.974712372542467e-06,0.9999999709715968
20:43:13:202,-0.9802775683687074,1.1897713911641599,-9.511808546152368,0.9999999802567089,-1.3025145727399359e-05,-0.00018567001224475832,1.300520459040788e-05,0.9999999950497497,-9.810652696179764e-05,0.00018567053686452777,9.810556367910228e-05,0.9999999766467139
20:43:13:236,-0.9884554472519044,1.1986437352790915,-9.486629209315614,0.9999999911846967,-1.5328466631814684e-05,-0.00012596973594079583,1.532212554714975e-05,0.9999999967954352,-6.194974024151949e-05,0.00012597071381503376,6.194818728652557e-05,0.999999990012134
20:43:13:269,-0.9874079667238892,1.1926780369000742,-9.533471262658725,0.9999999761881995,5.06441324348725e-06,-0.0002119506308504443,-5.077918441012288e-06,0.9999999963624846,-6.323517941755347e-05,0.00021195116325028934,6.323484112992729e-05,0.9999999758208381
20:43:13:302,-0.9969100773028843,1.18857285903477,-9.492751764305131,0.9999999744845001,-7.91903791962201e-05,-0.0001973892256136379,7.917617522117384e-05,0.999999993528995,-6.505948015298131e-05,0.00019739601938809052,6.50425550383735e-05,0.999999975655588
20:43:13:336,-0.9758083024610097,1.193509552798613,-9.498659210737634,0.9999999909107216,-2.2150358475703602e-05,-0.00012322013466699305,2.214248519652943e-05,0.9999999975873928,-4.974333581616039e-05,0.00012322173497861193,4.97389948629718e-05,0.9999999899496187
20:43:13:369,-0.9934953588090675,1.1899119245478031,-9.508602423968012,0.9999999850931667,5.17544297963321e-06,-0.00017221324301578406,-5.185405452519927e-06,0.9999999970826298,-6.14932726452464e-05,0.00017221387349583247,6.149463972573943e-05,0.9999999829926677
20:43:13:402,-1.005637373003698,1.1888848025217444,-9.508129780386506,0.9999999816267019,3.1855856580311936e-05,-0.00018317662423595647,-3.1861793734767486e-05,0.9999999973967312,-2.7663115370763293e-05,0.00018317719046179144,2.7667906045699728e-05,0.9999999812802172
20:43:13:436,-0.9870360906027569,1.179315870700103,-9.509856666692071,0.9999999829889595,-3.267570596528623e-05,-0.0001757044667929864,3.265934926579479e-05,0.9999999956796567,-8.380470699445254e-05,0.00017570776648332537,8.379816722138123e-05,0.9999999804033205
20:43:13:469,-0.9953664623434678,1.1783412324126974,-9.504085793102444,0.9999999796990021,-5.375445884640114e-05,-0.0001919781203217073,5.374612171290699e-05,0.999999997077301,-5.046793990264995e-05,0.00019198040714668446,5.0457925020359045e-05,0.9999999791375995
20:43:13:502,-0.9941955888878761,1.1915900931460368,-9.520851929619898,0.9999999700119495,-1.1411466989743926e-05,-0.00023650764801186124,1.1410491861481422e-05,0.9999999983671906,-4.8505627981750425e-06,0.0002365070188139234,4.846356945867294e-06,0.9999999714858295
20:43:13:536,-0.9799829894529631,1.201538905468205,-9.514003925685806,0.9999999777731234,6.372592356425957e-05,-0.00020088061442128332,-6.373170610371733e-05,0.9999999978883429,-3.0223575503376808e-05,0.0002008794585344113,3.0236922881273287e-05,0.9999999784908853
20:43:13:569,-0.9936512710934887,1.1840016405839122,-9.505359888523984,0.9999999802353037,-5.2372324788807956e-06,-0.00019744437003971232,5.228459320934705e-06,0.9999999989396213,-4.587558731464197e-05,0.00019744426930326666,4.5875143860340724e-05,0.999999979374224
20:43:13:602,-0.9960704091913936,1.1856559923205152,-9.483587663041602,0.999999983186853,-3.0086516841009084e-05,-0.0001761408548479288,3.0073032191188956e-05,0.9999999964632516,-6.916893379057148e-05,0.00017614301111620203,6.916368193517597e-05,0.9999999809287844
20:43:13:636,-0.9804424131004834,1.2071337964574336,-9.517951117485696,0.9999999792396743,-4.0917108976806835e-05,-0.00019242258304709737,4.090159827181588e-05,0.9999999959100451,-6.383684876276437e-05,0.0001924257481123222,6.382819889165129e-05,0.9999999761304423
20:43:13:669,-0.9924482495069209,1.1894100680813573,-9.521237064446318,0.9999999863039949,1.369952168862088e-05,-0.00014179188344597124,-1.3703490840573602e-05,0.9999999958612702,-3.0085344309037052e-05,0.0001417898398326737,3.0087597519562622e-05,0.9999999896042521
20:43:13:702,-1.0090612053193364,1.1890035863508763,-9.520155454838289,0.9999999760196028,7.726989309943196e-05,-0.00019813149535290896,-7.72843808821505e-05,0.999999993064622,-7.434267209926296e-05,0.00019812594876790956,7.435583573004626e-05,0.9999999776434702
20:43:13:736,-0.9931383129835233,1.1930472588061996,-9.504873915043238,0.9999999767385616,-4.697073822350553e-05,-0.0002126362883432809,4.69567902902425e-05,0.9999999972050702,-6.568393762899907e-05,0.00021264014880411234,6.567483817795793e-05,0.9999999748690624
20:43:13:769,-0.9905756656232306,1.1828951503802079,-9.515510443051744,0.9999999843771549,-1.875624809396651e-05,-0.00017067645698292324,1.8745197647093944e-05,0.9999999965873618,-6.435941629246733e-05,0.00017067852729689423,6.435596684853938e-05,0.999999983121965
20:43:13:802,-0.9928246358832661,1.1795173175591147,-9.513018823557712,0.9999999882829463,-4.115588650597328e-05,-0.00013452883185671805,4.115112736533625e-05,0.9999999958158925,-4.6056755611241776e-05,0.00013453236698479168,4.605279975023787e-05,0.9999999889850892
