timestamp,x-axis (m/s^2),y-axis (m/s^2),z-axis (m/s^2),R00,R01,R02,R10,R11,R12,R20,R21,R22
20:42:56:903,-11.65895937,-38.03649939,26.086555800000003,0.9917723159713118,0.1229784885893472,0.0355522800559997,-0.1223958311046861,0.9923156940208142,-0.0181335029209176,-0.0375091162398367,0.0136328553234304,0.999203288352594
20:42:56:936,-23.86660783764246,24.432802678628274,37.50578930479694,0.9934255379578308,-0.10728579158378901,0.03552005140433789,0.10769575094160631,0.9939700898327664,-0.009835156285935833,-0.03426137664870011,0.013634388666788497,0.999317136523463
20:42:56:969,-28.469384701639623,26.457154088146357,37.95074126114739,0.9950183044000369,-0.0905428431963414,0.033948103270749465,0.0909473147360089,0.995499206233841,-0.010549872202862725,-0.03286020207857681,0.013635242989825096,0.999372262467263
20:42:57:002,-32.472173521764695,28.478558684117644,38.28894781411764,0.9965318854620524,-0.0757141794287178,0.032935729239651,0.07611719335739002,0.9969831485080898,-0.0111581527998404,-0.0319950999818009,0.013635467430271699,0.9993947394964248
20:42:57:036,25.037237379578816,-6.017639509204858,18.741299606745695,0.9937053998345333,-0.061386595125595994,0.09352607689883703,0.062385991447364196,0.9980164262202187,-0.007803395265260623,-0.09286251195328205,0.013583869775526964,0.9955742326151422
20:42:57:069,22.725410620568013,-11.41510895078809,18.89735641182735,0.9932911497231361,-0.06075494971538473,0.09825406329139584,0.061792553092943514,0.9980844573340324,-0.007572279584948385,-0.09760082487300795,0.013572795211653397,0.9950946561605978
20:42:57:102,21.11822063038835,-16.88963955990291,18.487972668932045,0.9928700254652371,-0.05918313380809389,0.1033503091101878,0.06026684049859849,0.9981542735645336,-0.007399447203572901,-0.1027217373143886,0.0135701231950658,0.9946054145059091
20:42:57:136,3.3470344476863616,-0.9883860082897367,-24.24019970897787,0.9948472911780426,0.04432786279710462,0.07275157570244986,-0.043053007284604615,0.997616999206115,-0.019048560911039826,-0.07356893234499262,0.01473830952466138,0.9969418518782923
20:42:57:169,4.776515680296118,-5.590345680167386,-27.375538162090013,0.9961649385574173,0.0021390660183960453,0.057278218962334856,-0.001197782243362319,0.9979661016803018,-0.016458370653510464,-0.05742558461059592,0.01474229866149686,0.9979513244600217
20:42:57:202,5.6365052884615405,-9.726656503846154,-30.65700310615386,0.9973956163885057,-0.03603945545953201,0.04091556090937171,0.036651061397132305,0.9982821965086862,-0.0140668452724117,-0.040450033739358716,0.0147602183289154,0.9989035560117696
20:42:57:236,-28.22680104872059,-3.4830655790819463,0.7022621325370829,0.990550012312873,0.07489961290626834,-0.1108775460801294,-0.07600327280648836,0.9970398149328468,-0.005985562439278559,0.11011245486936962,0.014678245002078106,0.9934007059356413
20:42:57:269,-5.12901074884775,2.6087060867073295,-5.525095576784665,0.9936259911058021,0.061928836055035685,-0.08271236906724545,-0.06281418965828667,0.997790141730432,-0.00877894332098082,0.0820158108777772,0.014716830881264164,0.9956930948609196
20:42:57:302,16.149372103267922,8.360633168867997,-11.17419269592233,0.9964606832670081,0.05079030474612601,-0.05650876089454041,-0.05147169406313,0.9984972454969469,-0.0113854756854727,0.0558634557574428,0.0147437603307592,0.9977897545410408
20:42:57:336,-30.13991135574048,-9.555313193422561,-24.870334729807997,0.9939844551260283,0.011601397388735646,0.09724578757131745,-0.010162094058019665,0.9987232251172083,-0.015532981704882433,-0.09745694070093013,0.013573500506676292,0.9950475870546489
20:42:57:369,-10.189151268383382,7.151091367629979,-17.249007539054514,0.9922339961293175,-0.04612026040933739,0.07332615608660104,0.04715323633713125,0.9953658323366013,-0.012825046033198121,-0.07286434294490392,0.013606845184225846,0.9966893377522847
20:42:57:402,8.047469532857145,22.61911179857143,-10.21918911428571,0.9904791968273925,-0.10183612759621262,0.05294374838124,0.1025080019085324,0.9921625024430609,-0.0101937491366932,-0.0518374689908156,0.0136232120843457,0.9981715155415996
20:42:57:436,-17.781457639653492,-10.751928059685623,-20.589821688532957,0.9846371661841437,-0.10185181078050806,0.1225319973269523,0.10256397344995995,0.9924742879072201,0.0008081805742660261,-0.12206634828228866,0.013536764572868797,0.9921141396499402
20:42:57:469,-14.524767193837093,-7.100343664191883,-15.668611709960812,0.9873413759954438,-0.021170968929679682,0.09123991977320238,0.021843404156866062,0.9925072364426718,-0.006016874513600353,-0.0916387063454565,0.013567553799486064,0.994712220000636
20:42:57:502,-11.485743342815532,-3.9991265991262135,-11.022379231456311,0.9898623764196436,0.054781586656011995,0.061238906957611396,-0.05416127922270981,0.99255585108697,-0.012482735122976199,-0.06244811126410339,0.013604357760682199,0.9971145946980008
20:42:57:536,26.479972592643964,2.004191091760625,-0.5116611946985012,0.9911858169729046,-0.1126871501865861,-0.0720076441257483,0.11131116081923377,0.993641527434502,-0.02286206948283077,0.07412150163830106,0.014737659888276805,0.9971894311463823
20:42:57:569,23.599047926127625,-8.302638787939731,-7.131372893203148,0.9931796975961527,-0.09626064399598468,-0.05755405593694182,0.09518757323823623,0.9949553923539112,-0.02080207200648446,0.05929183728161593,0.014736203841501082,0.9979051852662444
20:42:57:602,21.296227842524278,-18.21530543330097,-13.433219685436894,0.9951304310433307,-0.0826648687982322,-0.045479578659404496,0.0818567896456857,0.9962409132466085,-0.018966830161939598,0.0469000759872674,0.0147513346400052,0.9986025401520816
20:42:57:636,18.81725430553733,-28.15907098871747,-19.737596370749532,0.9970559120556692,-0.06832033530499562,-0.0317859660432415,0.06779765154848834,0.9975286558778935,-0.016934168610128406,0.03286484726442676,0.014753853483179109,0.9992751828705779
20:42:57:669,19.80667653301347,7.0112986092385405,8.452966920774735,0.9876972629971223,-0.09899552481151688,0.06769098546749153,0.0991806014699513,0.9940333741539447,-0.002809683003328498,-0.06705719615519723,0.013542068075005253,0.993580094562607
20:42:57:702,7.073960140615569,1.8940013659223303,10.541163110679612,0.9918590803148006,-0.06780916265748231,0.0027145476279313973,0.0674074515755135,0.996504853093474,-0.008800856565742199,-0.0021647680273040974,0.013578358044195799,0.9952089775992266
20:42:57:736,-5.584647161170344,-2.5577244292576546,13.05076061433001,0.9959537953139697,-0.036781540175875725,-0.061790325098873555,0.035795029737995844,0.9989524763958341,-0.014714587289011502,0.06225333498558255,0.013599535848961234,0.9967956173185096
20:42:57:769,23.184821942749345,29.05036143959244,10.356279526173957,0.9965701283933753,-0.04886586875555335,-0.040440662895340276,0.0482099705869796,0.997890274103907,-0.017036424185680087,0.041219459582110624,0.013628307699620607,0.9984436926383705
20:42:57:802,13.655325685065456,22.450615885384618,-5.459966037692307,0.9978095134897224,-0.0187317143421355,-0.015349127842374096,0.0184645986581017,0.9986339059531343,-0.0158026523542518,0.0156677459264895,0.0136364195484433,0.998957778121189
20:42:57:836,4.302804149205511,15.949004919634312,-21.611554532980605,0.999045463344387,0.011789807846200826,0.010830961984207377,-0.011651701000020154,0.9993629474528998,-0.014591869559158968,-0.010977762792449039,0.013644855833046433,0.9994826814757385
20:42:57:869,-9.053711938532912,-15.10617679242379,-30.122885761855525,0.99621801947437,0.031665954679301805,0.049331384947211426,-0.03088617174370775,0.9985856648069467,-0.01716517550569381,-0.049826745127895235,0.013612685685238967,0.9973949790299191
20:42:57:902,-13.357445675346536,-17.137462265643563,-26.238488223564357,0.9968643429836448,-0.0010090812273438993,0.008776646093867,0.0011661148791781001,0.9986766584474236,-0.0166292057700821,-0.008779417529349298,0.0136179320090038,0.9979584365812343
20:42:57:936,-17.530112120251616,-19.559304749128447,-22.43080389156414,0.997430526044413,-0.03406470715469386,-0.030865784323120007,0.03360975439849161,0.9987518572506776,-0.016055745788051478,0.03135917657783271,0.013630570678706794,0.9984578837086489
20:42:57:969,27.75745965474447,-12.440134955296003,-26.799002779939922,0.991192056194871,-0.04375986475494858,0.09640514274722396,0.0447741084343498,0.9980904311932913,-0.007506792203649564,-0.0959492799738077,0.014686124738860298,0.9929772758356237
20:42:58:002,14.400487251088391,-2.326627135384615,-8.43702711230769,0.993394572514004,-0.008446514481551598,0.035278880737157,0.0087544689704573,0.9983199638207932,-0.0091528173574989,-0.0352442786734577,0.014699378227498498,0.9949304150529078
20:42:58:036,1.6564418092849418,8.102173093622545,10.15965445452951,0.9955279022387716,0.02693523361896545,-0.025597216638886783,-0.0273332938619476,0.9985525680251249,-0.010757380506327689,0.02520849457648352,0.014726422915114492,0.9968116137038058
20:42:58:069,24.097038076461835,17.786343955456783,15.75149118400814,0.9931439113088767,-0.024550105306147908,-0.11250892514806889,0.022766203799109087,0.9994017141557459,-0.01707655059481006,0.11289858483401523,0.014678915957084235,0.9934888574121971
20:42:58:102,2.9065996550495004,23.23656343871287,13.728116136831686,0.993272100066197,-0.0475412710116451,-0.09701991301065019,0.045942804058637,0.9981285088123192,-0.0185006163455121,0.0978390332677289,0.0147005543607207,0.9948657735977584
20:42:58:136,-17.972970217763113,28.621679425563055,11.636880930419975,0.99334115975838,-0.0702805930918321,-0.0824293830475423,0.06885788623724866,0.9968293910820686,-0.019902501001465192,0.08367880456209946,0.014713078300721022,0.9962097003323601
20:42:58:169,19.60230015864467,-2.7653184508457556,2.837889043210989,0.9902233360438105,0.1006415885907136,-0.09078545914857834,-0.10141648494167103,0.9944224209166304,-0.0038461223025473687,0.0899175787121743,0.013571245572258497,0.9957246144596911
20:42:58:202,12.281452919999998,6.60019743,6.973438500000001,0.992636281958135,0.039674980423386,-0.06249237762001329,-0.0402316579240534,0.9953754836285728,-0.0075359352805691995,0.06229068869922869,0.013604732918234998,0.9971420914073523
20:42:58:236,5.317051800970114,15.382452354866935,10.898123598244856,0.9950063562008946,-0.018945044074681998,-0.03441907264537675,0.018613979243016842,0.9963036458731735,-0.011006998846482688,0.03485405794577871,0.01362338723810575,0.9985446717654487
20:42:58:269,-4.936979856516966,-21.724542562363347,-9.262414954932638,0.9898026539103191,0.1000424895063713,-0.1031347624055688,-0.10092084208323489,0.995032576280602,-0.0033609705245304985,0.1022707246745211,0.013576142273109906,0.9946982200269961
20:42:58:302,-1.4425899300000005,-13.242473685683875,-3.4105743102857127,0.9884062771614602,0.0979252463205788,-0.1145429495165566,-0.09881732804911171,0.9951011341311967,-0.0022733517911706,0.1137592346018282,0.0135559241487791,0.993241334597022
20:42:58:336,1.9888612853586365,-5.146603536749123,2.2570441892471926,0.9868967467410066,0.09750782461790578,-0.12734358674148175,-0.0984228418278098,0.9951583641278033,-0.0010445725130034645,0.12662337523769635,0.013534726623479909,0.991684079956303
20:42:58:369,5.470194337233446,3.4214545609280678,8.172489843078692,0.9854909192892247,0.09636892239169932,-0.13845421991140797,-0.09729784840248351,0.9951681238013356,5.7495549978754275e-05,0.1378010029285696,0.013515122757335667,0.990276906273391
20:42:58:402,8.354549814,34.535340474,26.223779387999993,0.9903283324297064,0.0456335064899364,-0.0459521896241832,-0.0460515687065516,0.9921633519617143,-0.0067688795055147995,0.0456273114123318,0.0136172432215076,0.9980590186299819
20:42:58:436,-6.617584949312716,34.49149861795071,25.9868241239587,0.9900551079335809,-0.03750432646520144,-0.01608919553903563,0.03738509155655954,0.9911317915830279,-0.008521778593661263,0.016680915021229942,0.013625417130632955,0.9987982147499004
20:42:58:469,-20.52173136169882,33.586577961259366,25.940922841937144,0.9898179644173184,-0.11798388772959242,0.011281125754823223,0.11812320525842984,0.9902525204276047,-0.010389820733684683,-0.009803979765610878,0.013650349970645804,0.9994194173966445
20:42:58:502,26.354672909999998,-25.3968904332,32.64084910080001,0.9906210986004185,-0.026628479473764396,-0.13042734170741258,0.0245340880351632,0.9992081104071637,-0.017568569369637396,0.1308719487070362,0.0146456618269315,0.9911508998757971
20:42:58:536,5.520148526221478,-18.79500916970892,30.361212671817455,0.9913413605161125,-0.04817629999025557,-0.11636909161829495,0.0462008111691161,0.9982344211953911,-0.019528821453663782,0.11722396375224928,0.014670247580491838,0.9928111692995004
20:42:58:569,-14.251354856718036,-12.39441697323722,28.070744677667047,0.9920637434454934,-0.0679180049943439,-0.10016632778375559,0.06609727485702735,0.9973335609230435,-0.02129237882907584,0.10140249878712423,0.014680392091800944,0.9944039046920253
20:42:58:602,17.863549606551725,-4.663482874137931,22.96543326206897,0.992318107479589,0.0017884551770115016,0.0744812701716469,-0.0007839704822276976,0.9981124610228509,-0.008922618282333799,-0.0743693016125302,0.0135628776727401,0.994074362898462
20:42:58:636,24.079452543377556,-10.713188803167373,23.47549539378165,0.9898385577099614,0.04886106235113738,0.01213373423505473,-0.04844686803655124,0.9954492979312346,-0.005611945798915865,-0.01237201192103028,0.013567691874647517,0.9942887479779966
20:42:58:669,29.215393987945035,-16.916646713558773,23.420545812336208,0.9874884975360245,0.09369663833257236,-0.04575064338732954,-0.09382401062339508,0.992948826718405,-0.002455060657725399,0.04517596589181668,0.01356704731400285,0.9944688131690423
20:42:58:702,-37.67958205451613,-30.63937732659573,-8.564889483870965,0.9924069006894778,-0.020466285704748104,0.1194018316610218,0.021935897789692693,0.9994723101933477,-0.011003630310540097,-0.11916782290046328,0.0135496502437975,0.9927816461472625
20:42:58:736,-23.28119266307804,-16.439842035450624,-5.2073415882904035,0.9889361604899448,-0.06421172040875793,0.12002368865441906,0.06536811716629323,0.9961039624973825,-0.005681443598086174,-0.1196054545379297,0.013546967462840655,0.9927265838578292
20:42:58:769,-9.796163994487369,-1.891387787268445,-1.716450363563247,0.9856403106277352,-0.10423711878602591,0.11832726929921407,0.10506641216342756,0.9928314515516732,-0.0005957326683454854,-0.11775413119532897,0.013563541305259701,0.9927483984118605
20:42:58:802,-32.35997051038835,33.04847669330097,17.568277359029132,0.9915980963842356,0.11230796029321377,-0.06136138725811199,-0.1129845224106506,0.9935341963360339,-0.0080092131383476,0.060066807161101805,0.014745875873550298,0.9979329247279487
20:42:58:836,-25.740504016575454,18.088064511701738,13.378190795042087,0.9910394775503236,0.12214608219726295,-0.03882659380346449,-0.1225663852627331,0.9922597169512123,-0.01054722819868602,0.03724053414862416,0.014754162189105581,0.9986152315462503
20:42:58:869,-18.83422473162438,2.8896253915352563,9.70757606197274,0.9905982811100544,0.13024520757790858,-0.015633985771111924,-0.1303962853828098,0.991149424201447,-0.013071158450121181,0.013788774245683167,0.014766188269314083,0.9992511697398165
20:42:58:902,10.865990402038832,-33.33984283660194,30.759401673786407,0.9953496935569176,-0.018193276212805892,0.084466480141396,0.019353898301181907,0.9993630110581683,-0.0122298882766025,-0.0841948179881208,0.0147100000469273,0.9958043642140372
20:42:58:936,14.756095967459776,-29.932644165423316,23.628452361451828,0.9935382106451316,0.027937425552305318,0.02817732559924334,-0.02745030634771742,0.9972291177452196,-0.009930393477425838,-0.02840664397312922,0.014714669750789791,0.9961539589542807
20:42:58:969,17.564774619892685,-26.10056676596598,16.335227474560718,0.9918594956112308,0.07067662611126162,-0.02508815959679928,-0.07083016137919364,0.9952491360218129,-0.007739132016184786,0.02439611363242324,0.014724040510739828,0.9964810315310424
20:42:59:002,-33.831733920000005,6.820281510000005,-5.081436119999999,0.9961124621106988,-0.0340426685908848,0.05216698877335829,0.03461533932005859,0.9991214957168358,-0.0117653694155949,-0.0517507372749239,0.014729300862420297,0.9968112043583867
20:42:59:036,33.19409214041924,-9.643607561577294,-1.198683016704977,0.9926309748532787,0.023575114936889283,-0.04643498737146904,-0.024067803659802663,0.9940454959114093,-0.009377727500512707,0.04631058684482588,0.013615497911330664,0.9984508391291029
20:42:59:069,30.259963498618493,2.2263009834959266,1.5102303675256294,0.9916441975876774,-0.05528223332114395,-0.022535073117727015,0.05503814324557449,0.992327320008318,-0.011488495021915476,0.02339356237322323,0.013635981434132135,0.9991561935985827
20:42:59:102,28.451536030693067,13.320238190033704,4.006094352904984,0.9906682031752936,-0.1280775574974339,-0.0018531876594050012,0.12804800728354238,0.9906605562946617,-0.0134227620529465,0.0036214327094430017,0.0136413145922987,0.9998233000133749
20:42:59:136,24.209730919541524,19.473991409000792,-22.951741687235625,0.9939002942597324,0.06459068349959203,-0.08703051957680881,-0.06555595496602439,0.9977570993644438,-0.008383211038456113,0.0863185472650221,0.013594025884400162,0.9960219046276618
20:42:59:169,11.051954474369037,6.598956356895814,-19.593469809733982,0.9932834379879218,0.04839123601782976,-0.10058702949766382,-0.049544773021706554,0.9984365952895233,-0.009153248188760942,0.10004316871826852,0.013576068782425116,0.994716947196635
20:42:59:202,-1.487334899313982,-5.881842118598127,-16.50557015831776,0.9927317730955032,0.0347701506147719,-0.11302722620017988,-0.0360983993395074,0.999168413664545,-0.0097956421831037,0.11261828469332008,0.0135584493028058,0.9934263524038524
20:42:59:236,11.30273437797107,-37.92331244456095,13.655987192869418,0.9923661414794089,-0.05203582867134601,0.09701283088283116,0.052964664378435104,0.997666629941674,-0.00687630696485741,-0.0965446326474284,0.013570436978047508,0.9945918303716552
20:42:59:269,8.473984619660298,-36.55161011192912,14.01121240882744,0.9952193533794041,-0.013364694083575514,0.05907915614441274,0.01394685217766088,0.9983014503449086,-0.009867184052076441,-0.059037653177555376,0.013595728060592777,0.9967753103030293
20:42:59:302,6.0530467609090906,-35.48061507,14.511498981818184,0.9979071828647108,0.0230921144494901,0.025503001014039395,-0.0228114014671302,0.9988466216112764,-0.0127234015546035,-0.0258680220144224,0.0136285037697899,0.9988843466045996
20:42:59:336,19.180090943912695,-14.122286125906259,-15.27924737570546,0.9938352032874895,0.09938545374789282,0.021680064169788234,-0.0990166990515905,0.9939981608214967,-0.017418909049052883,-0.023305671476793948,0.014777257993619572,0.9995768020985752
20:42:59:369,26.160972240908887,2.8949693659768725,-22.14328618626197,0.9962581637954511,0.05846760160654455,0.013815553232489144,-0.05823489976638435,0.9963171015891658,-0.016365118803669153,-0.01477447746191212,0.01476824985530254,0.9996976198394569
20:42:59:402,32.770354241972754,19.39492459834951,-28.767323642330094,0.9985191737246089,0.0203268364437903,0.006098678599960599,-0.0202256642203696,0.99847632582009,-0.0153993109532317,-0.006436417979207399,0.014773681024652199,0.9998146492182113
20:42:59:436,0.2593942526809866,15.585274453222572,12.81731393711934,0.9985269489889915,0.017653130176838908,-0.014564033417375303,-0.017884300969177865,0.9988071303637658,-0.013383065943270574,0.01426183595880016,0.014662144558499547,0.9995215461341005
20:42:59:469,-13.322682097945425,15.841433122617511,12.49321208254226,0.9959077272455442,-0.03195703875305719,0.01307356261899147,0.03203771497633754,0.9967073497347301,-0.010927551388491333,-0.012822430685017107,0.014276521782161938,0.9990369143838569
20:42:59:502,-26.397034918217823,15.84261880306931,12.367125106930692,0.9934073400739858,-0.07951502712667238,0.0390440162308757,0.0798883013060626,0.9946966434347504,-0.0085857702408857,-0.0382604703765287,0.0139046327857858,0.9985805566136118
20:42:59:536,17.020806050435823,-4.4383453167558455,-32.7188777116859,0.9942957319627823,-0.10523484288956417,0.010868762456506443,0.10536920957971477,0.9942616173329542,-0.012612194991366284,-0.009482002744139914,0.013644995891385705,0.9998612809667244
20:42:59:569,14.415781551892387,-2.661173565514534,-9.357800683200972,0.995808409103282,-0.0856515780044817,0.014882700583650649,0.08584220871583201,0.9958062344642367,-0.012543282527467855,-0.013758203268586124,0.013646530762635013,0.9998304446681072
20:42:59:602,12.423513984709514,-1.1782451423076925,12.08797934538462,0.9972039683057247,-0.0673484849238405,0.01719073803236869,0.0675688879304686,0.9972680278280224,-0.0126352120829272,-0.0163032207497719,0.0136449333364931,0.9997630297191055
20:42:59:636,-0.9490516435665011,3.2115598246012036,-28.537206624736136,0.9879020639820637,-0.0954002221029618,-0.11659851572895197,0.09307758126827717,0.9953482008293332,-0.02453297475837798,0.11839610912355528,0.013536958995229545,0.9921854901610586
20:42:59:669,-8.060923914192713,0.9985773015416795,-29.31823948423617,0.9871882955050616,-0.10093419611943717,-0.03456681514029762,0.09967355117460801,0.9947578280656345,-0.015982360620837646,0.03599860314238657,0.013538028087214098,0.9921728313022035
20:42:59:702,-15.165826287017206,-1.1252077546153847,-30.615722626153847,0.9863583956094036,-0.1067684229345016,0.0430084251802046,0.1065004451788746,0.9941546037554904,-0.0078671701448223,-0.0419171772107142,0.0135352673356313,0.9920506973509927
20:42:59:736,-22.08936822602758,-3.1336259464356773,-31.809921232914665,0.9856252529200747,-0.1122118138673084,0.12204152809440232,0.11296335110675239,0.9935708712115258,0.0003842901412676476,-0.12130219736242832,0.013542178695929193,0.9920078583402088
20:42:59:769,19.366951780883305,23.28271473893424,-32.96721058397392,0.9964967838479939,-0.055545269819778496,-0.03195658392825812,0.055028604052497494,0.9967917848114652,-0.017301594678335416,0.032932868441388374,0.014781261163999457,0.9994463307579187
20:42:59:802,5.12862241235294,27.315420838235298,-33.602967412941176,0.9928884424853078,-0.0958490292652947,-0.0369052655752367,0.09519132913975828,0.9935216743830008,-0.0190439199089424,0.03861650424382759,0.0147627909362365,0.9990776582197444
20:42:59:836,-8.720424908687765,31.757758730195537,-33.83077141552828,0.9893877438474994,-0.13406644816481034,-0.04342612505166461,0.13325943859142192,0.9902699188926671,-0.021053844724084763,0.04585397336778571,0.01475177971337428,0.9987951154407325
20:42:59:869,-4.978476797297016,30.540239340318653,24.436858935097757,0.9911231152486422,0.11757426681030532,0.05729348384569435,-0.11655547430038042,0.9932758320426706,-0.01957405231387955,-0.05923031597639532,0.013596099688991583,0.9975693281768269
20:42:59:902,-6.057498896213593,29.050087368058254,23.413806442135925,0.9902299391899252,0.10354014520082132,0.0824593180850778,-0.10201227069863532,0.9943891718044543,-0.021495267779521,-0.0842460865205121,0.013582731543681,0.9955295278408002
20:42:59:936,-6.870410113846997,27.09978963010228,23.14068653974734,0.9893730756367312,0.09213183406315656,0.107624983017289,-0.09009013233278543,0.9955912118336109,-0.02332284443908619,-0.10930703720290214,0.013553687664372826,0.9934389903295076
20:42:59:969,17.94796142653418,-25.363099022652705,19.636483011384307,0.9918183576975445,0.012557504779589954,-0.1226510371634301,-0.014157702739270386,0.998961968678324,-0.011927805862346305,0.12259890020632883,0.013544223468299449,0.992686737947658
20:43:00:002,-4.436676600291256,-9.445766795825243,-2.5726595469902924,0.9906696226052552,-0.0201323880077045,-0.12404910997937428,0.018246355931166195,0.9983364418239233,-0.0162993405947297,0.1245093195850003,0.0135359215609798,0.9920986479896556
20:43:00:036,-26.39249373540738,5.779044190090359,-24.77679896598689,0.9895337029859607,-0.05329331829179631,-0.12710008025343353,0.05109407734478563,0.9977070402702656,-0.020606843384752563,0.12808265355106305,0.013528148416889842,0.9915281892960287
20:43:00:069,25.314562375698777,-21.37832828103302,22.209986036777135,0.988570110926723,0.07414785465919536,0.0583079121370929,-0.07310081627404262,0.9928159303475437,-0.024773047057627933,-0.05961983594661512,0.013580728080154685,0.9953830862423795
20:43:00:102,2.7190000482857104,0.21090425571428326,0.11624962114286275,0.9866572617556364,-0.007607988688147601,-0.007719105176871502,0.007290745792660099,0.9917670582370837,-0.0266301316432939,0.008063733775229098,0.0135684273301186,0.9944811181797428
20:43:00:136,-19.37298109615286,21.64762485383683,-21.266391461060323,0.9847389375520085,-0.08863752669162839,-0.0725787894616856,0.08697598472196413,0.9906883702820004,-0.028520639019769364,0.07456663508245685,0.013556444717347441,0.9936029339533171
20:43:00:169,-8.04091968589761,11.384687127201827,23.971882985162864,0.9892628727897693,-0.07352495650277219,-0.12675524540391175,0.07119484682622652,0.9972424583353797,-0.02276650384124112,0.1280766001895381,0.013530338595129967,0.9916890463599484
20:43:00:202,-16.65153239914286,7.991677166571429,22.84575334971429,0.9904118006356855,-0.0696114634066509,-0.1184931582085783,0.0674844001709913,0.9974582789368704,-0.0218319479846575,0.11971710453069279,0.013543286801001102,0.9926384741576988
20:43:00:236,-24.880984443012935,4.347767123204591,21.888709101000693,0.9916521298861872,-0.06431107718849739,-0.11065000536827398,0.06239002733254636,0.9977679236843265,-0.020701972098203934,0.11174958486950612,0.013556289277194298,0.9935887477876894
20:43:00:269,15.428663059519895,-0.6832223754896095,-38.906578189224454,0.9929868997273359,0.0609395597021861,-0.10071285873503882,-0.06200418586973118,0.998042191676095,-0.007468130145928413,0.10006422333544153,0.013572954831583694,0.9948336227025026
20:43:00:302,6.366437245982456,-8.056533478235295,-36.73470450352941,0.991930628766838,0.0356770106798248,-0.1146609471924869,-0.0370731294593108,0.9986495263240271,-0.0100897888930215,0.1142931247538827,0.0135500953572371,0.9931374988754502
20:43:00:336,-2.240257240853423,-15.757768852761787,-35.452084682899255,0.9908847730646941,0.011541860003718738,-0.1270564661405863,-0.013241873009407391,0.9992710907581288,-0.012573791000038578,0.12695244040756293,0.013524995189790813,0.9914395692522284
20:43:00:369,2.12739325686173,-27.68314930702665,-32.88537477548584,0.9938958630490644,-0.011507666672846318,0.06369456042786448,0.0123034091861697,0.9998500594364439,-0.01282090487726579,-0.06353736357554914,0.013574769313511714,0.9938708262100877
20:43:00:402,2.2914430747058825,9.79927266882353,30.751114623529407,0.9988362864686005,-0.0240500920832848,-0.03882008536288731,0.0234501227341797,0.9995598218345461,-0.0158033470889027,0.0391858137604135,0.014762273978677,0.9990426729144493
20:43:00:436,13.492713148602572,-7.715668196673055,27.80729858777661,0.9992808482887862,-0.017379969727245557,-0.02980990250938887,0.0169246007087261,0.9997051593453938,-0.015417568904168052,0.03007253865502449,0.014766851411860826,0.9993477896970312
20:43:00:469,24.14155040668049,-24.809692331277034,25.166363887196436,0.9995792516184693,-0.012080451273673359,-0.02000214760010618,0.011775844568321514,0.9997350411774852,-0.014909233811641016,0.02017174562074319,0.014757470477070557,0.9996237027467542
20:43:00:502,0.2630416255339798,-26.271047326893203,24.66684402815534,0.9905441447026936,-0.075491741618449,0.0747785048328996,0.0762389287120261,0.9933172392693744,-0.0071300049534232,-0.0742615692886654,0.0136042801360945,0.9971089052997495
20:43:00:536,-8.278228430454742,-28.027147830767884,24.07014235880335,0.9930493698641292,-0.011862852034958307,0.06768806842260518,0.012692347249556075,0.9953220729814203,-0.011819867388697508,-0.06786211059554725,0.013612207706952074,0.9975529099456556
20:43:00:569,-16.375118656792928,-29.30877378466367,23.43694938424618,0.9955336821482754,0.050230959092306675,0.06036844901438416,-0.04932726132259701,0.997297455211717,-0.0163701064671876,-0.061215229990871256,0.013615539631466007,0.9980073063765106
20:43:00:602,7.775302852135926,-2.6835951224271857,20.702364539417477,0.9988596600678188,0.0380264543816552,0.015520831838624799,-0.0377985307574464,0.9989430854444064,-0.0144736513592481,-0.016065859518041,0.0136398856749724,0.9997185692832882
20:43:00:636,3.45837129061993,-3.906283721507989,20.00711911830208,0.9977577748398921,0.05532563070642364,0.023979690709506642,-0.0549639775155509,0.9980311861360702,-0.015318588652939506,-0.02479587355271393,0.013637089574132226,0.9995163213852233
20:43:00:669,-1.1274163198984868,-5.258635954019893,19.275635563831724,0.9967038700460836,0.07195493521440226,0.031301522506548426,-0.07147597830450139,0.997160416132865,-0.016079010157856587,-0.03237657855055506,0.013634501359553356,0.9993221226577378
20:43:00:702,-24.33145197,-18.109970359411765,17.094045797647063,0.9977111514809855,0.05285221434344619,-0.012622075728223598,-0.0529822927311204,0.998477751239676,-0.012657576279056297,0.011932222033992197,0.0136316354219161,0.9990597767041655
20:43:00:736,-0.09450312602129868,-0.4021859387654632,22.460196949258535,0.9972354176657134,0.045793602289245214,0.02256962168320797,-0.04541955524736496,0.998800491130617,-0.014084763831957402,-0.0231905781758786,0.013621936755458388,0.9982415912052655
20:43:00:769,23.167286515001223,16.66282692775937,26.90104800486757,0.9967772146950746,0.039264603028053444,0.05624761012589038,-0.03840775433196522,0.9991011584613584,-0.015462611804040962,-0.05680620922629273,0.01361277327101629,0.9974636623032468
20:43:00:802,-4.685968129805825,-2.3204841632038824,-24.01110686446602,0.9964552612133148,0.0686863880940846,0.016730149017016395,-0.068345060067717,0.9974954491134878,-0.0152444663488162,-0.0177410234475996,0.013630464354228797,0.9987467464231092
20:43:00:836,9.26328822086627,-3.3898647681866936,-22.00320727008892,0.992962975249082,0.07845708880215416,0.05931076087140097,-0.07727553011946825,0.9967472471836968,-0.019187416704979844,-0.06063209356381003,0.013590677555518196,0.9959371930964118
20:43:00:869,22.561268088740547,-4.5296115318621855,-20.373000512058344,0.989582454171377,0.08508431776644693,0.10018737686996404,-0.08310132109531153,0.9959711235752484,-0.022831710418557808,-0.10177145289656007,0.013552867278801695,0.9932719476324626
20:43:00:902,3.272708290194174,-4.689639927087379,-27.910110413009704,0.9930931447592708,-0.1012619130285681,0.0475971174969211,0.1018081337875875,0.9941910249259467,-0.0091853548731037,-0.0464607708210172,0.013626957024043,0.9987709797859944
20:43:00:936,-1.6044829471071622,-6.085694800355896,-29.27084161831036,0.9944112523607693,-0.06152007032251231,0.059840000221525615,0.062281809137981786,0.9962501672435996,-0.01097439785576533,-0.059158315378551124,0.013616545415702714,0.9980077945722103
20:43:00:969,-6.598589348764618,-7.566332178693199,-30.007516559184438,0.995513053875862,-0.025293567962600703,0.06860293730003521,0.02620071269707378,0.9981281430636255,-0.012989098848776122,-0.06830759506060105,0.013605594124505967,0.9972052548663074
20:43:01:002,-13.855650791538464,-15.007742473846152,9.154873107692309,0.9822448507827968,-0.1337387077958896,-0.12017916678086608,0.1311065002052265,0.9894877595613862,-0.029573078377071398,0.12324892426031951,0.0135383362757947,0.992275631528774
20:43:01:036,-16.822589337512156,-17.260010865455406,11.086443062729087,0.9817581173668061,-0.04373835098147762,-0.12762958705468086,0.04180972261380414,0.9900273179799541,-0.017655103396452942,0.12948428244590357,0.013526483381340111,0.9914068906333452
20:43:01:069,-19.849348565442202,-19.74212686530488,13.0908403074807,0.981150989806185,0.046354000378443214,-0.13607626575239273,-0.04759078686257798,0.9904912149506008,-0.005725135115536184,0.13672556100714298,0.013514012640503581,0.9904928535786616
20:43:01:102,-22.698799830000002,-21.78749007,15.050305800000002,0.9807146715048135,0.1329328878740622,-0.1432744932521754,-0.1334938073571129,0.9910330586982944,0.005734105370908501,0.1427520104674806,0.0135027363361893,0.9896663779369932
20:43:01:136,-13.936497736483059,22.01004643310713,34.31746176960415,0.995038298005032,-0.0007912609806437765,-0.09400123831328742,-0.00047854595564818264,0.9993849816295013,-0.013463287252868739,0.0940471237995586,0.013581895983663859,0.9954682429956635
20:43:01:169,-9.821512054341174,18.802245569193133,35.34621500513388,0.9948911395586919,-0.025372208841317287,-0.09055640301315204,0.02405786191413443,0.9989226567909247,-0.015567837774607591,0.0909814119117396,0.013585767973905061,0.9957524088062754
20:43:01:202,-5.835460842,16.041120116400002,36.06516694079999,0.9949116398428675,-0.04968874149225529,-0.0860719057329408,0.048330142564313595,0.998538993049366,-0.0177971396871134,0.08685505491477712,0.0135908582163063,0.996125162270852
20:43:01:236,-11.972910243637564,-14.276386205533928,-32.06129823524153,0.9925796405512235,0.08596955973312934,-0.0026483800436394034,-0.08599322861955921,0.9928244617246392,-0.011232273435992412,0.0015722762448565817,0.01363940585323734,0.9995999554012763
20:43:01:269,0.8244209662524653,5.83523429297946,-32.40727752771328,0.994898653980719,0.021706732167186864,0.016218492867068574,-0.02150763550955896,0.9953687189583925,-0.011250316004017165,-0.01648312121910736,0.013637879482187898,0.9993750742947058
20:43:01:302,12.823246552718448,24.523196388640773,-33.42526669747573,0.9969580693621092,-0.0367864367737413,0.03576946022982631,0.03723092043134369,0.9976658643790955,-0.0113370784239939,-0.0353064848824954,0.0136359450287328,0.999136048396353
20:43:01:336,-3.2913787418762777,4.698313549959916,-8.946278874132089,0.9807459514322239,0.09634046139938751,0.08921615703589017,-0.09413249935808209,0.9896725364019248,-0.032785034320131204,-0.09153592576937489,0.013519483579151495,0.9905318696586722
20:43:01:369,11.454313071373123,-0.910581757485161,2.9777094965987514,0.982529213186796,0.0022085986796339585,0.0019365473244887443,-0.0020037983421770794,0.9906340808895295,-0.03097230265572197,-0.0021531762873840494,0.013526634519321668,0.9913939862770388
20:43:01:402,25.170069500731927,-6.382893177765964,14.360338088234041,0.984122946062442,-0.0855363134841259,-0.0804651450227761,0.0838579043373475,0.991493390746942,-0.0294040872495839,0.0822125756905182,0.0135412197180501,0.9921639422893128
20:43:01:436,3.930014018099195,13.497256311143481,-30.331821583935366,0.9967735612988611,-0.019900190689312782,-0.030167555028047383,0.019478548304486917,0.9971680956444591,-0.014456574127526956,0.030578443491996888,0.014773883985873608,0.999388732169034
20:43:01:469,-8.39507581538337,-6.688524080930179,-28.6917463384092,0.9932100145501279,0.04395754952654011,-0.04226636577537395,-0.04447320911682115,0.9941216981397374,-0.011389829833862391,0.0419230968054938,0.01476057595817216,0.9989108344384269
20:43:01:502,-20.282039279126213,-25.449616215436887,-27.66427162252427,0.9900044865126604,0.105273619430501,-0.051945491136862,-0.10584564785713499,0.991344584446977,-0.0083183241126866,0.05086763032099499,0.014754588677725099,0.9985225671627082
20:43:01:536,4.03645722886847,7.394988493311107,-19.98260282113709,0.9950347195628277,0.006648295874049427,0.09542300168253402,-0.005369100615561764,0.9995842550469926,-0.01381374686569644,-0.09555379162101822,0.013571815326211982,0.9952595434446715
20:43:01:569,-0.8985698735292207,1.7681800268117418,-16.23235233766003,0.9924068952291472,-0.018525366158932133,0.11116727366593948,0.01978679039233387,0.998899958762811,-0.010280494247746333,-0.11104384450064653,0.013556955339755913,0.9933573499578356
20:43:01:602,-4.9739022336211205,-3.4008425100000026,-12.582776880000003,0.9899743356133209,-0.0444911792467632,0.127560184296048,0.0457536439475706,0.9983163389330784,-0.0069819033486836,-0.1271741602943743,0.013528396813366298,0.9915471309096994
20:43:01:636,31.20595898147112,-36.36886141712906,-17.88837360171427,0.9914343587667072,-0.11656058041865375,0.05713518712331575,0.11712914779028741,0.9931051293054418,-0.006962262392249963,-0.05592680754932321,0.013619605357886814,0.9982219524741055
20:43:01:669,7.734700604344237,-36.01302895709059,-19.45800212754095,0.9919946841402584,-0.11655342005956457,0.03799644315346755,0.11693088454032786,0.9930799867837793,-0.00929337048884334,-0.03665183159400212,0.013627003014903391,0.9987797927206091
20:43:01:702,-14.34427124242719,-35.973899078155334,-21.018121009514562,0.9925454831028055,-0.1174046789538932,0.0189913193303523,0.1175929414573861,0.9929901609255696,-0.0115014495024852,-0.0175078771842745,0.0136354614107594,0.999394298303714
20:43:01:736,-26.450245772713206,-20.648775870164457,-19.493377470728078,0.9921550000774757,-0.11449159415496447,0.04376627234690545,0.1149516964588635,0.9932860189506018,-0.008815025812235398,-0.04246646189223256,0.013626549686917037,0.9987413205504084
20:43:01:769,-11.273185340100584,-17.523358925318487,-22.28182362959401,0.9947580831135087,-0.06747883950837517,0.01976164499507326,0.06771647951721305,0.9949103682654159,-0.011590493921544211,-0.018964608175364325,0.013639464024058924,0.9996875607866689
20:43:01:802,1.315312215454545,-14.431174999090908,-24.906213825454543,0.9970446016838139,-0.0164064946252073,0.0126614174193035,0.0165643805681567,0.9970881502470637,-0.012689645390009498,-0.012501971765527,0.013640754394825101,0.9997822410316436
20:43:01:836,21.59799960260979,-8.273180274321263,-28.27145562369185,0.9990988916784472,0.006414435429901458,0.007662911319907173,-0.0063098814251158625,0.9990433910672933,-0.013576867374010251,-0.007757224666729427,0.013641953882474125,0.9998701560603
20:43:01:869,27.546968270519816,-9.722171904587443,-24.342842443888863,0.997617316140501,0.02551921578672193,0.04160738007944907,-0.0249472752848055,0.9984357611080237,-0.014205549595096187,-0.042010462202934994,0.013629897410100464,0.9989864646917617
20:43:01:902,30.702595773495148,-11.74950509854369,-23.015241380970874,0.9975117981251144,-0.0077878605702225,0.04819195538485979,0.008411985035232402,0.9986379327755336,-0.0127262384349258,-0.048140392759199784,0.0136259722266726,0.9986988002793896
20:43:01:936,33.715371175967576,-13.85931971523494,-21.68441125249142,0.9973859063263463,-0.04104877396572789,0.0551915493689765,0.04173081280527369,0.9988296249226757,-0.011251631500910249,-0.0546865452450763,0.01362191409498959,0.9984011652023448
20:43:01:969,3.6305214227808533,-15.699398246630668,-31.72994212068062,0.9978132578745372,-0.009048758345026043,0.035530445889042035,0.00953933033286366,0.9983713902706397,-0.013692364418522729,-0.03544094901352799,0.013633533594970423,0.9992545128279192
20:43:02:002,-9.458443738800003,-14.480229826800004,-29.9787816024,0.9961715118908036,-0.051584303502619305,0.030694596201577,0.05198950167145789,0.996579657263852,-0.0125647014338502,-0.030065514642410404,0.013635801933630601,0.9994192565068626
20:43:02:036,-23.099639282630612,-13.156332948380562,-28.349806362695965,0.9944895814216359,-0.09424732518947235,0.025580407490293822,0.09456402641231829,0.9947350586247493,-0.011450378578474288,-0.02441138233256361,0.013638078514388733,0.9995964828541742
20:43:02:069,-16.92995393323792,0.7929546316462541,-29.4015723437124,0.9915174320265338,-0.08374409350806179,0.03474116143121661,0.08417381407232748,0.9920355418733818,-0.011021171622899013,-0.03385609261376544,0.013635608582375771,0.9993265031126929
20:43:02:102,-11.87627811016113,0.24214365873786386,-29.40245352,0.9928852668276287,-0.0115943627309948,0.0366171490459735,0.012103150400226598,0.9934711534051556,-0.0136216000961207,-0.0366814717825795,0.0136331339468247,0.9992237097100592
20:43:02:136,-6.311094995987975,-0.24602967654265567,-29.295114221309635,0.9942299108109317,0.062165977501379754,0.03828039979787629,-0.0615808864755879,0.9948831890218326,-0.01623555728696531,-0.039316460397680664,0.013639087688055938,0.9991209916954037
20:43:02:169,34.45237056035637,-15.074978954044704,-12.933754315465919,0.9935545505687929,0.1065997593159277,-0.015735487856097862,-0.1068139114351284,0.9936096699461143,-0.013580373752233837,0.014218919493711214,0.014786838069577767,0.9997430650605201
20:43:02:202,22.229277689405944,-16.000424794158416,-14.538727898019804,0.995613272890598,0.0734380266262948,-0.024949587404442298,-0.07378800539921619,0.9959305033608172,-0.013742237438566299,0.0239010695010538,0.0147687226539999,0.9994790895424476
20:43:02:236,10.347773772635891,-17.057920492996626,-15.974892873149061,0.997652456355947,0.04029565676680159,-0.03540193880626449,-0.04079809672040981,0.9982633950101989,-0.013825728332092202,0.03482387134536325,0.014765021309991095,0.9991844064890465
20:43:02:269,7.226787904072602,-5.908666170743505,-19.373019835112395,0.9926896857733074,0.04478263444686774,-0.07558292949811803,-0.04568122204435222,0.9982380199108563,-0.008532527015850045,0.07504577197605536,0.014691090071130132,0.9943163461595642
20:43:02:302,-7.545426243811529,0.24005490428571458,-21.169071313714284,0.9916488740765144,0.008918342347303997,-0.0015003832913548965,-0.0089823485178611,0.9982712936647056,-0.0080743575712585,0.0013746916350236,0.014676641513059,0.9932474622671732
20:43:02:336,-22.249648732446694,6.425669918661043,-22.98363816977311,0.9905930463836864,-0.027276450861259714,0.07261856785742883,0.028048783781392216,0.9983098129094329,-0.007587147946142099,-0.07232737637872155,0.014653186443226484,0.9921588223305519
20:43:02:369,16.200960805011807,-20.74528377859668,-16.179023046953706,0.9993327277615227,-0.02857572417602455,0.010578574237269413,0.0287003755639551,0.9993323611455366,-0.013081475002832238,-0.0102159877324209,0.013627202068532008,0.999820916983544
20:43:02:402,8.42811608117647,-18.784372081764708,-16.663884607058822,0.9955482342982143,-0.0602465374037248,0.0381781036538081,0.06058053270813139,0.9969832218623647,-0.009453839985967698,-0.0376037251541394,0.0136222321644066,0.9984246770362251
20:43:02:436,1.1698021522179132,-17.2972460854065,-17.0792895869331,0.991864427256402,-0.09204448699996955,0.06539632191547977,0.09258556653109244,0.9946356132927758,-0.00583776195344871,-0.0646107034045152,0.013604065827964093,0.9971277183039658
20:43:02:469,14.801983568949137,-27.199665069437184,-15.611623769526918,0.9945349641107782,-0.07318778556919381,0.05318182518404088,0.07374047570755814,0.996280666138306,-0.008843211161677822,-0.05239656697467962,0.01362285336045873,0.9981256189485129
20:43:02:502,21.75215017633663,-1.1344733713524409,-1.0947081948851827,0.9878025579038059,-0.1178065121770653,-0.0982690546128784,0.11586238288706079,0.9925857006666788,-0.0252762285608149,0.10058950683457138,0.013577677753484597,0.9948352192435356
20:43:02:536,6.328500607188785,3.4029363505401453,4.070515708755617,0.9898583237474475,-0.09893780164037048,-0.098323521239464,0.09709435558346315,0.9946410971866814,-0.02335438173683443,0.10017971042550655,0.013577795290958174,0.994872513078661
20:43:02:569,-8.372314141554511,7.263103376154052,8.583921532694998,0.9919601542202493,-0.07957607830770583,-0.09696343417531612,0.07785504888620316,0.9966936574993718,-0.021407799064236434,0.09835100330683363,0.01358241853917766,0.994958922098579
20:43:02:602,20.493437197058824,-36.15805481470589,-29.18605761529412,0.9986385783148679,-0.0200800876623664,0.0244472538284164,0.020384365738168795,0.9995302525235092,-0.014137765689492699,-0.024144746105958997,0.0139506577469809,0.9989099474683967
20:43:02:636,28.35580418726707,-35.04484804641464,-28.578731099328404,0.9984251243204648,-0.0337394932724887,-0.0031968898916468237,0.033645040441206406,0.9991304462183225,-0.015241310782704975,0.003716885468408073,0.01432689514919117,0.9990747697803869
20:43:02:669,35.248596724045726,-33.40345281373952,-27.515941339371906,0.9981773459890302,-0.04675806038667306,-0.028040547918265355,0.046304453113778926,0.9987323259610927,-0.016210060397488964,0.02876429058571945,0.01469899164573736,0.9992055447298894
20:43:02:702,-22.660340013529414,13.231570462941175,9.838743300000004,0.9941493151722415,-0.0258827404033796,0.0838129496105538,0.026960351133244197,0.9976641668356127,-0.011673605196807699,-0.0836022262542668,0.014721826185732098,0.9963053526861771
20:43:02:736,-13.039729465116539,21.89320555636494,6.3722804234290065,0.9943839488611196,0.02207031278798803,0.07271526593953184,-0.021017552826532473,0.9970666036881485,-0.015179379665051883,-0.07322771267878267,0.01473334473274002,0.9970860970997556
20:43:02:769,-3.6751820500842443,30.482844693207927,2.6824884246837044,0.9945057293336389,0.06910400197503172,0.06278616308147976,-0.06805553119538961,0.9964634684343435,-0.018716249680351106,-0.06400996436325121,0.01474356888168345,0.9977587440208666
20:43:02:802,4.4878722600000005,22.90211996647059,-20.30055817058824,0.9889227003951611,0.0443038337236306,0.0813379973889338,-0.0426765194259828,0.9955486301551782,-0.0250112636922639,-0.0822015644408497,0.014672661774065798,0.9929781318722047
20:43:02:836,-2.470689832863651,28.56518209173197,3.458153454648504,0.9889346787395634,-0.024239047922705894,0.012756485142217118,0.02448176433650497,0.9942885979722507,-0.025093160812071556,-0.012263735817393,0.014693325359088032,0.9942481692845425
20:43:02:869,-8.838034627024276,33.46353060301504,25.97297443762484,0.9889908151484981,-0.08845270222517301,-0.05407884197001694,0.08734976396872998,0.993050731853935,-0.024979365428580296,0.055854828584660524,0.014696180853212355,0.9955436370579386
20:43:02:902,14.928602463786408,-7.783272762815533,-19.77280475067961,0.9930580072285392,0.11468206692148189,-0.0154103789125538,-0.11484437178177502,0.9933080189355508,-0.0119689847597056,0.013934619031433199,0.0136386952834288,0.9995839442523269
20:43:02:936,-5.3274779648695345,-18.961036332598127,-15.324772405326495,0.9928222547006648,0.11574312978018955,0.004149435047111956,-0.11562179044179345,0.9931934764977569,-0.014285389188906266,-0.005770659012354179,0.013639917834622345,0.9994299889017445
20:43:02:969,-24.97154501232366,-30.196349343962222,-10.630300161644675,0.9925820556279467,0.11375585494323233,0.023216934994118883,-0.11335727129504873,0.9930484459031879,-0.016464445523503266,-0.024939091078876964,0.013636469426252022,0.9993042556903412
20:43:03:002,-11.724424385294114,-30.110846892352946,20.72052504,0.9913788512681211,-0.1142215266342514,-0.004166718169613699,0.11416064888895729,0.991367273894924,-0.0134716322312908,0.005757574220691301,0.013641360549023,0.9998266683547111
20:43:03:036,-3.9673501294665225,-10.734481160605432,22.502913445004268,0.9927575305813517,-0.0403613095540135,-0.01820077408253135,0.040142220911868066,0.9930542716996796,-0.01216053894614308,0.018830414468621805,0.013635459156339414,0.9995352999218804
20:43:03:069,4.0041913539016925,8.324441936991462,23.342551809968736,0.9941807828288627,0.030532980792558135,-0.03247824379769477,-0.030916912915355015,0.9947876563556917,-0.01093450012021304,0.032185750562867446,0.0136477701562477,0.9992407468055038
20:43:03:102,19.91458449,7.65333516882353,-36.06868513764706,0.9983526841341008,-0.022303371373100796,-0.0515629772516201,0.0215074050261757,0.9995808916508176,-0.015929592196630097,0.0519040491681512,0.0147547874784328,0.9985360210784556
20:43:03:136,19.951084394231895,12.982219396661668,-12.026590561735508,0.9970606471754597,-0.041212639354927395,-0.05782126651204508,0.04026784475622092,0.9986514209172305,-0.017358673408583426,0.0585059977926448,0.014747260462831672,0.9981499871464026
20:43:03:169,19.47433891452269,17.770979196741585,11.399605382414606,0.9958185064184539,-0.05881385002583786,-0.06174146451257397,0.05775837864603306,0.9977866616764276,-0.018745208511074946,0.0627464911887159,0.01474407231231995,0.9977498450459927
20:43:03:202,-12.144683218367408,-7.111955699999999,11.884439201538463,0.9968186363326368,0.01688652676991,0.0778159121590186,-0.015686511578686,0.9997466013454452,-0.0160070228166834,-0.07806678174418011,0.0147296591731126,0.9968354531748173
20:43:03:236,2.5874130512474887,1.9728914094474646,8.505881862215233,0.9974377855566726,0.009667782971481246,0.06851520060825507,-0.008624127405257538,0.9997837535117716,-0.01552212030280706,-0.06865750912554841,0.014737875206605314,0.9974246560846347
20:43:03:269,17.413079622948995,10.92988463447583,5.169652835323076,0.9981172865324124,0.002336386013931566,0.059660527120877556,-0.0014449124763807513,0.9998564202642372,-0.014969662814068781,-0.05969024065280172,0.014751419897012955,0.9980398100406231
20:43:03:302,31.482669493171052,19.71226305,1.8622036246153841,0.9986786408723234,-0.004279478945655599,0.0508622489949004,0.005025044245016202,0.9998751848237453,-0.014536186487529298,-0.05079453153605949,0.0147555671337257,0.9985887845557456
20:43:03:336,-16.759576181634586,21.135291034606794,-9.046399591484688,0.98684382363152,0.08501229259584656,0.06828101735397236,-0.08333420123555152,0.9941829574422719,-0.02590383108060661,-0.07014268717518461,0.013531021545435337,0.9922605826072435
20:43:03:369,6.982871654772813,11.461401957082444,-6.493370176152262,0.9905411345231842,0.03489410501779821,-0.008586808296486958,-0.03466338369073112,0.9967259630586125,-0.02126906529057831,0.007740441859726164,0.013558899318966438,0.9934993372060129
20:43:03:402,28.603005389165904,1.9765105623167776,-3.950665283422109,0.9939039690794749,-0.012448977062705667,-0.08151173338694913,0.011313142062214454,0.9990378265147664,-0.016975881812306283,0.08162146526740968,0.013570442278030104,0.9946287640942405
20:43:03:436,-26.84765011552641,-27.840685099624675,25.81963029412981,0.991018255775013,-0.08569420092864988,-0.05363112162741638,0.08499848927300806,0.9930502196251765,-0.015373445757812788,0.05508552815747906,0.013613698786501404,0.9977500107363826
20:43:03:469,-22.446793161234446,-12.263545487705315,18.469307953788682,0.9907676179379306,-0.020524611932538864,-0.08362697148107048,0.019624558448017883,0.9951618404384432,-0.011087025684801419,0.08417385705089085,0.01357742770298251,0.9954433767959595
20:43:03:502,-18.703457542511693,2.1262184211866684,11.653167184804893,0.9904363709995715,0.039775866934597524,-0.11176413603347699,-0.04087497251647385,0.9970676350963197,-0.007152221670369077,0.11148072086199128,0.013551714097560388,0.9932565608096351
20:43:03:536,14.837670194481126,-15.109664321183834,-10.682387724719403,0.9844230564132517,-0.10631405741752104,-0.09614960415761266,0.10384335967757187,0.9931845792264791,-0.029276101353923976,0.09862195186472658,0.014646140148673265,0.9907416643405073
20:43:03:569,-6.060815654265705,-8.382415920475575,-10.140578818851067,0.9885668213858071,-0.0630040663843443,-0.016003821013456706,0.06214427863255583,0.9959155888013842,-0.02316742956980599,0.01747512311955845,0.01466245940862635,0.9922710796966389
20:43:03:602,-25.365616131347448,-2.0077310270356294,-9.944709277452354,0.9924794986424336,-0.023878018540872747,0.06077547064040839,0.024540175134871195,0.9984675549190865,-0.01756077936410374,-0.06022295808363944,0.014683914306650616,0.9937392966804421
20:43:03:636,6.346016057634559,23.45186581592355,-17.196657339781503,0.9958400921265619,-0.06756181135338528,0.05684208890744562,0.06820362251536503,0.9974122043404315,-0.009514246145941709,-0.056080783495279965,0.013613228748705715,0.9982925314494578
20:43:03:669,7.844762013680296,18.202522742476898,-16.270678531785006,0.9930816088033301,-0.08833786254262412,0.06853292037620626,0.08901411791715563,0.9954741858518441,-0.007030374044742152,-0.06767559571798437,0.013613418519231967,0.9974970078501593
20:43:03:702,9.507087614954708,13.592718989192866,-15.564212017246694,0.9905033521363799,-0.10864356330056765,0.07846541080568342,0.10933706598385715,0.9936154408285883,-0.0046734615142553435,-0.07750827741515894,0.013600086413694848,0.9968015020146086
20:43:03:736,-16.11774936190986,25.149318769638985,-27.526861220513595,0.9933214841026677,-0.07688877394716744,-0.055512935329683946,0.07596661048327218,0.9948133391264479,-0.018869943296055847,0.0568200396594766,0.01361988977535624,0.9982428477489519
20:43:03:769,-0.869533155471441,17.57661621493402,-27.129268567077037,0.9919460941739523,-3.552128942854519e-05,-0.038163261182743484,-0.0005872961207428682,0.9928936758479147,-0.016585262005014176,0.03835281184878672,0.013627559479478179,0.9988205243192447
20:43:03:802,13.032426289646946,10.407838264836931,-26.70248982276665,0.9906743207782649,0.07278886143083003,-0.02362247551855312,-0.07315372450335662,0.9911237547929084,-0.014549475906770505,0.022759612923244483,0.013634838711681365,0.9993486588715121
20:43:03:836,-19.973960344718865,-4.477818249716204,-0.7493154243215928,0.9914455613705327,-0.05276513656807421,-0.030822042120906692,0.05198933800749021,0.9976699716265681,-0.010536410082947877,0.031291451459634696,0.013556620895288075,0.9936157723811326
20:43:03:869,23.481788635505385,-16.569315566127937,-5.000427072222343,0.9933114359656359,0.012165653593261347,0.11161623818409312,-0.010519511526957445,0.9993911536487309,-0.015226501766818222,-0.11183178337193801,0.013557873989957989,0.9937090585172267
20:43:03:902,15.60764454803804,-20.700168993613275,-6.644020235612824,0.9915266105830052,0.0318714050944173,0.12108215532238947,-0.029928915620963486,0.9989343283224804,-0.017809147761032987,-0.1216273836792159,0.013539238899740506,0.9923417903873785
20:43:03:936,8.311281785811982,-24.786553060796244,-8.6475127034663,0.9897575536190613,0.05317132618362072,0.13126574045536937,-0.05091703777935534,0.9984326790852122,-0.02045365927296299,-0.13215590058889745,0.013521257891103268,0.9910344419610804
20:43:03:969,5.23056470459891,3.747208041069877,-33.23873938319198,0.9921622659714511,0.03851236259283706,-0.046386156712370306,-0.03925276287941604,0.9932515725360336,-0.014513980836537415,0.046177121919424954,0.013627110131278389,0.9987022108787045
20:43:04:002,-11.051697217622499,1.451726102556747,-27.268254500985957,0.9904599611264906,-0.03570957514904685,-0.06089795887172432,0.03461757283985223,0.9925766561024245,-0.01888685780197074,0.06185742676935895,0.01361107552248528,0.9976068523144601
20:43:04:036,-27.46223359722779,-0.4988923980116965,-21.376587993996946,0.9888164415743719,-0.11099446355576985,-0.0771232969905578,0.10952025754768215,0.9918608048301103,-0.02315521508436252,0.07926969234981208,0.013604996261332785,0.9966126262949269
20:43:04:069,-10.780996339342455,-3.428500669398937,2.314718078210802,0.9948748030452784,-0.07545436594495686,0.04744643655277541,0.07606823140778336,0.9967850598630338,-0.012140657114949334,-0.04641406729942874,0.014758604736344612,0.9979083470001283
20:43:04:102,-19.571807986869164,-12.31977563984925,18.0782328288402,0.9934846582323094,-0.058522698580703005,0.07932466652556268,0.05951924091265889,0.9978232675693838,-0.011372123377659868,-0.07853381900037905,0.014709781981483112,0.9954902572295854
20:43:04:136,-28.05829883404763,-21.32045220885671,34.289243369273585,0.9921521436160222,-0.04070764444109549,0.11310246257585438,0.04211676324329531,0.9989289296645004,-0.010403290323178943,-0.11257476195740349,0.014667145228810711,0.9930652389313198
20:43:04:169,-6.562505630721659,-14.244000419837299,24.88920652046939,0.9912307352467796,-0.0317811257559769,0.06444326827633116,0.032456283295771576,0.9967973709906311,-0.00535753703233921,-0.06408027727761027,0.013552147902787652,0.9943430276830019
20:43:04:202,-9.849036387910642,-22.102205052120834,28.76302540903312,0.9901846853850166,0.024982611937493206,-0.0012856556371963273,-0.02488976923126585,0.9955955881724475,-0.004139529083392034,0.0011531840282607596,0.013568810653959595,0.9945093262258492
20:43:04:236,-13.0093288560139,-29.509148145864962,32.42075423583107,0.9891475287630828,0.08225005716568515,-0.06874194907576638,-0.08276185878395302,0.9943736045233355,-0.0028791406255079203,0.06810743261842044,0.013570825604731555,0.9947053500940155
20:43:04:269,-26.3980113132604,29.638319613969493,19.134833697447014,0.993272934086388,0.02861739655938425,-0.062335573783659504,-0.02938107047212762,0.9979921630268623,-0.007603663944108075,0.061947482875042766,0.01357913721794838,0.9951663272844594
20:43:04:302,-8.345900368691778,27.83578877419422,22.665475907561255,0.990966318836657,-0.02111734188510652,0.005843642123789926,0.020965060466628157,0.9966034646428036,-0.005022000380622288,-0.0058007652977364365,0.013565580059623751,0.9942723171424033
20:43:04:336,9.829393311272934,26.538011938987903,25.933877636865244,0.9886915878109399,-0.07129418829522197,0.07559638452631728,0.07177457577002214,0.995261342492294,-0.0026290517756119144,-0.07512611126864155,0.013560595943294942,0.9933610454635451
20:43:04:369,15.178652340583293,-7.89785674292571,8.90502708330413,0.9898260254758124,0.07454495790442697,0.12284181566405707,-0.07216113204867987,0.9972736637832822,-0.02376842175083443,-0.1242366066247595,0.014673946452859682,0.992182577431805
20:43:04:402,10.527768547623635,0.5336770901546716,9.685763484141997,0.9900457733732559,0.07412167227067529,0.11954203136286878,-0.0718167961166566,0.9971389817151409,-0.023474867915070106,-0.12094061909840247,0.014666206250450684,0.9925412528454299
20:43:04:436,5.872293609480781,8.399950971856356,10.459366691588007,0.9903368722703126,0.07479860647869971,0.11629734638585436,-0.07256080026624863,0.9970443287224438,-0.023362550073619592,-0.11771023588420593,0.014665136701911836,0.99292896711016
20:43:04:469,8.845573810861172,-18.119649423475423,37.183057350489406,0.9961687752680197,-0.04338701206704344,0.05715931904384454,0.044094899274531286,0.9983866179081956,-0.009658697854022296,-0.056587023566119526,0.013596945003662365,0.9976454216162863
20:43:04:502,-2.460169262172774,0.5108953748128721,35.12108873488869,0.9914063996520579,0.01945589656943285,-0.003828348754100271,-0.019172117940225532,0.9955692171230622,-0.005111309801140588,0.003966940123483975,0.013585563147161825,0.9957372059369773
20:43:04:536,-13.555632015546607,18.86614332006322,32.898077295649934,0.9867147792725938,0.08071794609776961,-0.06678918725674238,-0.08089604076260232,0.9927766020930895,-0.00042318103762917713,0.06652117564479502,0.013557773421951384,0.9938774990915323
20:43:04:569,28.171218653661054,-1.164942547698387,-23.44694170279022,0.9951522023298701,-0.023455423131295422,-0.08820239702630121,0.022165448696659065,0.9990241318818631,-0.015695057136362888,0.08857894663440045,0.01360262748632478,0.9959112302244579
20:43:04:602,20.01606510985622,10.692084721999095,10.061347823186795,0.9947489475757129,0.029788822279091774,0.015156794041977482,-0.029259080920014585,0.9984497622413867,-0.018971116428492512,-0.015792080043424517,0.014717383239663267,0.9960050279039243
20:43:04:636,3.5395883345119192,0.5727284600455181,9.61932769967516,0.9903225465518847,0.06078041502081526,0.07493554512487685,-0.059053929167382495,0.9969795672622593,-0.023293320260652103,-0.07622482331570762,0.014671119765362861,0.9929706972536216
20:43:04:669,-12.852269609903809,-8.933555014844494,9.047099767294977,0.9860946122472022,0.09143972114760539,0.1317934310413933,-0.08857678731274196,0.9955212509824826,-0.027283744792984437,-0.13371685711305104,0.014628594548581895,0.9901285593300254
20:43:04:702,-18.56317287391616,12.952785092285952,-8.584737924347037,0.9949321233384175,0.07319460222365112,-0.010023892314381,-0.07331463323387911,0.995748577308293,-0.011505478653330726,0.009076166713038956,0.014454491757680201,0.9990146199930225
20:43:04:736,-21.041253009970198,6.381634942087614,12.949555443086469,0.9963860686632622,0.03340577626565744,0.020941258374641964,-0.03312189682373859,0.9975698091864105,-0.012077538487261737,-0.021371343683383903,0.014079150541920035,0.9986447755699598
20:43:04:769,-22.820237335249388,0.029112468025408636,33.08219524202242,0.9978335248937511,-0.005111185646381424,0.05060727600371777,0.005778612652973362,0.999347526377385,-0.012581542290076433,-0.05053189664056719,0.01370724825363643,0.9983130461561984
20:43:04:802,18.558103837599678,-0.08942707395297847,-25.98142960935182,0.9957884711779469,0.04772100511837254,0.03445553946163139,-0.04714840509996158,0.9977456250888436,-0.012822029472109482,-0.03498852452861168,0.013618015500555736,0.9978633078589378
20:43:04:836,20.10428532000412,-9.706548789052702,-21.797744189669025,0.9929681325453317,0.08306240060263764,-0.00809223455965461,-0.08299136679538484,0.994985598206701,-0.009467165951388794,0.007267778365091897,0.013614363543455826,0.9978426876287414
20:43:04:869,21.727188768823375,-18.49060073352934,-17.57426301320154,0.9901591973624262,0.11814125026755264,-0.04810233913572189,-0.11853642838335934,0.992245295787145,-0.006429072066849728,0.046968326053307405,0.013629022133738726,0.9978090456088109
20:43:04:902,18.52896445998182,20.85230354529373,3.6069417229956526,0.9891989221907015,0.11125853818354862,0.07210966981468646,-0.1099545215093712,0.991891378684619,-0.021771463477537008,-0.07426686254181498,0.014731613602137344,0.9969680546392653
20:43:04:936,26.45284249822768,9.949391641504182,-0.9209276932678896,0.9908882531340124,0.06157694761001236,0.08794422235452669,-0.060175483559923644,0.9949829758362032,-0.01824977372788569,-0.0891657519849286,0.014711838873301986,0.995624694589588
20:43:04:969,33.92768336191819,-0.6739123508544728,-5.682728025177721,0.9926619078342518,0.012633961918602851,0.10229937801749535,-0.011154389864611373,0.9980488089358949,-0.014829038171940265,-0.10260189695443261,0.0146800844697698,0.9943901056356345
20:43:05:002,15.604763469307851,-5.415810303904707,-29.24005935707453,0.9991241347352111,0.017796608593121127,-0.005410229939292698,-0.01786359414936091,0.9990821009929154,-0.013243943184105808,0.005189341641845355,0.013641833917342768,0.9998609674118831
20:43:05:036,16.42706156576437,-14.639679239548187,-27.928832666319757,0.9966857145305947,0.05542675408274074,-0.014149103663775468,-0.05559442113548753,0.9967815768706907,-0.012157164626898484,0.01347716235377462,0.013641909571772215,0.9997368101089643
20:43:05:069,17.362462573395305,-22.793184337015067,-26.297781623282244,0.9943148192919405,0.09029776578068106,-0.02132901039769224,-0.09054979239757804,0.9945939088866638,-0.011050496783076142,0.020239692804129714,0.013637473371398201,0.9995676544838511
20:43:05:102,29.95810132881874,29.976316157795242,0.3485867669982672,0.9946453463108254,-0.04034431825501866,0.08959824309079537,0.04136160429071366,0.9990244870287853,-0.009677031600830286,-0.0891313907686709,0.013689959997446106,0.9954829946357591
20:43:05:136,30.757418096252696,5.939942682230123,1.4262018436423418,0.9965633654075006,-0.027693309999111185,0.05666497779877846,0.028332328730950228,0.99933782198078,-0.011472648642033194,-0.05633728894179787,0.014076779332063385,0.997059356621361
20:43:05:169,31.292793873356356,-17.522882432364987,2.24024132387884,0.9982533291290887,-0.013067985670312934,0.02588665798809098,0.01336723727717216,0.9995021323673382,-0.013439573270439072,-0.025741755062793723,0.014443868403020066,0.9985539657468565
20:43:05:202,12.468203895828092,-20.768006283312484,-19.532235802855,0.9860772378746039,0.1379760235651745,0.08189829676147609,-0.136312805211689,0.9897522666424647,-0.026028675360248516,-0.08463680818411748,0.013588197053565834,0.9959298012609528
20:43:05:236,10.960349390067604,-24.195854804284092,-18.481998440890305,0.986909572546487,0.05629091784939661,0.017072648293863128,-0.05591778683627229,0.9913756334453139,-0.025670725439428946,-0.018212581337607094,0.013579089292936839,0.995146086714943
20:43:05:269,9.56333402943217,-27.781649000316733,-17.530291240806616,0.987657589858153,-0.024796259142906972,-0.047987185064114916,0.023875849285262884,0.9929524608945247,-0.02541491235459145,0.04843667948068247,0.013564529981722357,0.9943229703411365
20:43:05:302,7.960053431342485,-30.98693717594395,-16.526835974807874,0.9884759123102236,-0.1036709525380187,-0.11030759744435306,0.1015102453203159,0.994519261950777,-0.02504209406365006,0.11229916812163047,0.013556158584349366,0.9935820004064423
20:43:05:336,-34.53835779138192,4.714632492234199,-16.01836468937011,0.9957517729661403,-0.09017919602175223,-1.1277539305210592e-05,0.09015446124198608,0.9957571640105615,-0.013862374685685082,0.0012555273308414584,0.013989326081798599,0.9997990111179349
20:43:05:369,-33.75257464294577,5.370589230336919,-18.427758229106864,0.9962540793127159,-0.08276256134150624,-0.013206258217931626,0.08253397075873738,0.9964073932466955,-0.015303329138576151,0.014420873694757757,0.01435725034433858,0.9996247213135715
20:43:05:402,-33.485634799048945,6.280034397414378,-20.766941024904533,0.996816693806324,-0.0753461413400364,-0.024346759105266125,0.07495135393348756,0.9970362082706173,-0.01655161666291859,0.025520692448404644,0.014714576296794528,0.99953537898469
20:43:05:436,-27.051719924592067,-15.321466417934628,-25.51899257065125,0.9960923498482419,-0.08040438691825517,-0.03575135505116293,0.0798115857934775,0.9966470443485768,-0.017665360841441335,0.03705259584715276,0.01476367940356227,0.9991818033462403
20:43:05:469,-26.583035073363504,-2.5839829611538776,-22.96678869309472,0.9961206925211102,-0.082627543210895,-0.03039102839416414,0.08212519315232929,0.9964929153164906,-0.017344367085245234,0.031713869100803406,0.014771163472600934,0.9993694117239207
20:43:05:502,-25.90529037261337,9.022855245756665,-20.50017223162345,0.9961207353982837,-0.08396783463944862,-0.02598004129484114,0.08354318105758028,0.9963579619800842,-0.01699952436610527,0.027312907056026976,0.014769184077238446,0.9995099359946282
20:43:05:536,-8.534000052970681,-24.63710290993262,-8.595085012339903,0.9938066969380525,0.040699748286476295,-0.09787342021186506,-0.04186237617951195,0.9985585499458635,-0.009910319544950802,0.09742412689376305,0.013569875300011105,0.9951085246096814
20:43:05:569,-17.99343155383924,-3.295455329730843,-7.0060815427552265,0.9927855805503084,0.06706957366030772,-0.09014929743987819,-0.06806050785457002,0.9967830352344713,-0.007915414414458592,0.08948315355212705,0.013591443957052298,0.9958845387972767
20:43:05:602,-26.80917925211936,16.757941289564158,-5.2417657168188745,0.9917627340560837,0.09389729364505874,-0.08231410307639742,-0.09471284210477446,0.9951088594457065,-0.006059146036694398,0.08141032219311957,0.013596735932761103,0.9965559250092374
20:43:05:636,-24.076330190478515,31.344955993138228,8.02909499037168,0.9897168019462178,0.10127316539950415,0.09477600257538181,-0.09941755894291199,0.9945601992995866,-0.023867072138370495,-0.09670440096927492,0.01357346178207718,0.994800822346531
20:43:05:669,-15.56289555783116,30.177609575409832,4.874919658083385,0.9931078415618837,0.08353238176488162,0.06621845923739501,-0.0822854685069235,0.9960572061592161,-0.02025125006047695,-0.06769570233341689,0.01359533353620654,0.9967562420275318
20:43:05:702,-7.315452555887657,29.082737474037526,1.9571357912636127,0.9962727807807814,0.06656439264831034,0.039901333002024156,-0.06588106655659905,0.997481232075886,-0.016948778029534806,-0.040956071966338374,0.013623982482442159,0.9985533834672716
20:43:05:736,-0.5365917902997813,9.333685745525353,-7.151997127554348,0.9893851009595684,0.0547590173109439,-0.12587819734007286,-0.056165324702548744,0.9971784774589864,-0.007590271685707702,0.12540824425240077,0.014665854978287155,0.9920729207903451
20:43:05:769,-12.192893630987355,-3.794264321815477,-8.048369324696063,0.9895257520007534,0.004616508624694318,-0.12366182766471029,-0.006383977244532454,0.9970827678332606,-0.013876411597478395,0.12392810301212698,0.01466162633808967,0.9922168449719948
20:43:05:802,-23.162313741950346,-16.719459597634046,-9.09112850745165,0.9896138060844161,-0.04293997367419695,-0.12204234301980808,0.040827104098716364,0.9970045626915487,-0.01973321514882052,0.1230094398737377,0.01466259977882996,0.9922968286822607
20:43:05:836,-8.07529038778997,-31.679865178456417,-19.77601265618813,0.9957102750820125,0.01740380736428516,0.09143975275518611,-0.01609303939543924,0.9997706381703076,-0.014957425678904727,-0.0916829794614522,0.013578360511875583,0.9957357254764287
20:43:05:869,-3.734308394340283,-9.201042005463442,-24.641292088302258,0.9935540510764588,0.010760225340869022,0.10824648659309265,-0.009251435590567165,0.9998034598512147,-0.014461654408938833,-0.10838915173443449,0.013559574831459031,0.9935533997311053
20:43:05:902,0.8017810822954152,11.980186842483631,-29.12494542821806,0.9916205046858226,0.005575627918658219,0.12638671110656657,-0.0038417978756492915,0.999862625431869,-0.01392820180173636,-0.12645452807369337,0.013528688368991668,0.9915684738628541
20:43:05:936,22.120342661797828,-4.584370249201482,12.157720839698708,0.9982538640790921,0.0427804895389488,0.03905142192697075,-0.04220586970794593,0.9989672069341479,-0.015426620011633288,-0.03967028257024724,0.01364007030417241,0.9990752273967481
20:43:05:969,8.559278390370794,6.09424959993938,18.91969088826243,0.9986101474178084,0.02608212761039941,0.014606237919211769,-0.025857600138350638,0.9992917215352156,-0.014851227442873796,-0.014985518586185376,0.01363882164104879,0.9991152041939906
20:43:06:002,-4.187741348814792,16.125775191612096,25.886955984448843,0.9990124985564688,0.010743274647515443,-0.009578324311243972,-0.010862343336463942,0.999588853033751,-0.014337190797163165,0.009418306332839497,0.01363906294789745,0.9992277187559802
20:43:06:036,-4.779076287734439,25.0971990035622,16.243608916616935,0.9960121376174129,0.015871635653219748,0.021831184561301238,-0.015402127228458032,0.9993201592640466,-0.016310364926278194,-0.02211726312975109,0.01359976006885592,0.9964646859022258
20:43:06:069,14.583410433885414,13.309737465817728,-8.89722136386907,0.9963889292447297,-0.04400696738638191,-0.04164811216336299,0.04323292755769235,0.9985392151825637,-0.016919115892895208,0.04238484873760374,0.013611962283638456,0.9976105432070378
20:43:06:102,7.611945392055426,4.614850798285201,-3.2298232519205134,0.9929296799569775,-0.06322000627898201,-0.07754203645067878,0.06175551732228124,0.9974419341076728,-0.02017686690037127,0.07867578766976786,0.013578176769046716,0.9951956002099324
20:43:06:136,0.9173045850957523,-4.333638789534312,1.939216773305987,0.9894714621721328,-0.08331175892527962,-0.1139713251799699,0.0811467444377633,0.996312835353294,-0.023441982091081236,0.11551590876144413,0.013551758352759517,0.9928132632418253
20:43:06:169,13.753190343640126,1.0423019019444044,-35.85417067822848,0.9933602769089064,-0.04356226778817876,0.020355763435078694,0.04403613946248276,0.9952351262595461,-0.018867251701666716,-0.019808322419000015,0.014485935105918526,0.9978415229886293
20:43:06:202,-8.716506519899895,-1.4586692222511533,-34.39942408625491,0.9901104537034077,0.02215011173815953,0.0656975533338263,-0.020755785615505375,0.9947102388371418,-0.022590067057860656,-0.06633804880525686,0.014063214564948082,0.9950564917449664
20:43:06:236,-31.160098697520542,-4.06507191473987,-33.13338074387139,0.9868833911830527,0.08926613104804966,0.1135926564576637,-0.08690165065413932,0.994176950322474,-0.026283083684051974,-0.11545006985858104,0.013645955038310217,0.9923029701175964
20:43:06:269,-7.676589934236503,-26.73266994403007,6.798523700027071,0.9886469017557933,0.0704337207762366,0.11427147037269228,-0.06819069078363965,0.9956412256741108,-0.023446354748857142,-0.11575239200745085,0.013543888042906746,0.9926511549473184
20:43:06:302,6.762030483900829,-30.318818664980725,8.370233850996934,0.9922540066833273,0.02411023313810166,0.09028035375571485,-0.02250035982559464,0.996985593224675,-0.018485404758323044,-0.09093856606207226,0.013575440510525135,0.9949950350983862
20:43:06:336,21.481883560871744,-34.00477754980703,10.402311215693624,0.995899426126026,-0.022089716505392917,0.06514365011587628,0.023043497781761034,0.9983106454116892,-0.013396937490439818,-0.06497437601754093,0.01361556262468658,0.9973985632868396
20:43:06:369,-15.78886724073856,-0.6104521200071459,-1.4195865366836102,0.9902624958008903,0.13835348895140154,-0.02641456463062205,-0.13868930721953876,0.9904570239991011,-0.011416356244952856,0.024591932980195807,0.01478520686795975,0.9996330304896455
20:43:06:402,-14.01806975724042,0.5178026779065478,-2.6689723031039665,0.9907455120660059,0.13296466462076623,-0.026693548438133537,-0.13330298437570415,0.9909973690742546,-0.011327930278508294,0.024947676911869502,0.01477017180548859,0.9995770586402445
20:43:06:436,-12.64072897085162,2.2258350030706633,-3.8284216922808327,0.9911304403966396,0.12969004505527915,-0.028496127330674935,-0.13004902067541252,0.9914377895689316,-0.011176862271615377,0.026803782407768494,0.014770030616636563,0.9995235014937878
20:43:06:469,0.96476976354754,17.526473911914202,29.323466421815805,0.9885846255649613,0.10735401090925609,-0.07353129647484337,-0.1080465886550478,0.9914802452618177,-0.005109365465762133,0.07257730421720641,0.014730794338049052,0.9970027673135055
20:43:06:502,-5.603556785776958,21.183452858290273,4.617147026209189,0.9905863640505848,0.02910269958921385,-0.0476235045197227,-0.029562433567537127,0.9923711386508605,-0.008817331052672565,0.04760335185744426,0.014747873575964701,0.9980682231932849
20:43:06:536,-12.271608280929286,24.8710494422494,-19.80117750712652,0.9925582970082334,-0.05112870732851719,-0.021207881359217997,0.050907727568516276,0.9932648364548946,-0.01243840070323943,0.022146246556127114,0.014755841923703987,0.9991021343325884
20:43:06:569,-37.155284726975246,-3.928708479418854,6.768550693906858,0.9896190891212362,-0.12036001697533903,0.07466375090027541,0.12106010835293024,0.9923127642258927,-0.004898994969221795,-0.07356659670973797,0.013596013741458628,0.9972198579129707
20:43:06:602,-31.35881294542466,-8.785042784995943,8.828607411218997,0.9913970201763727,-0.08433147460010558,0.08314017104766676,0.0852271659175063,0.9948849525704747,-0.007339502805463305,-0.08234344230191609,0.01359901741411457,0.9963988906620078
20:43:06:636,-25.738614164297402,-13.960823934859723,11.44387615569857,0.9931811010404098,-0.0483030347208899,0.0920393329584954,0.04939817331809348,0.9974863362986671,-0.009718540974822287,-0.09154918395420769,0.013586495075230076,0.9955558712559583
20:43:06:669,-16.053277357464232,6.678793080730857,28.4315583856658,0.9968081911661287,-0.02808508255675648,-0.02392860829898097,0.027814428248179684,0.998567617084643,-0.011787592314200101,0.024313045575617368,0.013621367359153255,0.9980785202932237
20:43:06:702,-7.784434270568734,14.662443780603777,27.347369684329994,0.9979296569813464,-0.05227697910829691,-0.006624508120734486,0.05213349318741049,0.9984885774621727,-0.01401087321371947,0.007343763153110754,0.013995623603112746,0.9992431358470886
20:43:06:736,-5.10876498709205,20.58528803361916,26.523161713257203,0.9977477805371039,-0.04547954286453575,-0.031905883589607505,0.04495132595233023,0.9988121669551571,-0.015448169563581693,0.03256760981002482,0.014358255451052421,0.9987115276230566
20:43:06:769,-2.1881196798637323,26.438666783764525,25.00612362352388,0.9975571501938181,-0.03928651211454854,-0.054782873622009065,0.03840780790959465,0.999112955365595,-0.016788953931814708,0.05539297966094202,0.014717523119035495,0.9981954291361006
20:43:06:802,10.700904707734814,24.828743681048067,-17.572534579862257,0.996602617691955,-0.059075008126761745,0.05475548362647526,0.05979044451646382,0.9981131380814179,-0.01163464611664084,-0.05396847917413648,0.01475152335425223,0.9983150796066265
20:43:06:836,-5.756914097966041,9.470010562252778,-18.701134423252185,0.9962380515719694,-0.05344869475469752,0.06604942785263941,0.054302844325224246,0.9984399130451944,-0.011371249312249877,-0.06534385012895888,0.014743319203797208,0.9976272912315937
20:43:06:869,-21.892378966017933,-5.247795202998324,-20.175052368961857,0.9957943672437464,-0.04600256414480796,0.07480992662838123,0.046971093044527915,0.9987227566337901,-0.010986458722109314,-0.07420411746178414,0.014716353869594693,0.9969058667076817
20:43:06:902,-19.251235826041533,16.45823740845652,-30.574580372876166,0.9914681515287446,0.07330455466574383,-0.09001997379915783,-0.07404104445198988,0.9968037924892252,-0.0054266420419196255,0.08938405675347771,0.013570669330119535,0.994568453387807
20:43:06:936,-10.56821254571708,-0.9492127387252356,-28.390651345908612,0.9950695490753355,0.05064899840347224,-0.04948214442974248,-0.051045207055957,0.9980538693694764,-0.009019300574664884,0.04899697165965301,0.013605537423454609,0.996880198947681
20:43:06:969,-1.6828723978545541,-17.813153672178,-25.671601462176685,0.9985463784162347,0.029735822239785666,-0.00971860972137937,-0.029796395894290034,0.9992276706195438,-0.012576852540652042,0.00936297634504724,0.013634755593942841,0.9991439468693217
20:43:07:002,18.605899862568098,-10.118303068151034,13.26363373186326,0.995256126275321,0.08620547633589422,0.0194824545441135,-0.085846585761262,0.9960646946380065,-0.014774081682348682,-0.020676918494758667,0.013633494182860573,0.9989854393800548
20:43:07:036,25.019475532198108,-20.98150041921632,19.267748134651093,0.993612913126722,0.09923029570477244,-0.012561705501856287,-0.09926031489171015,0.9947722696482854,-0.011456676697604255,0.011363073565380567,0.013625882565783834,0.9986766635215519
20:43:07:069,30.91134827869673,-31.727938144732505,25.529997785927595,0.9920457768043993,0.11158125282432872,-0.043742222582831364,-0.11199263578802462,0.9935371783098699,-0.008289522245425935,0.042540428304131614,0.013636781151652603,0.9983845148688009
20:43:07:102,-1.289852005497695,-37.18823639047902,36.234638485397554,0.9959579323672475,0.060134363485918614,-0.03186981459422682,-0.0606319466780779,0.9967414128729563,-0.014303055837397327,0.0310626319706509,0.014761681321388945,0.9990029261412544
20:43:07:136,-12.436093116404601,-35.304486347130016,34.998917752270415,0.9948021670947423,0.012033308774113358,-0.057703270214933364,-0.013027088792078749,0.9971299015435091,-0.01690589584272602,0.05765001859093105,0.014736390504693163,0.9974173027762394
20:43:07:169,-23.07897167750218,-33.16715970406071,33.00640913090575,0.993755844976206,-0.03401611735896693,-0.08158480516407565,0.03255990022099494,0.9975372984142168,-0.01942833917935315,0.08224991686074586,0.014717433326984742,0.9959235712762732
20:43:07:202,5.004759986621693,-13.057165088399277,-17.43124878233048,0.9983588122695151,0.055525911015973727,0.007412351129259679,-0.055407295373806724,0.9983017858728114,-0.015276514395195312,-0.008247642848695317,0.014773923944031825,0.9998310561145869
20:43:07:236,2.5212431837188993,-4.981026977483459,-21.753634704793377,0.9988000190742232,0.04287887644624447,-0.002002997699648346,-0.042901030744138376,0.9987917428431404,-0.014974438650842725,0.0013608068726691624,0.0147751668899551,0.9997868056316157
20:43:07:269,0.1892359622429983,3.128263280896626,-25.81368427333657,0.9992628502560166,0.0301835654292025,-0.010332293245383938,-0.030329765869747928,0.9992878432389568,-0.014639911484993138,0.009882922097167793,0.014758714090477772,0.9997587910084662
20:43:07:302,-0.270046229357769,7.448925245417619,-2.7984237224481534,0.9995281417176625,-0.005386867625833338,0.022024998090432023,0.0056850967205107905,0.9996923931243501,-0.013432513428569595,-0.021948889209986045,0.01366118672567658,0.9996521767270171
20:43:07:336,3.751430406516895,5.310385334671517,-6.96640658808442,0.9976264493803456,0.03420570431920238,0.01112188726559168,-0.03405058791481442,0.997715434755827,-0.013199883700375553,-0.01157208156296727,0.013664021920831201,0.9997303387962897
20:43:07:369,7.4655480071564275,3.0551071157268295,-11.674446486753391,0.9958311572522239,0.07078438572821294,0.0012109163380192092,-0.07076164893926262,0.9958552409737698,-0.012900379584803804,-0.0021456662861423425,0.013662426078551629,0.9997992051771535
20:43:07:402,1.2087182700960684,-8.29926983776171,-39.21535722108655,0.9980669678629965,-0.04039089980154945,0.04724993286867419,0.04098837791820397,0.9990913213771924,-0.011745086570592835,-0.04673257034081295,0.013658602971069848,0.9988141471816049
20:43:07:436,32.20304572614559,-15.223380015626278,17.92101620671929,0.9895117806092932,0.039218944972371717,0.05298574949938205,-0.038174960846348104,0.9921303030815658,-0.021812929700683093,-0.05388136345392569,0.013632264566061873,0.9970627263002834
20:43:07:469,33.35238761109897,-25.369291755670243,16.557741566964946,0.9901751177077941,-0.04652125957195794,0.017247100034309137,0.04689556460055541,0.99154871275021,-0.019174725724305435,-0.016694608372034327,0.013642681708897961,0.9983525070830058
20:43:07:502,34.80036735636363,-34.994396153782695,15.741171899890238,0.990709911319616,-0.12658786470158528,-0.017471996298037546,0.12631791543747609,0.9909383433028215,-0.01679901625383611,0.01937950129358101,0.013659877662678947,0.9995381242377137
20:43:07:536,25.392399206598828,-15.194537203024664,-27.601799584826836,0.9928596615739232,-0.058672193982707864,-0.08758057265050108,0.05727174765826197,0.9971523984521495,-0.01835698903510242,0.08862630778005808,0.014696849963586863,0.9954297813710575
20:43:07:569,18.17172109262742,5.9303013815183645,-32.1898161810137,0.9914717948178801,-0.02595429230343909,-0.11206448089267974,0.024316885606698247,0.9983159514108859,-0.015657821777366365,0.11254599226906255,0.014647743497797861,0.9929212686229845
20:43:07:602,11.203131798202099,26.246526685250032,-36.843551981744625,0.9902402577748399,0.006154750112714419,-0.13512366973142137,-0.008015576529801541,0.9995070467848078,-0.01311645445137597,0.13505471290509716,0.014614960931726899,0.9905388049347388
20:43:07:636,18.34073324987844,7.562469246618504,0.9469500665088815,0.9991855723934354,-0.010028805753256112,0.018849933821165166,0.010318147720489763,0.9993101188516818,-0.015132128706160076,-0.018716885008572486,0.014759285125905632,0.9996516469070479
20:43:07:669,19.21583861340851,2.6922471949009177,-7.423237568163255,0.9983915091184856,0.01610127373971049,0.030545735673911938,-0.015613956551568277,0.9989882772871543,-0.01603991773837131,-0.030817854114214446,0.01475956851822472,0.9991654052653646
20:43:07:702,19.87547572193562,-2.106118532005366,-14.610998610672693,0.9977527151661465,0.04064304250069934,0.043270751587242993,-0.039945115051217596,0.9986792098290544,-0.01690435476422025,-0.04392300929438283,0.01475330694787875,0.9988224108218775
20:43:07:736,-18.001817835824163,15.544495382969687,27.25936438270041,0.9977716475725884,0.02765365931332806,-0.022897198719558733,-0.02782486115435015,0.9991658365188946,-0.011642603085324098,0.022611282357668048,0.013631305228584382,0.9984403373258528
20:43:07:769,-18.57834720708309,6.202365435586134,21.805077721167294,0.9928236740844691,0.05389629540451741,-0.07024394193250068,-0.05438234988226995,0.9977283610659097,-0.007081359547518686,0.06981255774701439,0.013600623605861848,0.9949764282841548
20:43:07:802,-19.20611108308312,-2.346287261482369,17.103976361274096,0.988180774010885,0.07808644436421319,-0.11528271577517074,-0.0788762529739922,0.9963884170770756,-0.002736459737177504,0.11472304553772673,0.01355804987027143,0.991718258515117
20:43:07:836,31.891135539709,14.193590122682057,14.146339185799205,0.9990989470166952,-0.009747047108886202,0.0338214299734993,0.010198278656420933,0.999883086702322,-0.013487753693018852,-0.033689470368868754,0.013674617630129445,0.9990315552848851
20:43:07:869,18.00201407784682,-1.631529116969487,15.249323758784142,0.9970603676326923,-0.006923175594520487,0.062451700855860486,0.007763987757778273,0.9998789624755953,-0.013316215343666222,-0.06235150061624592,0.013639118678922329,0.9969993950945906
20:43:07:902,5.136704571280257,-16.21650732900842,16.1870993427279,0.9952218321301683,-0.0046515392600588274,0.09033663891463398,0.005864643886056722,0.999892283283664,-0.013236617822106646,-0.09026571377655697,0.013614917344136368,0.9951488541773731
20:43:07:936,-25.86296761813804,23.3742378884201,6.090982994217438,0.9898712158438304,0.09226061707841757,-0.09880695254649897,-0.09319030937495332,0.9955703002344706,-0.0061958463839799655,0.09780461215555511,0.014695906307032684,0.9941857222900218
20:43:07:969,-9.053600191752436,13.893316479059093,16.33797139967162,0.989910001810368,0.10691365859236925,-0.042563938289778336,-0.107128602706437,0.9939864157927141,-0.01181886327152532,0.04104116344040865,0.014702074799897966,0.9957294395217564
20:43:08:002,6.403300290693708,5.11373123308925,25.580226618191336,0.9898535265262575,0.12035159630940202,0.007724450771479218,-0.11993459208992617,0.9924244019932359,-0.01718438450802956,-0.009724198351749171,0.014721520759416207,0.9971589214714633
20:43:08:036,-23.075763653067895,-27.202676424281144,-28.962764673542207,0.9868882305544555,-0.11195378630311131,-0.11589470885183295,0.10944168901337871,0.9936040746856212,-0.027777679751125446,0.1182694863295936,0.014653746207432988,0.9928304024575985
20:43:08:069,-13.279072702620644,-20.160215164608534,-17.660455095242593,0.9909642756033731,-0.058295549046659074,-0.07458225628055941,0.056668921232588154,0.9953804832081262,-0.0230598453011787,0.07593120264568355,0.01431670041927949,0.9952196150696173
20:43:08:102,-4.271292974941845,-13.748297142589685,-7.4401787336336405,0.994860410649414,-0.009702467541055786,-0.03641090613199748,0.008890432279224399,0.9971142109499611,-0.01864646884716168,0.03682969303835838,0.013991262996722213,0.9974660311890163
20:43:08:136,5.175150167951543,-7.1558318185519605,3.083108748855338,0.9988389541929419,0.04136360079876626,0.003127651917783872,-0.041328555469856455,0.9988727992738234,-0.014057184167348436,-0.0036836659414556387,0.013656896500584059,0.9997731463874576
20:43:08:169,13.699615742172826,-19.94070944201517,-19.782436700342764,0.9940182356952757,0.07864328818283939,-0.005789113272515082,-0.07853741868304,0.9966684243863999,-0.011980250459546761,0.004820704098197182,0.013613141365111847,0.9971798863607364
20:43:08:202,6.728371127984829,-9.719923144024472,-12.529489107428855,0.993490152603543,0.06682265098927702,0.04684755242879289,-0.0659407299622137,0.9975253253475628,-0.015374802120481309,-0.047768168028013105,0.013595644697851524,0.9957480550014354
20:43:08:236,-0.47329390961641815,0.3271497592092136,-5.6566072553496705,0.9928801066021742,0.05496986081267924,0.09988103180786302,-0.0533049249269508,0.9983469960944791,-0.018788512341149203,-0.10075382453843384,0.013578365274227467,0.99426906434131
20:43:08:269,-28.6112365790443,-16.904003306049606,-21.331029421596764,0.9927758130180347,0.01720809581463066,0.08370620684200121,-0.015909956234551145,0.996300328525684,-0.016200230578661396,-0.08419787553347426,0.013619062816747648,0.9962437301945156
20:43:08:302,-19.718125689880026,-20.377155927392934,0.3134900383511341,0.9917583698458057,-0.043921922400675675,0.07378265087743176,0.044918449634628085,0.9945266351299026,-0.011862921472520896,-0.07352550426872531,0.013627589658075092,0.9970575858014367
20:43:08:336,-11.214606739356629,-23.85865108969462,22.08587240654407,0.9907797334420045,-0.10573966619901363,0.06315884771567097,0.10642163136723755,0.9927497873253988,-0.007485566674074293,-0.062142441535778935,0.013644916378987976,0.9979138486703023
20:43:08:369,-31.36583120583685,13.331731416924901,27.924824899513606,0.9972433347808803,-0.021524997673524147,0.023915465749693738,0.021788539747371813,0.9991891055129128,-0.016171275159680358,-0.02351586351282124,0.014739206064652226,0.9978121886876471
20:43:08:402,-22.088164297404056,-0.7883589141593172,26.391347154655193,0.9949800073414665,-0.047876243745591573,-0.021345172336188226,0.04734163910860085,0.9979080874478367,-0.018783642152262896,0.02223488980806078,0.014709004803621547,0.9967857286065237
20:43:08:436,-13.042231074407306,-14.225133637383703,24.933102798651426,0.9927537424614128,-0.07197801121713263,-0.06774412823859038,0.07063527928844558,0.9966818618752193,-0.021452092417407496,0.0691011726668487,0.01469295270661808,0.9957406042272585
20:43:08:469,-22.305792028726426,35.25930647201936,33.991312085967444,0.9899125858859179,0.10734744210382599,-0.060824988193865885,-0.10774582524046454,0.9942723614994361,-0.008709829341093335,0.05951150882934915,0.014704745570753545,0.9954850813370545
20:43:08:502,-12.239354016707086,27.64527703962186,32.670326259467245,0.9876899423362204,0.11340081926151646,0.009736477768181914,-0.1125574265954107,0.9933642552404961,-0.01713876814032504,-0.011617779560157809,0.014685838677137958,0.9940316755533436
20:43:08:536,-2.2490485489369214,20.487062534840014,31.371105547117896,0.9854513644089156,0.1202582617517122,0.08028486954551248,-0.1181677891928241,0.992431323328542,-0.025476459910216957,-0.08274584516513735,0.014658668914179695,0.9925886377606628
20:43:08:569,-12.083432639639621,2.5447160050971327,18.799419641877535,0.9921436652557539,-0.0947033529522249,-0.07990912146744289,0.09330059293504621,0.9950503293272203,-0.020737114639723064,0.08158943067704584,0.013586411162523232,0.9967960376899029
20:43:08:602,-8.159260246104685,-11.932866563517617,16.119023164768397,0.9937412851506974,-0.05499787614297871,-0.07889253559518045,0.05374651445537865,0.9967760667286936,-0.01787774480835711,0.0798794952999765,0.013600767609321364,0.9967115909267523
20:43:08:636,-4.398296276823458,-26.814604220552976,12.89704114829398,0.9953964335103969,-0.016480085685166467,-0.0789126122396515,0.015354031900871406,0.9985054488512993,-0.014972200117671959,0.07923098693822608,0.01360136217456153,0.9966824752570347
20:43:08:669,-11.286801509270354,-22.75561972020524,-29.745346160973813,0.9880608727004427,0.1234853022250987,0.07952870349691414,-0.12192793009053841,0.9912005799767254,-0.02427328744473502,-0.08193119225948077,0.013610371864025661,0.9964974442416431
20:43:08:702,5.872396982892274,-20.585211306621378,-9.339264853955028,0.9916899607039543,0.06078492488378178,0.053601864127347285,-0.059749780761459065,0.9937238663589311,-0.020396906142775197,-0.05489891593632441,0.013628640741403497,0.9976671227878364
20:43:08:736,22.69480966471403,-18.281776239053087,10.601868613571591,0.9952247954433003,-0.0017363223804597826,0.02832980536131334,0.0022571730028175386,0.9961779157773177,-0.016649821081657787,-0.028526010000273837,0.013648209890925541,0.9988096437016314
20:43:08:769,-29.248848015202206,-17.7258821269852,-10.527938949489565,0.9916575427524185,-0.08023050624128944,-0.09089729609503848,0.0785153400272201,0.9966123157003394,-0.021826732356867145,0.09234849765982227,0.013961472520994675,0.9947212210930608
20:43:08:802,14.751275954556919,-19.623887800902448,8.9766885540213,0.999434869904051,-0.0002526536123283459,0.020029568717509057,0.0005526906109298826,0.9998718140459119,-0.014906596721315895,-0.02002425702507194,0.014756439586455119,0.9993429953538597
20:43:08:836,-1.8579242388219972,-25.206138049833275,-0.6785613135898727,0.9988420903024122,0.004059438536401509,0.038772706732280685,-0.0034783289455187364,0.9998570053052955,-0.015078134433845272,-0.038828997749211974,0.014745336433040901,0.9987625494618382
20:43:08:869,-17.223720229478033,-29.692257870862704,-10.321738756681547,0.9982502078354174,0.00826086751119677,0.055436221991671975,-0.007428215051132131,0.999853297992979,-0.015223986899295137,-0.05555418320193578,0.014737022598334967,0.9981722948472975
20:43:08:902,26.25799484447837,30.998102753862675,-22.916965467269932,0.9949595992197487,-0.019542179288725144,-0.09367801682213561,0.01811655445199073,0.9995530316591187,-0.01603586084484138,0.09398190586116108,0.014688640292280756,0.9951693189561803
20:43:08:936,20.61074979984445,24.096267081706902,-9.746271643723198,0.9932648013157261,-0.006846108099892622,-0.11104951366769256,0.005223088362478126,0.9997134444668503,-0.014855483239571145,0.11115327677841928,0.014664853582007522,0.9933320944054778
20:43:08:969,14.736462779127804,17.256632790768563,3.2649058800328623,0.991455687557431,0.0032789784945258223,-0.12866416308970308,-0.005119202850300635,0.9997266831757632,-0.013952834605026037,0.12862052097648904,0.014623563896657915,0.9915231066396043
20:43:09:002,-15.924776799772172,-3.5475068131504996,9.771415649743036,0.9839173204186772,-0.13019481577849493,-0.12092239337766082,0.12755863608585544,0.9912923533543726,-0.0292679580161869,0.12370753475480877,0.013537753182654799,0.9921630354519231
20:43:09:036,-11.580718025826148,-13.139862497138974,14.884837292770836,0.9840986316268217,-0.11871129964096937,-0.13034690661652498,0.11590792608501593,0.9926868597125371,-0.028827550919247977,0.1328571148801678,0.013524590832684199,0.990959596853854
20:43:09:069,-7.753867085759148,-22.786271307117875,19.482043821582636,0.984476810263355,-0.10617677697526043,-0.137799287394665,0.10324718411838839,0.9941009663587278,-0.028221060650161146,0.1400143719583167,0.0135092003027355,0.9899363194922037
20:43:09:102,-24.75874087960343,-26.557738614060174,-8.178295921261551,0.9979911302916047,-0.006171074859511591,-0.026984667824956943,0.005803380595280131,0.9982681402323185,-0.013648414040191676,0.027102831482382208,0.01365515372829506,0.9995360150461353
20:43:09:136,-6.672225361918287,-4.387086149632268,-11.518007837910494,0.9953465512417897,-0.055310308864629475,-0.024361938675420244,0.05496005479548736,0.9955641928907535,-0.014751275926351035,0.025210927066029985,0.013653827397138305,0.999579409609145
20:43:09:169,10.348629679887672,16.821848790799965,-14.247610914449448,0.9927425700997916,-0.10370361445010538,-0.019896636047746982,0.10339683296464232,0.9929020303071606,-0.01562522789710063,0.021453960602776555,0.013670526305216993,0.9996245494457933
20:43:09:202,-32.49520265400031,-20.074291831420172,23.829900632879387,0.9891680393263029,-0.12795019919764702,0.05914622512103116,0.12848889960195742,0.9916546002181786,-0.007426477032546213,-0.05770265791004685,0.01473669270923516,0.9973824246592631
20:43:09:236,-29.780025522834762,-24.760694117294907,7.962919180772793,0.9888385725983249,-0.13418282962397637,0.017350182141741995,0.13414431614993627,0.9908607487680572,-0.013066479147812705,-0.015438896208626674,0.014737594060720612,0.997765484268581
20:43:09:269,-27.31308769224344,-28.718979903192366,-7.730550597680776,0.9885562940967804,-0.13621224355491585,-0.023368186818530975,0.13561463347596348,0.9901089975141983,-0.018500145969955112,0.02567425887144965,0.01474347074957155,0.998156734752942
20:43:09:302,-25.774375806069852,20.240509816343952,-19.05673461030798,0.9918983107493196,0.10518962352172206,-0.021540525681598175,-0.1055385036542219,0.9923310534868108,-0.014148518853444508,0.02012744497428746,0.014753903170827106,0.9993541857330961
20:43:09:336,-11.571823213291424,13.8637319783413,-1.2603755991935186,0.990449079622864,0.0273577627843897,-0.0520245233186543,-0.02838658981528763,0.992741220894362,-0.01866420428314912,0.05194783357541677,0.014728667556336613,0.997416359641028
20:43:09:369,2.0516392612872014,7.452559648264175,16.241480169760525,0.9892075277826219,-0.0480008984549321,-0.08008568199854109,0.046338796894106526,0.9932563067430192,-0.022927284413339896,0.08129578284331004,0.014686841597775304,0.9955859577790939
20:43:09:402,-19.86514071920834,-11.73694977565171,18.59094399930569,0.9987750794534642,-0.027505344514259927,0.023764534169053133,0.02783588142379304,0.9993970307590156,-0.012500038340899996,-0.0233902941189706,0.013632906144252523,0.9992066267100448
20:43:09:436,-19.126866718661145,-2.0735965191007923,20.479541312153042,0.9948407891006601,0.004014355624748993,-0.03343383216750146,-0.004223022042045975,0.9988205637783488,-0.009567357759715057,0.03348826946456009,0.013589335022303518,0.9958810229302535
20:43:09:469,-18.45054053678171,7.485328595883393,22.543763098141188,0.9909201151437347,0.0355504127993086,-0.09054242157537956,-0.036292108921623684,0.998280962498586,-0.006570515920434624,0.09027439096209698,0.0135408974211398,0.9925332110560976
20:43:09:502,-17.781780198369823,16.835749557050175,24.246180395002,0.9871405535306973,0.06613332640676023,-0.14553327080054557,-0.06739322229220154,0.9977194916715331,-0.003738468920355046,0.1449541425798975,0.01349836923324453,0.9893463026599048
20:43:09:536,-23.78346516529369,20.424694601665514,-12.581903753660056,0.9939005504725981,0.0835738386979263,-0.05694687828598814,-0.08418495438891244,0.9954712986398989,-0.008421449508481949,0.0560832059454509,0.013638930610790365,0.9983050495006623
20:43:09:569,-10.479270832025454,13.949362083571257,8.65368749550148,0.9962426968262486,0.0530360282646751,-0.05086608603964859,-0.05363042725184666,0.997506092617473,-0.010454822346993053,0.05029064837457564,0.013638250522853959,0.9985888946433883
20:43:09:602,2.3172568933838056,7.679655091412289,28.245032921640654,0.998560217427043,0.02422406009321605,-0.043268313752762744,-0.024784840022987118,0.9994158942166815,-0.012495663151051153,0.04296128913783655,0.013647455278731083,0.9989728646391495
20:43:09:636,24.517515784581157,-5.049299092281173,-5.243484839127951,0.9965713267653008,0.05123265640585546,0.023524086434125582,-0.05078355971990933,0.9984872589227256,-0.016737934399385007,-0.024344092960091837,0.01474474475335779,0.99783437820931
20:43:09:669,26.449711108362735,1.9305770501371198,-16.95918210437132,0.9965250630842805,0.04063065716718216,-0.022887025677889788,-0.04087044813305295,0.998945930190356,-0.014838899100505456,0.022262394581046424,0.014724120219878921,0.9973582954619195
20:43:09:702,28.179229656611888,8.480729890685847,-28.573221559804978,0.9964465110524104,0.03069219278894826,-0.06534266687524044,-0.03156220376023675,0.9993730149377246,-0.013087133870261348,0.06490090152223016,0.014717966515470771,0.9968791005750736
20:43:09:736,-20.912364168543558,9.75339578254832,-24.258740170877573,0.9962008234985915,0.002013277275017251,0.07676830457780526,-0.0008540022800789588,0.9998101967339512,-0.015346340024729567,-0.07679170827271875,0.014710798182952805,0.9961643142154061
20:43:09:769,-16.408266455737063,-3.0454517584703598,-30.377166783064574,0.9977174737454862,-0.008633532842239146,0.04120994376459952,0.009254791923809874,0.9997680434141584,-0.015099218840503945,-0.0410757159267466,0.014733914764132494,0.997726737641778
20:43:09:802,-12.800574887781588,-15.236055667834847,-35.72332098259991,0.9990794970471975,-0.018139557281499023,0.009497307640463791,0.01828224067332128,0.9996660625557575,-0.014972780230664617,-0.009227497421446391,0.014755609035394749,0.9991923672935519
20:43:09:836,-21.8936037706711,-7.9869661207706555,18.718571932431992,0.9879647710748393,0.10459917706394645,0.05059442665379004,-0.10350087788030068,0.9911361004836458,-0.0252532783706577,-0.05275943198921276,0.014723136808599198,0.9964259545065417
20:43:09:869,-20.934303713304455,11.10887702628732,16.532609351933093,0.990253448850436,0.03186653046019446,-0.004935794203496493,-0.03185046416171104,0.993605705380275,-0.023550404650179727,0.004189637190523046,0.01472540366977116,0.9962780621603141
20:43:09:902,-19.8560227982982,29.15254017088499,14.796861037162829,0.9922851812041869,-0.036102412428521864,-0.05795044076838737,0.03508926971221396,0.995881327645319,-0.022028529779084847,0.0585295520784073,0.01471826592523379,0.9960640292880615
20:43:09:936,14.505282674931003,-13.265773189201157,-28.92708435905139,0.9908464593783796,-0.044033302780891334,-0.1259861653383097,0.04198688309557226,0.9988658453853446,-0.018743347183839684,0.12668675152836992,0.013537481051063076,0.9917188730577603
20:43:09:969,2.1830046281779167,-10.376086195418514,-13.413169337137592,0.9919603372806639,-0.058482683006372355,-0.10697634747814969,0.05672312263611522,0.9980011952195587,-0.019219179741670967,0.10792901429326805,0.01357063882666522,0.9936891936677689
20:43:10:002,-9.318683503278658,-8.13632396425623,0.6338455581909772,0.9930214680082989,-0.07126530716082892,-0.08942752422968087,0.06977344006321168,0.9972143136427263,-0.019564776886554305,0.09060546503027582,0.013596015322932128,0.9955311959158871
20:43:10:036,-28.828062200645462,-0.9581665065619779,-25.156165957441026,0.9948711173448439,0.06576836644690628,-0.07498571032573038,-0.0666564915110381,0.9976975462609714,-0.009574733812834349,0.07419320285866464,0.014739282334666565,0.9970236447854237
20:43:10:069,-18.48966240872851,0.38687894260952094,-8.338667193053602,0.9910811292255959,0.08286477295360241,-0.09580875668134593,-0.08376913778760439,0.9960500579993056,-0.005895809850174248,0.09502436954494707,0.014695793281383337,0.9949169543324989
20:43:10:102,-8.733216629351558,1.603334774266041,7.585003136047254,0.9875661382981804,0.10052741810429491,-0.11495628483545167,-0.10143675634204412,0.9945187462266901,-0.0023326232005236075,0.11415554976228161,0.01466936462394415,0.9929682702543475
20:43:10:136,4.672027016347401,-19.375533456571024,34.02120452687797,0.9982667340035903,0.035794022921041016,-0.040986324916225024,-0.03638904843998398,0.9990763506045695,-0.013588851404525135,0.04049066467121741,0.014747961673459275,0.998988740764374
20:43:10:169,0.6910347196153059,-13.798417482654555,27.222542702291552,0.9946609637695955,-0.00462668451925366,-0.07121763430317482,0.0033387707058979386,0.9980488882157671,-0.017600883961404266,0.0714670999682874,0.014709213048986125,0.9963408839164922
20:43:10:202,-3.042009651000873,-8.66082786283615,20.938732064085553,0.9913262908990018,-0.04449243614451258,-0.09937275331251207,0.04253993440493573,0.9971172473441131,-0.021628685082397507,0.10034551249123144,0.014672581494661462,0.9938689998595942
20:43:10:236,-6.728154294726157,-3.449875583706208,14.551182309398195,0.9878851570174825,-0.08490642466345556,-0.12845768847040173,0.08227594852257572,0.9961560887647182,-0.02566896950833643,0.1301653842069182,0.014635176539433876,0.9913197623568819
20:43:10:269,17.60129441769569,-19.379357369407202,34.278433259636735,0.9914144028443288,-0.049638417040353655,-0.10616307576806423,0.047907196550683186,0.9976031377779331,-0.018271179392338705,0.10701058769369455,0.014680037130709046,0.993537978624495
20:43:10:302,8.611120880069524,-0.3584267750770381,31.308007054785566,0.9912839017002127,-0.08230479286673445,-0.081889805729543,0.08091717244813906,0.995270974424572,-0.01961572902224434,0.08334545010917443,0.014713116814408947,0.9957160423080853
20:43:10:336,-0.08839514867245997,18.581213849282406,28.408862360329397,0.99125026055207,-0.11429973808374491,-0.05640850005444322,0.11328254603908014,0.9929726964053985,-0.020804462349311357,0.05845587465044226,0.014739003260031658,0.9979598825059929
20:43:10:369,9.36851387689654,3.8153108198462813,7.765483401211817,0.9966482245479179,-0.03706452046428753,0.000596262388192946,0.03704827149225887,0.9990105787337238,-0.011928571584464172,-0.00013548333632305024,0.013605110499962766,0.9974745728889918
20:43:10:402,-2.0775742813731495,13.096897752933195,19.0551310278856,0.9947864910233299,-0.021259060073238915,-0.05232192620419303,0.020539812083181366,0.9993446461645772,-0.012549813442227827,0.05258537228018908,0.013590518400162458,0.9952704064494504
20:43:10:436,-13.492321305810496,22.1834384340251,30.050074576114856,0.9929855726738102,-0.004628296750891299,-0.10506808693216273,0.003209894321288402,0.9997534508369965,-0.013101035467448986,0.10511721836594864,0.013561009627810672,0.9930536738569613
20:43:10:469,-5.029978287086957,8.456490349780864,5.780350593060802,0.9952362040178406,-0.06294583306340515,-0.07273552122190877,0.0617796074297339,0.9977891774880142,-0.018184546744603354,0.07373706584518214,0.01361390281472605,0.9971933743703632
20:43:10:502,0.7760640746210082,-5.190870160473277,8.688180490767197,0.9956487721561709,-0.0483684869524232,-0.07652589789340723,0.04718527288622817,0.998504455423328,-0.017186560159650102,0.0772788775235077,0.013605859103965133,0.9969062092570906
20:43:10:536,6.9578973459186955,-18.93319967754738,11.278000781092713,0.9960575139668654,-0.033221691312746694,-0.07914450873718333,0.03203697280576289,0.9991451779086388,-0.01625534625909699,0.07963940465662514,0.01360726166105224,0.9966886294597634
20:43:10:569,24.91017943969198,19.41647423283153,9.245898201398564,0.9904772858019535,0.11863553051106643,0.004093290868910043,-0.11847400346350107,0.9921121871635034,-0.017632189342505794,-0.006074162519625231,0.014752847603296796,0.9980998640345274
20:43:10:602,7.9961650775105,14.98935500723461,16.497286106804083,0.9905502671075842,0.0808572787836173,-0.04949233987653692,-0.08144168433086295,0.9950287293656896,-0.015299680663670216,0.04816715923090425,0.014695920429329214,0.9952921449508128
20:43:10:636,-8.978531317641304,10.87627048827219,23.431517978364052,0.9905984590106935,0.04368429860874604,-0.10214824823225012,-0.04500030536529712,0.9978910351234715,-0.012973326831212545,0.10146875187370488,0.014654153725508857,0.9925135338639838
20:43:10:669,-12.395099336608714,-10.622675101510897,-28.422424344106066,0.9966931700825581,-0.061860855516879455,-0.02763984412819007,0.06145088559563081,0.9977169331494171,-0.015560548617650138,0.028586463994048354,0.01475269945651954,0.9987459355880196
20:43:10:702,-0.7780877283959253,-6.386082222233302,-27.60516376297733,0.9940306795453496,-0.03448058551257426,-0.07067654795926008,0.03348920440443313,0.9984906908838241,-0.014530088111396252,0.07120576924599466,0.01470481460297549,0.9953250858892502
20:43:10:736,11.035468436401562,-2.351806896723164,-27.11714887426329,0.9914081408981203,-0.0071045495175023655,-0.11189753627838245,0.0055573970864018305,0.9992199858457301,-0.013583337548368967,0.11200746648127426,0.014649643637054942,0.9919875032655742
20:43:10:769,15.530714282263643,1.0805003191565596,17.76588937164757,0.9914194696010493,0.11048816679096071,0.06377061359727888,-0.10935633339629762,0.9932559686076424,-0.0210351439104943,-0.0657108058673005,0.013605231728868725,0.997861479262052
20:43:10:802,13.293832912504165,1.699304766360599,-1.6199869981091177,0.9941334223606605,0.061582100199484326,0.04171111440117506,-0.06084266156118944,0.9953745536505381,-0.01845596455368867,-0.04283493009998513,0.013629318981897906,0.9984970423590425
20:43:10:836,10.804537630372216,2.5630711348974327,-20.49495697794213,0.9969056993067328,0.013350741009135372,0.02190353099739829,-0.012972298589823666,0.997460469134527,-0.015947172615747577,-0.022222759726253455,0.013640219093437947,0.9992227316262435
20:43:10:869,-22.296826224314305,24.99763687763486,-1.6949211000243536,0.9971831230616038,0.004482660495116098,0.008344662576131008,-0.004442533998146078,0.9995950323671812,-0.015276523770184127,-0.008375959425480178,0.013620555819289828,0.9973774356915964
20:43:10:902,-18.96431500959921,8.9293931359961,-19.912059681970167,0.9909481372210525,0.04480627024522735,-0.11601784873458432,-0.04616364708121636,0.9983961346494855,-0.00951190745273421,0.11550391170712752,0.013552085731858777,0.9924182368023542
20:43:10:936,-23.071511051540977,-0.45647388551445217,-9.209823383823757,0.9924794083720745,0.06727725614759578,-0.0885029606652547,-0.06828994479587731,0.9971167869821658,-0.008914770345362187,0.08775081288820158,0.01358726419535599,0.9952353811526111
20:43:10:969,-26.414277036262884,-9.038218533932094,1.102766635202366,0.9939433854289015,0.08755650502057509,-0.05967006703866327,-0.08820862452589234,0.9958984112261265,-0.008396600107416989,0.05870636226112863,0.013638447768643237,0.9979230124033495
20:43:11:002,13.652044951964678,35.200176562662016,-4.438484758633597,0.9929764213760092,-0.03889531020766051,0.06889011645888715,0.03973758141231243,0.9986063211212735,-0.014596287553262739,-0.06824851988007855,0.014680015348999391,0.9941510279846482
20:43:11:036,14.620012437946743,30.36168810066629,8.55508205982053,0.9930306736375776,-0.06364419675600258,0.005999518075583386,0.0635247433697927,0.9971793547417873,-0.017642661485010702,-0.004885732224401983,0.014697838273908786,0.9955837830676576
20:43:11:069,15.654449939456002,25.281106005307603,20.630866297670714,0.9931423787230647,-0.08710464106274528,-0.053667357378240924,0.08607371615293191,0.9958482387727856,-0.020551057815145435,0.05522727191269556,0.014720266115819385,0.9969803694183776
20:43:11:102,9.217197926095428,-2.903245242059993,-20.62985186465625,0.9968309957286409,0.006328699605248383,0.0404234627041089,-0.005718592788840519,0.9994146992494064,-0.013109302789764847,-0.04048436568687623,0.014735365172318632,0.9972215801841403
20:43:11:136,-0.2916143481914269,14.67688058640868,-22.53457945514443,0.9962969023750798,0.02940684221247975,-0.00679732140872204,-0.029432407231583038,0.9988153040700172,-0.011961375018192083,0.006436416683671131,0.014738452649569083,0.9973022417866261
20:43:11:169,-9.03048021227994,31.66650289976576,-23.77196802189797,0.9957173233213755,0.052812619114474386,-0.05351044042553531,-0.05346097511780626,0.9982032507211049,-0.010730291714139131,0.052848580153264775,0.014722994257350991,0.9973512623074476
20:43:11:202,28.68845876600442,20.23781048012125,22.751622564112157,0.9916289517409781,0.057372332649703144,-0.09147360787706448,-0.058301751863049436,0.995825486860886,-0.007441605930649762,0.09106048520878969,0.013589272876737613,0.9956844030934888
20:43:11:236,17.463039508454184,21.451222371468262,1.4281514695797686,0.9923730890140715,-0.0027138384935442962,-0.08074583762522068,0.0017199354679407037,0.9956914008517712,-0.012330881525029772,0.08111721317759771,0.013602244864130133,0.996499008052314
20:43:11:269,6.649687844479244,22.73591747883996,-18.92871512966914,0.9931132308669184,-0.062315844294906594,-0.06902266689859388,0.06127684547750457,0.9955358102923025,-0.017046701398704494,0.07016799867157174,0.013610525026579801,0.9973336092581798
20:43:11:302,11.06889491126148,29.52506513963687,7.584327621939537,0.9946942067408429,-0.08213958801149379,0.006151934933028551,0.08221855002351941,0.9948278572863646,-0.0120123240614589,-0.005075194740336421,0.013643529471826284,0.9997012352026213
20:43:11:336,12.77791417931628,20.318361649434628,9.666291904682764,0.9953201325703688,-0.024503362321005813,-0.01402757571732286,0.024340804026166576,0.9957934122527284,-0.01135200111164134,0.014377607301572773,0.01363563556501773,0.9993700259272995
20:43:11:369,14.383838779455118,10.824304108159225,11.641266517773936,0.9958879268156756,0.030127100719032813,-0.033962397779299644,-0.030532832269154157,0.9967064002766322,-0.010853634845420396,0.03362948030751271,0.013645810428568777,0.9990305191000312
20:43:11:402,6.601513547660492,-16.434049770029702,-1.066384617226178,0.9918260317715035,-0.08187135167844294,-0.048002507248362976,0.08106773945946766,0.9944208566182619,-0.02232965554309085,0.049400848146677334,0.014728499754943634,0.9970570757523355
20:43:11:436,-1.708004993607433,-10.614711833575399,-8.321109075355563,0.987546892690842,-0.001654519204935136,0.02043934905549951,0.0024284172956152545,0.9928175477003505,-0.02676551028639778,-0.020790316083847793,0.014685730206920001,0.9942857727715934
20:43:11:469,-9.885420218214678,-4.9412285137956005,-14.81500228906884,0.9834421065782992,0.07503584698954556,0.08424111638099524,-0.07278337961897899,0.9913608518970585,-0.030978058163903185,-0.08626453220950503,0.014648184258825357,0.9915470756038005
20:43:11:502,-8.963560669845924,-0.3618025846513813,26.96278614836876,0.9914391494833572,-0.02875994242370564,-0.12671122730963416,0.02665753921011685,0.9994512740245657,-0.018260190089618527,0.12717227502308365,0.014649603360683865,0.991715749383993
20:43:11:536,-17.336856775212695,12.42524447992478,24.017063055934265,0.9933872024294937,-0.015919647116334194,-0.10863348708117214,0.014174783193851787,0.9995784871816229,-0.016850249998950302,0.10888880848299662,0.014677534395303133,0.993558166749447
20:43:11:569,-25.091962441395776,23.964119738116686,20.649722339139906,0.9953534222108187,-0.0034901064577915236,-0.09126250223075395,0.002088964266814732,0.9997334748068561,-0.015345003569559727,0.09132383069114729,0.014698742604005064,0.9953927844480542
20:43:11:602,-1.996188616319626,-34.05433169291956,-15.454253977656464,0.9954070008278441,-0.010142187502788579,-0.03161527638283741,0.009742769379410038,0.9985054008829589,-0.010653959910264512,0.031735023349772955,0.014162432906525283,0.9967472706514632
20:43:11:636,-22.17510675632848,-6.282710988986184,-4.617633039157282,0.9925196417518054,-0.09594012649488493,0.06916419129165041,0.09666661726203946,0.9948333635767991,-0.00733365610720516,-0.06816606231961037,0.01361247511663518,0.9975759454844733
20:43:11:669,-15.40379539470061,1.7428183672228812,-18.64904566081378,0.9904692653446984,-0.11882110584134434,0.06160133952139378,0.11944510948143097,0.992352621371197,-0.006590094416822226,-0.0604036044421065,0.013622524483114209,0.9980138876290573
20:43:11:702,-9.170425088630738,9.9595332481962,-31.856752998304046,0.9885199258602106,-0.14004469569406958,0.05543604127926429,0.14058399650725176,0.9899848853890338,-0.005939758178680988,-0.05405733048879912,0.013626859496404967,0.998438742506368
20:43:11:736,4.472299968108497,12.538501104743064,-39.22886032552402,0.9946392280405355,0.08207248010646832,0.05446895029118566,-0.08121330708541695,0.9961077889549539,-0.017753414423643976,-0.05576860938606083,0.013625329033859927,0.9982843414101965
20:43:11:769,10.922734056702067,22.11989892479789,-39.31872284505622,0.9956613497821801,0.05534731686555277,0.06363295927310735,-0.054385268622170475,0.9976567401837415,-0.016631636788809374,-0.06449703498773618,0.013613774806665846,0.9977747441749666
20:43:11:802,16.88441686616315,31.152034316070132,-39.21262561055814,0.9967034241750001,0.03185165744031807,0.0714689358924108,-0.03080104323082626,0.9991939443688536,-0.015722322236648323,-0.07193762035559861,0.013611227616604034,0.997293826352444
20:43:11:836,-29.143226478129595,14.503853303487034,-4.283652832235887,0.9944840250771942,-0.06701203439620132,-0.05198283327802439,0.06620619346874485,0.9958648527596455,-0.017093061008228504,0.053151354500075895,0.014759265191950081,0.9983617119415735
20:43:11:869,-13.232689525924506,17.09385591821902,-3.949847159790692,0.9946784759128281,-0.017916155097327476,-0.06666030324406264,0.016993337522870057,0.9970789801874832,-0.014204243582852449,0.06707386038052754,0.014734012995120534,0.9973849763391504
20:43:11:902,1.4344443542291114,19.181251518740197,-3.30708366773011,0.9947990430552864,0.028449247342389142,-0.08129736028918311,-0.029493034787017782,0.9981408819357617,-0.011534431807418671,0.08099528056978336,0.014724450697912325,0.9964829942113027
20:43:11:936,7.322327102390092,-4.287548664668498,-18.49702984756099,0.9908005212592811,0.1135278379382152,0.046423627399511405,-0.11265914379112162,0.991833953787264,-0.020943462159176095,-0.04853066475101255,0.014756266230315262,0.9986445778322282
20:43:11:969,-10.80503752554414,-15.801110660137653,-23.10651917687846,0.9944848846963019,0.06146993405025167,0.031512387781788824,-0.06089598961023585,0.9950736312850836,-0.01832545320590651,-0.03267390375728492,0.014763603176659297,0.9991330307819715
20:43:12:002,-27.652067114438417,-26.96021293394631,-27.305340721764153,0.9978998812338072,0.012625526651172767,0.019684325745044848,-0.012297913905045912,0.9980997679613398,-0.015929947231252302,-0.019961652949888636,0.014769948682808785,0.9995620684681255
20:43:12:036,24.97028004131312,-7.482518144541653,26.689523683054194,0.990803666784615,0.004181791013713898,0.10906767345670466,-0.0025935463577059013,0.9996259422755652,-0.013189552194520952,-0.10909541576419385,0.01464263885211966,0.9909825229449611
20:43:12:069,3.1128226533527603,3.4820288337996534,24.684944191926732,0.9920413280906868,0.02673803588847746,0.03285780944971657,-0.026166523019743388,0.9989497908555489,-0.011604064359734496,-0.033165112188270576,0.014675830984917948,0.9929167271591601
20:43:12:102,-17.139133114219234,13.972689535897347,23.195500811410003,0.9931731958707458,0.048231520547398626,-0.03850588680169932,-0.04861195663829006,0.998323613826992,-0.010084925785049891,0.03793285335781836,0.014698029308124045,0.9946945017786046
20:43:12:136,-23.978496924239234,-16.92165586592102,-12.039020236787758,0.9990262950597689,0.033249019057246226,-0.000149320697445748,-0.03325612326361373,0.998999044235541,-0.014039651172280355,-0.000298020864628763,0.013639164814096699,0.9998353818900664
20:43:12:169,-14.937322424067451,3.3786288570374676,-9.081362574156255,0.9976796863049123,-0.006068948995606377,-0.021131540988104457,0.005729353561165822,0.9982622449217597,-0.015447834830119425,0.021277402618940358,0.013635321351595484,0.9992046272123313
20:43:12:202,-6.031914104263191,22.427389250477564,-6.71681648579881,0.996434917489481,-0.04423245813208548,-0.0408401181612017,0.043575581625755345,0.9975522835420774,-0.016886979314363792,0.04156231354748307,0.013626524098976975,0.9986484787168549
20:43:12:236,32.99789944199066,27.95205940441408,-9.159321241113652,0.991757122500897,-0.09597001203157174,-0.08480696276006895,0.09434829517317138,0.9952876372124108,-0.022907090846966034,0.08660454077596745,0.014726214936317476,0.9961138049027882
20:43:12:269,11.556109001272883,8.20629845028551,-12.979198080391564,0.989816571507414,-0.09867024112297396,-0.09980557333276938,0.09664293228288431,0.9949908929848055,-0.024700964164659202,0.10174626228900359,0.014690334261210955,0.9944337911414671
20:43:12:302,-8.59747496908725,-10.8469918964346,-16.666716817798303,0.987869435578849,-0.10197412313871743,-0.11488122434629584,0.09954144121862896,0.9946682216217727,-0.026522488526462794,0.11697530179396946,0.014669623951293856,0.9927725714834412
20:43:12:336,-29.486098456194846,-30.124788038034964,-20.510539649170784,0.9859700951292822,-0.10463750077239103,-0.12975193221267362,0.10180504265830932,0.9943828519177086,-0.028283063475723746,0.13198662196546493,0.014645251004891788,0.9911229364881006
20:43:12:369,-34.91537243314386,7.941234722521983,-29.1089928171528,0.9975206240601399,-0.0264692014523753,-0.061553635869982554,0.025524180427915755,0.9994937416193606,-0.016023759971141856,0.06194816791318682,0.014742772825633292,0.9977904334602719
20:43:12:402,-33.28337517704276,-11.485607116363056,-28.907258271749257,0.9978413500465215,-0.03637294462537191,-0.0483076357376321,0.03562043412983692,0.9991380355128319,-0.016208433918525354,0.0488658672107058,0.014753712560639988,0.9984633770147594
20:43:12:436,-31.367996584974083,-30.536508801214087,-28.860412257118774,0.9983099459369279,-0.04451710905547715,-0.03340723563769449,0.043993843255491404,0.9988331094851634,-0.016230866581777508,0.03409386519556175,0.014757795022326898,0.9992365604013183
20:43:12:469,4.668883828879569,-17.65887248030124,-36.323197603325895,0.9964437576091207,0.07364089314846071,0.03817193671556405,-0.07306165532874408,0.9970654814541768,-0.016273620064394263,-0.03927462868864878,0.013617987279436338,0.9991544468888192
20:43:12:502,-4.470951306954442,-18.36229707370025,-35.93552191160283,0.995296678021342,0.08748248127011979,0.033835718887801715,-0.08696210706708356,0.9957928417843647,-0.01652618987934951,-0.035159203083385444,0.013633843648448597,0.9992758357330209
20:43:12:536,-12.928292109449186,-18.746006764432156,-35.6486524714138,0.9941473603142518,0.10222593097880109,0.030115151736699652,-0.10175503200548901,0.9945168591155064,-0.016764386566772694,-0.031673076245469556,0.013635010775601536,0.999398750508509
20:43:12:569,29.992693170746623,-2.5754738373550183,-36.74072140195366,0.9993428261533708,-0.006781900637015187,0.0048568133583128306,0.0068479977522942475,0.9992713300358856,-0.01372585636144579,-0.004772746073315649,0.013642417036266837,0.9998840818143322
20:43:12:602,16.45731593717136,-2.6393604678818483,-35.617930337451924,0.9974688015409503,0.037743436733967406,0.009836862435895386,-0.03759797337360722,0.9974455607133034,-0.014434725964820594,-0.010394142133718894,0.013641347284527114,0.9998256940472294
20:43:12:636,3.0558029054430826,-2.686221320541074,-34.47198836776436,0.9955845225285158,0.07999013128589867,0.015253000925148214,-0.0797649260874713,0.9956488000258984,-0.015014715611389466,-0.016422939377777408,0.013640045826712794,0.9997295865013873
20:43:12:669,-27.911026326659112,-28.448779298539815,-31.139559392959566,0.9881219315993405,-0.10772661249748036,0.11098133520620182,0.10859326407290906,0.9942782383747193,-0.001898882889117526,-0.11012383978742325,0.013558912555642982,0.9937841296116868
20:43:12:702,-5.078658734353885,-29.22001275263752,-29.81318422379433,0.9876205943014932,-0.09608407081834446,0.12175517467081404,0.09703305038285492,0.99517633294981,-0.0020135827536528475,-0.12099894418843124,0.013539806704714746,0.9923834048402839
20:43:12:736,17.27086191408994,-30.224308881662,-28.340314260237875,0.9870900122188906,-0.08675504423248118,0.1331791146374814,0.08779106942291812,0.9960807063936752,-0.002024342276016625,-0.13249564071679837,0.013520227585397046,0.9909483913041314
20:43:12:769,-38.63173630394,-11.99040836102998,-16.68791575048789,0.996860364737243,-0.0726608264884782,0.030513473181456773,0.07304004977002326,0.9972112524981153,-0.011381281659467118,-0.02960370876847473,0.013636801485532144,0.9994925100221459
20:43:12:802,-37.51215708050975,-3.9896305815739828,-15.732162898331566,0.9974743583066553,-0.06444141195014594,0.021160125426716605,0.06469829857731643,0.9977405041388355,-0.012078092713410642,-0.020337176734989963,0.013637830230474195,0.9995679180173979
20:43:12:836,-37.01228472783678,4.541800659397355,-14.738703241361636,0.9981778763167976,-0.0545267857341185,0.010473908999552818,0.05465422318080549,0.9982435862654887,-0.012951772083448835,-0.009757085974502745,0.013640409915814163,0.9997569926014213
20:43:12:869,-17.31361875611634,26.763117636682882,-31.429404263743248,0.9913501669636358,0.12712199302434532,0.03775766399762599,-0.12649706003831482,0.9919743421986373,-0.018494421143588798,-0.03979841588985592,0.013631673966528902,0.9991167024004519
20:43:12:902,-18.05842123696955,22.43060506015847,-32.889585344379796,0.9913971236563545,0.12403987224835623,0.0413158903507984,-0.12334687824116013,0.9921823747819072,-0.01887793883243114,-0.04333463954273232,0.013629389912003938,0.9989492953034185
20:43:12:936,-18.54590552897107,18.226483927382084,-34.44854789813974,0.9913384863903761,0.12183840264235798,0.04540813073801385,-0.1210693613931089,0.9923010075777438,-0.01928173492754138,-0.047421847602293406,0.013626879203104163,0.9987652760015534
20:43:12:969,-14.250140365798732,8.254352835571805,-14.3054917201838,0.9907609290317746,-0.04077450791207663,0.051136875396663166,0.04149528703332362,0.9920502420762388,-0.012928968102284851,-0.050979209301944606,0.013623569240299272,0.9985226763591659
20:43:13:002,5.274045897817182,9.56843049863488,-13.163631031274038,0.9951144341008551,0.0627755299326554,0.035338307157687474,-0.06225034351776543,0.9956515347957019,-0.015740508839193305,-0.036341041493571334,0.013633426704447466,0.999245167018338
20:43:13:036,16.60914297470357,6.4948777199502326,-12.825758361258885,0.9968321691824683,0.014813621852209179,0.03724677893018327,-0.014298089049773253,0.9974378226929527,-0.014033626725430575,-0.03753390098534785,0.013632825826046876,0.9992011263782129
20:43:13:069,27.82272541402891,3.7110291076437614,-12.764636258984314,0.9985029924014104,-0.03151131948558317,0.03868238394400796,0.03201211419226865,0.9991625665968298,-0.01239758497789581,-0.038277066358851246,0.013632411455522579,0.9991707556027186
20:43:13:102,23.707726931337742,17.33390203965271,-28.15549366018063,0.9957479884300617,-0.004007991984607472,0.017218121682551532,0.004256237259652864,0.9958238147763496,-0.014201778582391798,-0.0172599706370411,0.01364002449004662,0.9997287435626577
20:43:13:136,5.961399508009373,18.645447809618805,-27.035484370298462,0.9929946073887975,0.06130999563761593,0.021766076460140577,-0.060972226419173284,0.9931632639646907,-0.015758017380169596,-0.022786622867070106,0.01363844644583382,0.9996130827616616
20:43:13:169,-11.103773647001391,19.601452152039304,-25.999354660763004,0.9903875118771964,0.12430216278640781,0.02657673970986162,-0.12387182463689499,0.9906613760473,-0.017267615927296455,-0.028539840613953916,0.013636709166985212,0.9994857510547543
20:43:13:202,12.959947757401949,-4.102610788567432,-25.619530750799115,0.9971244542873021,0.03892723535503486,0.05166856590739006,-0.038166474068125955,0.9983694212191483,-0.0156194882880172,-0.05227377414384122,0.013623803626116744,0.9985398553808225
20:43:13:236,5.223041145837585,-3.3896305858848113,-23.416648321741228,0.9952453224225297,0.06954552841535039,0.05120046027215146,-0.06874689306926363,0.9964670506765767,-0.017180185526057264,-0.0523218753565579,0.013623792708016023,0.9985390551521189
20:43:13:269,-2.705716747286157,-2.5012065824806213,-21.181483472368228,0.9934386513018467,0.09595222137979,0.050068911796471785,-0.0951279824358135,0.9946204698208482,-0.018622988541164235,-0.05164247081571692,0.013624033494751345,0.9985567033184066
20:43:13:302,-29.218383487118892,15.364797846391243,-17.620442462316994,0.9942374886465162,-0.1071360953207301,0.0033097057440775396,0.10717105041832146,0.9941498011712756,-0.013363594884646751,-0.0018586275784634326,0.013642426810074158,0.9999048186411534
20:43:13:336,-29.87905829783018,17.646584359940125,-20.11544519666393,0.9943516348747938,-0.10576719477910249,0.0025549197802607645,0.10579242821955309,0.9942619130305409,-0.01345907129767896,-0.001118495759596332,0.01364243691916709,0.9999055595746322
20:43:13:369,-30.57829971998215,19.748767698531385,-22.537244330278753,0.9944919363819533,-0.10469643264632389,0.002413636771569141,0.10471847041485438,0.9944160014142746,-0.013479487692970991,-0.0009889545595371454,0.013642244839610525,0.9998914813408315
20:43:13:402,-24.89422787545868,6.371467648554284,-20.99557423017469,0.9958779178911054,-0.057880026078722856,0.051200746201131506,0.058508857516143986,0.9971067009080051,-0.010844827582243404,-0.05054821420072014,0.013624890983308036,0.9986195518827939
20:43:13:436,-12.438604811687402,6.288116004281511,-19.20130319455172,0.9960189132491459,-0.013101278907479507,0.05464881573205854,0.01384898631103394,0.9974386336588333,-0.013301429311004026,-0.05459677793766544,0.013621829435814456,0.9983951595416112
20:43:13:469,-0.4160790845358968,6.214499063509459,-17.48788219852989,0.9960768396005428,0.032835661803057296,0.05747658411869527,-0.03197971861787392,0.9976631392254204,-0.015700149046899953,-0.058041538518770155,0.013619111242670002,0.998195932933254
20:43:13:502,-14.6007468278644,10.212258887920123,-21.231362727073737,0.9913052511062164,0.128834664173012,0.011525894056974966,-0.12865457326521162,0.9912835356934568,-0.015179281504266348,-0.013391170438622847,0.013641175933973078,0.999813137222703
20:43:13:536,-7.238050535445322,9.507088503905527,-21.626625309810397,0.9938432796308387,0.10127526829694729,0.015261693936606875,-0.10104587291057451,0.9938825363055981,-0.015041253003804485,-0.016722669635468795,0.013640374768410624,0.9997544167825947
20:43:13:569,0.20924473068274424,8.846228054619864,-21.994650952539736,0.9963482171991166,0.07371664453028007,0.01937689503333036,-0.07343260399843846,0.9964650122354131,-0.014903828998850585,-0.02043329564114894,0.013639347613050358,0.99967913269946
20:43:13:602,17.971340632440327,9.100997576658086,-19.509932707000853,0.998001601674911,0.020350785925418523,0.05892900451312145,-0.01951106477851738,0.9996474390546696,-0.014789643760485423,-0.05921562715585624,0.013618513144777782,0.9981520960871619
20:43:13:636,22.205162302615168,5.92016013460814,-18.818314807304468,0.9978440018258626,0.003172237861139604,0.06018797042299742,-0.0023493195383232925,0.9995682769805255,-0.013732297526274787,-0.06024597404301373,0.013617637175529633,0.9980878930033195
20:43:13:669,26.60736815410101,2.7532216750129126,-18.120719362900243,0.9976904198629929,-0.014569679812930388,0.061717974778337494,0.015379096709967984,0.9995049510542948,-0.012657580175633627,-0.06153942414535084,0.01361660322449879,0.9980121108399002
20:43:13:702,30.645566132577034,-0.33168062005155385,-17.446523670850127,0.9975397177492233,-0.03097325547037661,0.06289040893362427,0.031766140206637795,0.9994274857457622,-0.011646668264592631,-0.06249366649498059,0.013615789653766953,0.997952481178231
20:43:13:736,7.6467424307998,-2.9240522985554565,-16.50413642129144,0.9977119836132724,0.05203071898896651,0.03866931097409377,-0.05146020939422053,0.9983740466946326,-0.015590631529697956,-0.03943068186025801,0.013631775511458272,0.9991241448681404
20:43:13:769,4.105817170146011,-4.061610764656232,-16.79887445842779,0.996966954409571,0.06548925092586624,0.03602608894707805,-0.06494999272136985,0.9975338381249406,-0.01592935437465922,-0.036998067244465256,0.013633004136926726,0.9992141954539632
20:43:13:802,0.534487595662044,-5.074644959229501,-17.095720393865555,0.9962719121809462,0.07902557386793281,0.03330073034055664,-0.07851767708572611,0.9967367242266487,-0.01629286817339031,-0.0344828662752678,0.013634322621948856,0.9993108321847487
