timestamp,x-axis (m/s^2),y-axis (m/s^2),z-axis (m/s^2),R00,R01,R02,R10,R11,R12,R20,R21,R22
20:42:56:903,0.4918041126629331,-1.0380596639276247,-9.803502058956466,0.9999999937823297,5.5781588139937536e-05,0.00011500338730420785,-5.578438292132907e-05,0.9999999967213211,4.1116027079743e-05,-0.00011500354269599604,-4.1118960183014094e-05,0.9999999930401056
20:42:56:936,0.5003052288850669,-1.0557963036080593,-9.78287987563905,0.9999999961863556,1.723588249671111e-05,3.933168757511595e-05,-1.7241744909951403e-05,0.9999999966088922,5.3890671947474185e-05,-3.932990966960885e-05,-5.389165302316279e-05,0.9999999941350483
20:42:56:969,0.5087273624372798,-1.0405254536036264,-9.785551129024464,1.000000000127064,-6.130948105729293e-06,-3.110880175473161e-06,6.132299869569443e-06,1.0000000004261516,3.87830246205244e-05,3.1102073723222524e-06,-3.878315560801281e-05,1.0000000003679486
20:42:57:002,0.5003058915654878,-1.0294694479157063,-9.82192725596827,0.9999999984784167,-3.2417031457346665e-06,-8.414582793546594e-06,3.2349972309003218e-06,0.9999999937964993,8.580359709076264e-06,8.417581901309336e-06,-8.581537815515199e-06,0.9999999933877564
20:42:57:036,0.4966622446553064,-1.0353090909413187,-9.861475333149649,0.9999999931949014,5.123029729483755e-06,-2.5750069709671137e-05,-5.13100367335822e-06,0.9999999843520899,-0.00014967355634313244,2.5754858395564286e-05,0.00014966940779370503,0.9999999811382912
20:42:57:069,0.49419916148739634,-1.0540264889394881,-9.873762686869396,0.9999999852615419,6.0146224682494205e-05,0.00016669047694856223,-6.011195841422126e-05,0.9999999818335035,-0.00017194431191406147,-0.00016670111642917498,0.00017193651935394126,0.9999999694863092
20:42:57:102,0.492661869231509,-1.0689550120979925,-9.822349621078331,0.9999999650152054,3.458537327455441e-05,0.000259077192412728,-3.453084098885504e-05,0.9999999761618166,-0.00022837965457998298,-0.0002590874126158318,0.0002283696328029196,0.9999999434419137
20:42:57:136,0.47763919618473266,-1.0626636370973033,-9.719719112292228,0.9999999649200301,2.0504370837847892e-05,0.0002526094452712796,-2.0487118550240404e-05,0.9999999919357125,-3.1666956258349447e-05,-0.0002526062068047358,3.166414490926759e-05,0.9999999585688241
20:42:57:169,0.5149327930886641,-1.0578980620910217,-9.6997400391747,0.9999999922468238,3.955039058339051e-05,2.5405304313670988e-05,-3.955540383877452e-05,0.9999999750905684,0.00022970022951621867,-2.53981073036726e-05,-0.0002297053269027487,0.9999999693701841
20:42:57:202,0.5299598641705712,-1.0520833666918301,-9.769560263951858,0.9999999894573938,1.1146176809262611e-05,-0.0001590506284546561,-1.1110135528687711e-05,0.9999999723807504,0.00023525620601695345,0.00015905131834586484,-0.0002352539534986068,0.9999999623565927
20:42:57:236,0.5000273440538628,-1.04316647964848,-9.880923377236485,0.9999999915578464,1.600958705352088e-05,-0.00010935918032682337,-1.5996151264229086e-05,0.9999999915903582,8.599810042169262e-05,0.00010936733423024641,-8.599172289274517e-05,0.9999999847899953
20:42:57:269,0.47765773450822385,-1.0074806942233117,-9.935819091362976,0.9999999930673245,-8.464556221415283e-06,9.764194472976609e-05,8.475627194311169e-06,0.9999999903401003,-0.0001280552889026343,-9.764588765088337e-05,0.00012804929241998317,0.9999999873459102
20:42:57:302,0.5014146754067879,-1.0326702442805717,-9.878859914372597,0.9999999634434554,0.00010605413838950409,0.0002482675394796354,-0.00010599143983005033,0.9999999625082067,-0.00024904905960279974,-0.0002482915060619131,0.0002490246875592433,0.9999999361246344
20:42:57:336,0.5050016285536699,-1.0463292663711752,-9.793700626343217,0.9999999665205213,4.8421924558337424e-05,0.00024514977285165047,-4.834113639948563e-05,0.9999999472045628,-0.00032623545358417567,-0.0002451666580215898,0.00032622211177049844,0.9999999166928827
20:42:57:369,0.5088074848689991,-1.0352077582085246,-9.76580820623588,0.9999999860873173,-1.0128245007118616e-05,0.0001782868246603121,1.0161164375497576e-05,0.999999976581252,-0.00019512956081618084,-0.00017828587602884588,0.0001951311702054239,0.9999999628544881
20:42:57:402,0.5093322091390792,-1.0599445284984075,-9.794843934269421,0.9999999918257558,-7.037892570992977e-06,8.98613183824767e-05,7.0406456711216815e-06,1.0000000007198668,-1.1766142186577395e-05,-8.986103487527742e-05,1.1768301442813209e-05,0.9999999930960424
20:42:57:436,0.4996773887993096,-1.0423424849445662,-9.76459296233361,0.9999999982782054,2.8137185281208475e-05,-7.94649057300968e-05,-2.812772210413809e-05,0.9999999890879483,8.866844980472314e-05,7.946609175869801e-05,-8.866763069017283e-05,0.9999999879784919
20:42:57:469,0.496567543528506,-1.0648663904699378,-9.737122047938604,0.9999999863016829,3.444241047240428e-05,-0.00015275061152020817,-3.4402916983303865e-05,0.9999999688359723,0.00025345086611348893,0.0001527597906433712,-0.0002534449869956062,0.9999999568672365
20:42:57:502,0.49181663685219223,-1.0889104230057174,-9.79657160056973,0.9999999827269971,3.742089490541719e-05,-0.0001605115822781444,-3.737684945221071e-05,0.9999999641816505,0.00026301693231274857,0.00016052419559053682,-0.0002630076671419191,0.9999999484153131
20:42:57:536,0.47359856708211473,-1.044043896236035,-9.838145867111098,0.9999999972927202,5.020325773721461e-05,5.730289212063896e-05,-5.020891613193967e-05,0.9999999885380214,0.00012747697370948702,-5.7302034259715976e-05,-0.0001274822560431414,0.9999999892454084
20:42:57:569,0.49153896928833407,-1.0344303090318614,-9.879418618086927,0.9999999831788565,6.346675835646551e-05,0.0001526348614269676,-6.344758979190573e-05,0.9999999887452184,-0.00011519919792592635,-0.00015263444935342848,0.00011519271497993496,0.9999999798702991
20:42:57:602,0.49756948371407617,-1.0230630569902421,-9.8537997526724,0.9999999785117589,-2.5260959576757313e-05,0.00020710640636779204,2.5306303466384466e-05,0.9999999742030867,-0.00022173824116889827,-0.0002071024645853405,0.00022174188194743052,0.9999999533762941
20:42:57:636,0.5150107571945126,-1.042071664641116,-9.801075445468527,0.9999999795882808,3.53898543765389e-05,0.000195417526682975,-3.536180488229538e-05,0.9999999887693166,-0.00013679833529251176,-0.00019542437536878557,0.00013679108145675674,0.9999999702185953
20:42:57:669,0.4952502474513862,-1.054521790506173,-9.740787879578601,0.9999999934094818,3.572610366872588e-06,0.00010633878426828051,-3.5673053044004855e-06,0.999999998431649,-3.1635368447707394e-05,-0.00010633870071505234,3.163479823922278e-05,0.9999999918385215
20:42:57:702,0.4913598951606051,-1.053296527909672,-9.761532736312232,0.9999999994439147,-1.0284580787073953e-05,3.497837160490376e-05,1.0283427741918616e-05,0.9999999987479337,4.150262516153804e-05,-3.49792751748009e-05,-4.1502405633503576e-05,0.9999999981324792
20:42:57:736,0.491867145854495,-1.0501071088303533,-9.808627357308254,0.9999999985154576,2.1379806005083768e-05,2.646711614658527e-05,-2.1380775583126695e-05,0.999999998387991,4.179198039630256e-05,-2.6466672211807926e-05,-4.179309947351031e-05,0.9999999985726185
20:42:57:769,0.49764062081870425,-1.0368174384463993,-9.828644972231345,0.9999999935939752,7.592753707628348e-05,6.517118924998597e-05,-7.59245317502801e-05,0.9999999954152601,-1.250637563464028e-05,-6.517229552805395e-05,1.250073985715719e-05,0.9999999949767021
20:42:57:802,0.49858171645517657,-1.026789979148828,-9.825814422433478,0.9999999949298382,4.801709497279797e-05,7.70538747380517e-05,-4.801067605515223e-05,0.999999995554042,-7.762038151898643e-05,-7.705774897242235e-05,7.761514033878192e-05,0.9999999936021111
20:42:57:836,0.49222015280561715,-1.0539606695693844,-9.794831042104022,0.9999999989218314,-2.2763149928080895e-05,3.848707266383741e-05,2.276157778816326e-05,1.0000000000940663,5.0971631142217404e-06,-3.8486774334274866e-05,-5.095027742499385e-06,0.9999999987938832
20:42:57:869,0.4963556614218468,-1.0498629002511808,-9.791997711123832,0.999999994319539,-9.475399742695852e-06,9.72515908032793e-05,9.47347271782727e-06,0.9999999984368196,2.4682781603147044e-05,-9.725267315860902e-05,-2.4681166541536485e-05,0.9999999948869699
20:42:57:902,0.4937599050818697,-1.0529792213675229,-9.810965770247188,0.9999999977118482,3.109862079665177e-05,4.809148830685967e-05,-3.10982382140087e-05,0.9999999990951212,-8.223188613869e-06,-4.809111920500296e-05,8.22196403585339e-06,0.9999999987558469
20:42:57:936,0.5050871260736485,-1.050039123836163,-9.805299431984121,0.9999999969863422,9.849686056895791e-06,5.5603992898364936e-05,-9.848376672584189e-06,0.9999999987927366,-1.9901402988833555e-05,-5.560445657964406e-05,1.9900739263178125e-05,0.9999999975567787
20:42:57:969,0.4912009164154938,-1.0458468497863094,-9.814910736509468,0.9999999933178552,4.363933231112832e-05,9.700217711952207e-05,-4.363509420659473e-05,0.9999999973366195,-3.9045510220638515e-05,-9.700335113812259e-05,3.9042046400436075e-05,0.9999999942990642
20:42:58:002,0.49363217519227676,-1.057028301054792,-9.804324276603973,0.9999999951287799,-1.8082638761628535e-05,8.53690800637093e-05,1.8085009936661564e-05,0.9999999985417243,-2.1758207327442612e-05,-8.536779139404335e-05,2.1759431782051018e-05,0.9999999950969827
20:42:58:036,0.5058417807943596,-1.0373535209589484,-9.7943806417303,0.9999999971341118,4.397545478609194e-05,5.183596457003563e-05,-4.397677587204704e-05,0.999999998504366,1.0688646579856821e-05,-5.18352203081286e-05,-1.0692218455935806e-05,0.999999997890891
20:42:58:069,0.4995637568727662,-1.035033255314026,-9.812920848417892,0.9999999987353206,-6.255936728082881e-06,4.691992418772451e-05,6.258149084063546e-06,0.9999999992789641,-4.10768119733706e-05,-4.692029167812133e-05,4.107711358214951e-05,0.9999999983978688
20:42:58:102,0.49925291826505186,-1.0529046602784091,-9.808325759558643,0.9999999985762447,-3.030166306900965e-05,3.9972170667550326e-05,3.0301471099030086e-05,0.9999999993777356,-1.438197302087821e-06,-3.997168897214858e-05,1.439295584718499e-06,0.9999999989758828
20:42:58:136,0.49465363715301597,-1.0608941326444217,-9.81427954274813,0.9999999968273966,2.685616099405692e-06,7.345808791487682e-05,-2.685058026724696e-06,0.9999999992660333,3.567118850670292e-06,-7.345864468737408e-05,-3.567621491591269e-06,0.999999996312869
20:42:58:169,0.4990888062721797,-1.0520150522292013,-9.810984772196358,0.9999999941534436,3.812720549610345e-05,0.00010105242211794312,-3.812288285628041e-05,0.9999999981056386,-5.04800660413054e-05,-0.00010105330395626952,5.0476079964055535e-05,0.9999999939195293
20:42:58:202,0.5057759160452764,-1.0430647412869325,-9.795559910283195,0.9999999952474385,3.0163365334703308e-05,8.342628690808407e-05,-3.0162318867295707e-05,0.9999999987896473,-1.1403407330763792e-05,-8.342721389261332e-05,1.1400594629403887e-05,0.999999995666021
20:42:58:236,0.5031371964901988,-1.0480865836633544,-9.802303271336605,0.9999999983374699,-3.6278501942275533e-07,5.05249907835115e-05,3.61216102065328e-07,0.9999999998105279,1.760246231725385e-05,-5.052493622107683e-05,-1.7601826024890174e-05,0.9999999980509956
20:42:58:269,0.4984804274868854,-1.038622753751606,-9.799296293065506,0.9999999976460199,5.1594533061145674e-05,4.055298983274883e-05,-5.1593790741053133e-05,0.999999998029913,-2.2292272697208147e-05,-4.055386757361682e-05,2.228985422950957e-05,0.9999999987804542
20:42:58:302,0.49735332106289876,-1.039580395103969,-9.808278604284066,0.9999999959949283,5.6812567148273526e-05,4.44680092106958e-05,-5.681140983204639e-05,0.9999999967362458,-3.309674418739384e-05,-4.447015969841084e-05,3.309472141836144e-05,0.9999999981009036
20:42:58:336,0.4967624069876838,-1.0425240189273417,-9.797851170850212,0.9999999953733807,5.262743285697701e-06,0.00010069679916177931,-5.263957590395898e-06,0.9999999999192801,1.6257478760943088e-05,-0.00010069628883806463,-1.6258313125381214e-05,0.9999999952357393
20:42:58:369,0.49681694072046445,-1.050823181564967,-9.808912573508698,0.9999999962683769,5.815794012554374e-06,7.395080461365636e-05,-5.818804857186449e-06,0.9999999991796201,3.1088817514198736e-05,-7.395056771182257e-05,-3.108946282656196e-05,0.9999999958995424
20:42:58:402,0.49053334004501203,-1.0492138834048188,-9.804237196580624,0.9999999987376514,-1.7551644960911296e-05,3.502608167208407e-05,1.755175071245644e-05,0.9999999998719066,-4.12559637570081e-06,-3.5026158284680826e-05,4.126279816888914e-06,0.9999999989381924
20:42:58:436,0.49688254703006013,-1.0504188787782045,-9.81468440830118,0.9999999968765836,2.2850730444108356e-05,7.168276294903711e-05,-2.2848074439221536e-05,0.9999999984532566,-3.92742241538122e-05,-7.16838524975434e-05,3.927238329844132e-05,0.999999996431997
20:42:58:469,0.49851512573382073,-1.0467925118666337,-9.810286035979004,0.9999999951771853,2.7176233372373342e-05,8.597026291394346e-05,-2.7172378065384656e-05,0.9999999974767833,-5.394558089605489e-05,-8.597174355641114e-05,5.394284819676054e-05,0.9999999939651464
20:42:58:502,0.49887387449277554,-1.0434544053516053,-9.805428073816778,0.9999999958678594,-1.039885731447475e-06,8.150181970553131e-05,1.0413037380814328e-06,0.9999999993980713,-2.0319976127247655e-05,-8.150117167631301e-05,2.0319476111531056e-05,0.9999999963334962
20:42:58:536,0.4906010236252606,-1.0496611244965925,-9.798478421626216,0.999999996921903,2.4552132347175995e-05,6.80780229426799e-05,-2.4553243757522115e-05,0.999999998849059,1.6700293829109958e-05,-6.807807806750143e-05,-1.6701815519798517e-05,0.9999999972561218
20:42:58:569,0.4856191331776182,-1.050898982509649,-9.814180759271418,0.999999997105059,2.4431546542165654e-06,6.650647092188087e-05,-2.4465623476891827e-06,0.9999999980972808,4.425172617527969e-05,-6.650677467419192e-05,-4.4251605293376226e-05,0.999999996750367
20:42:58:602,0.49829492374517864,-1.0525813093279086,-9.80938432873288,0.9999999982153244,-8.5012983799997e-06,2.8055884605684742e-05,8.501205360816792e-06,0.9999999984368444,3.0509557254845203e-05,-2.8056759020392362e-05,-3.050863222305434e-05,0.9999999987556195
20:42:58:636,0.4983439967508496,-1.0449180560460145,-9.806922885405992,0.9999999970297093,-1.9281839533856273e-05,-7.213134308897348e-05,1.9283065567454686e-05,0.9999999993867134,1.8536834301387274e-05,7.213131960909955e-05,-1.8538339297153563e-05,0.9999999965717481
20:42:58:669,0.5086341241742931,-1.0422473018415999,-9.801996471314101,0.9999999946517522,5.181315102967024e-06,-9.236884379471014e-05,-5.180682277282485e-06,0.9999999965135374,2.3411681398391504e-05,9.2372455683075e-05,-2.3411923426825e-05,0.9999999938468614
20:42:58:702,0.49702032462472556,-1.0309361163586854,-9.792153075014927,0.9999999917818356,4.4475753648962014e-05,-0.00010137860217367837,-4.446288628278709e-05,0.9999999921520215,0.00012445819961991333,0.00010138279739462929,-0.0001244549192354127,0.9999999865993845
20:42:58:736,0.47649790344906173,-1.0513824670521763,-9.808380793978229,0.9999999845287063,-2.810274597112736e-05,-0.0001709835666963495,2.811752561087972e-05,0.9999999957772542,7.696855474885513e-05,0.00017098106145591724,-7.697182924916615e-05,0.9999999808586728
20:42:58:769,0.46395912595592304,-1.0536074493359442,-9.809480796543017,0.9999999980882396,-2.4549060597440008e-05,-5.6980141567010115e-05,2.4548130585383177e-05,1.0000000003101228,1.7473828040508143e-05,5.697998590701165e-05,-1.7474590148108657e-05,0.9999999981319715
20:42:58:802,0.4757128787489608,-1.0377331820362083,-9.812019908891301,0.999999997534698,-5.496946318694286e-06,2.158961980548487e-05,5.496983550087938e-06,0.9999999971870426,3.0226824259573127e-05,-2.1590595301337506e-05,-3.0227437152883995e-05,0.9999999992021014
20:42:58:836,0.4642155143243342,-1.0408206403730682,-9.813964442256214,0.999999994006825,7.237787371659444e-05,1.7841082989475983e-05,-7.237711234233865e-05,0.9999999936822606,-2.9878296921064698e-05,-1.784336871295061e-05,2.9875122431859828e-05,0.999999999557585
20:42:58:869,0.4778883914936403,-1.0378837068461715,-9.813293469462918,0.9999999962054359,3.969774564667937e-05,6.675999924210368e-05,-3.969596559415385e-05,0.9999999977869095,-3.819151718821353e-05,-6.676249706473298e-05,3.8190293580988586e-05,0.9999999960353146
20:42:58:902,0.4872010417347329,-1.0315376495648474,-9.803317708594163,0.99999999464377,-7.500469684535021e-07,9.253009003909284e-05,7.517529525323813e-07,1.0000000001070533,-1.9049295618771412e-05,-9.253042791415253e-05,1.9049507344463336e-05,0.9999999950839609
20:42:58:936,0.47911789183708864,-1.0295055685607988,-9.787136770496947,0.9999999991768166,4.965875481168908e-05,2.1601864604214885e-05,-4.9659849873091925e-05,0.9999999971635133,1.2982981607874639e-05,-2.1601336730699346e-05,-1.2984772395355894e-05,0.9999999986564311
20:42:58:969,0.48310578791661946,-1.032803511884337,-9.815214415844371,0.9999999952139926,5.0297847682118926e-05,7.804057530778564e-05,-5.030149788234141e-05,0.9999999955515977,7.036426754081924e-05,-7.803662149307944e-05,-7.036800852370784e-05,0.9999999935861774
20:42:59:002,0.4885837363443659,-1.0421044983262282,-9.819793033130194,0.9999999903414408,6.319704365270009e-05,0.0001290802874638873,-6.319463380144871e-05,0.9999999983680068,-2.3036275424891987e-05,-0.00012908215017116344,2.3028538071854183e-05,0.9999999917876589
20:42:59:036,0.4852787104205742,-1.0426090324580197,-9.816600040525714,0.9999999925171694,2.677281806038954e-05,0.00010152066002057509,-2.6769156375442316e-05,0.9999999962580539,-3.073906095097901e-05,-0.00010152101366928565,3.073493869594247e-05,0.9999999924426205
20:42:59:069,0.47761289124104256,-1.0398392293183187,-9.79872648269453,0.9999999917709744,-3.090149055952181e-05,0.00010613063076999856,3.0904545832118694e-05,0.9999999976756875,-4.076850928897365e-05,-0.00010612812815361378,4.076883773406276e-05,0.9999999925084165
20:42:59:102,0.4746688615956922,-1.0384024498621527,-9.804781898151784,0.9999999896180234,4.594739023444138e-05,0.00012046719240139343,-4.5946098809382284e-05,0.9999999980663549,-2.767474420198024e-05,-0.00012046789806745994,2.7668049736884817e-05,0.9999999892735422
20:42:59:136,0.48232993770228355,-1.0418397342074748,-9.813852445196202,0.9999999940545191,-3.6358764521262506e-06,7.195609339324884e-05,3.633549764803369e-06,0.9999999981592445,-2.9198751027763567e-05,-7.195655307263379e-05,2.9201047727840327e-05,0.9999999927326776
20:42:59:169,0.4755356655712897,-1.04523805506468,-9.82029605751676,0.9999999824652069,-2.6790976128413748e-05,0.00019258922949786885,2.6796709150756894e-05,0.9999999985161762,-2.6287192589842983e-05,-0.00019258932047749232,2.629171305105703e-05,0.999999981641566
20:42:59:202,0.4756361807368498,-1.0322280174926106,-9.814526596236028,0.9999999854568966,2.0794200629251392e-06,0.00016237088051137085,-2.065585540076628e-06,0.9999999965694056,-8.098228869498824e-05,-0.00016237031915974584,8.098190297757298e-05,0.9999999830643198
20:42:59:236,0.4920443361268494,-1.0345086689056808,-9.813629661457217,0.9999999891485474,1.2253375406418558e-05,0.00013673807003805838,-1.2242984367976516e-05,0.9999999942048378,-7.886230285463593e-05,-0.00013673957721666558,7.886063446990847e-05,0.9999999868916416
20:42:59:269,0.4933485573706883,-1.0316583991989043,-9.806378006379852,0.9999999911589719,7.260073347344259e-05,0.00011227478950393631,-7.258332651992277e-05,0.9999999874453408,-0.0001496202606616443,-0.00011228436836111429,0.00014961209799994453,0.9999999830526503
20:42:59:302,0.4965060778511883,-1.0400349156959918,-9.802971947740065,0.9999999930694369,6.93061728348149e-05,9.498410413628424e-05,-6.929920298131003e-05,0.9999999932053917,-7.935320037842763e-05,-9.499077668870984e-05,7.93474067235071e-05,0.9999999919833726
20:42:59:336,0.4862985783077947,-1.0395707469449842,-9.805632274778306,0.9999999977362284,-1.2009860874740614e-05,5.021430680164103e-05,1.2009734881762034e-05,1.0000000005898928,3.00221146499873e-06,-5.021356868869485e-05,-3.0024916056049352e-06,0.9999999979884306
20:42:59:369,0.4924373369520184,-1.0404316380076317,-9.802262873103937,0.9999999992034645,-2.2994972196368003e-05,-1.1019763995846761e-05,2.299563606790086e-05,0.9999999989417465,-1.3151799331254852e-05,1.1019562406081732e-05,1.3151300208669801e-05,0.9999999997503065
20:42:59:402,0.49415456495652105,-1.0379042015561057,-9.810974778987118,0.9999999964563548,6.2337708112230945e-06,7.651399098164126e-05,-6.231792029291343e-06,0.9999999985327391,-3.5226364703085634e-05,-7.651471216694343e-05,3.5227166209686585e-05,0.9999999961463082
20:42:59:436,0.49316220042409786,-1.0399719093027078,-9.802586798274644,0.9999999949655538,1.5845770395053393e-05,8.77996747532317e-05,-1.5844277925459308e-05,0.9999999980841351,-1.546547667752596e-05,-8.780134685685713e-05,1.546445622624101e-05,0.9999999953086208
20:42:59:469,0.49017383428887723,-1.049223487180638,-9.805489769323525,0.9999999974638798,5.424517125748563e-05,3.837216926271471e-05,-5.424508638605939e-05,0.9999999980917684,-2.4896373859729724e-05,-3.837358310164465e-05,2.4894387971503674e-05,0.9999999982924668
20:42:59:502,0.4907785583428032,-1.0410274307543943,-9.814616248420492,0.9999999983325549,3.0493620196763735e-05,9.571890764902124e-06,-3.0494787930526858e-05,0.9999999972908018,-4.7288437423863744e-05,-9.57424927808395e-06,4.7289337554942725e-05,0.9999999972487841
20:42:59:536,0.48972170625716865,-1.0395240782243458,-9.803195732634222,0.9999999984721363,2.3929746654575892e-05,4.4594833596490046e-05,-2.392730919521699e-05,0.9999999989930837,-4.870580477413925e-05,-4.459633057563926e-05,4.870459061468827e-05,0.999999997991409
20:42:59:569,0.4936514457071717,-1.0405081745710514,-9.81287977982417,0.9999999947301178,4.614537732354514e-05,8.804749032572358e-05,-4.614435373194858e-05,0.9999999974173921,-1.1680852945221244e-05,-8.804685710621435e-05,1.1676783940590865e-05,0.9999999948677597
20:42:59:602,0.4931913308525745,-1.0444080603670602,-9.811131048899778,0.999999994511465,6.506696086220155e-05,7.30945338726173e-05,-6.507309558266696e-05,0.9999999942736821,6.294063191774519e-05,-7.308910950959228e-05,-6.294613688039403e-05,0.9999999938274596
20:42:59:636,0.48727800787276404,-1.0483766651267101,-9.806516945357846,0.9999999965789035,1.1142475216587047e-05,7.87295386135158e-05,-1.1145225026956254e-05,0.9999999977807977,2.9401133211687095e-05,-7.872756716147418e-05,-2.940217536158208e-05,0.9999999951031496
20:42:59:669,0.5011728070611848,-1.046596395468201,-9.812141603207857,0.9999999953659333,2.8764052663588514e-06,8.548643500190757e-05,-2.874208810600147e-06,0.9999999995069391,-2.417798237322066e-05,-8.548682323300217e-05,2.417685313871322e-05,0.999999996098672
20:42:59:702,0.4968016573703505,-1.0398281937611222,-9.818018810261199,0.9999999916276313,4.914548372287428e-05,0.00011940470794303091,-4.9141717313030727e-05,0.9999999980313671,-3.2713298588469843e-05,-0.00011940603940350966,3.270768450144231e-05,0.9999999921273419
20:42:59:736,0.5019716885759318,-1.0360995370401356,-9.812190483190735,0.9999999956920465,8.81156085234383e-06,9.28570321004984e-05,-8.808298954170063e-06,0.9999999990526479,-3.398657181517451e-05,-9.285744113004125e-05,3.398599010818059e-05,0.999999994689744
20:42:59:769,0.4947310068193264,-1.0347305549310872,-9.797071683962423,0.9999999941916277,5.331688752459782e-05,9.298780626531502e-05,-5.331630343288424e-05,0.9999999984847321,-7.842786051111503e-06,-9.298835933234724e-05,7.837978998076123e-06,0.9999999957689122
20:42:59:802,0.48405191958517685,-1.0512478120244892,-9.799608355351857,0.9999999941419939,4.978555380295025e-05,8.344537177377916e-05,-4.978599591129944e-05,0.9999999971997058,6.523006929212898e-06,-8.34475751445421e-05,-6.527536897076186e-06,0.9999999954793976
20:42:59:836,0.4916402406281782,-1.0367494996413456,-9.808044550624095,0.9999999959479153,-3.365551084215867e-05,7.907375408168096e-05,3.3655130230839414e-05,0.9999999977739666,2.4337161837357393e-05,-7.907284777622034e-05,-2.4333966476738964e-05,0.9999999944364342
20:42:59:869,0.4901464748782606,-1.0352609164275746,-9.811851880386952,0.9999999947796807,-4.729106449758065e-05,8.904870254716911e-05,4.729705207549281e-05,0.9999999969480644,-7.288084865010609e-05,-8.904511395882049e-05,7.288628752425601e-05,0.9999999932325234
20:42:59:902,0.4907135751943753,-1.0552975373341482,-9.812033039409249,0.999999994470506,3.592225282384014e-05,6.783108082879436e-05,-3.5920586482772145e-05,0.9999999966943872,-4.022228854862063e-05,-6.783348947810173e-05,4.021714712365175e-05,0.9999999944178741
20:42:59:936,0.48996677717892767,-1.0506021006388102,-9.806736254725681,0.9999999837251649,0.00010049836388089361,0.00015009297676366428,-0.00010049186466559181,0.9999999934929492,-4.498551311892449e-05,-0.00015009759750403683,4.497078966029273e-05,0.9999999877238848
20:42:59:969,0.4925992491958021,-1.0526428373425416,-9.810106341560262,0.9999999912163534,3.105053067731299e-05,0.00012811577705209025,-3.104987916949084e-05,0.9999999992304832,-9.260082619671544e-06,-0.00012811536705516539,9.255816699833658e-06,0.9999999911466384
20:43:00:002,0.4900816146308567,-1.050551805149539,-9.80974193831554,0.9999999950858196,1.8566800455696302e-05,9.756364267275548e-05,-1.85615240360786e-05,0.9999999979986154,-5.179094126301774e-05,-9.756501192101541e-05,5.178953275212416e-05,0.9999999936575655
20:43:00:036,0.48782796878230683,-1.0376601594073476,-9.810761334031044,0.9999999986719877,1.6278766448167237e-05,4.303735280488185e-05,-1.6276858403792175e-05,0.9999999988511327,-3.9342927909354e-05,-4.303822200406525e-05,3.9341706861411636e-05,0.9999999982461379
20:43:00:069,0.49869878421128216,-1.0496247690627107,-9.806801971456396,0.9999999978746162,-8.761761389698452e-06,3.9205663362200174e-05,8.76228657873717e-06,0.9999999988237583,-3.3448430009621046e-05,-3.920480699875656e-05,3.3447515318613566e-05,0.9999999975290305
20:43:00:102,0.49222377757987873,-1.0448817674639284,-9.80090949977527,0.9999999950707343,2.90984742757304e-05,7.729807013257163e-05,-2.9097832211226533e-05,0.9999999984728144,-1.7678963932618413e-05,-7.729781578741428e-05,1.767553657387257e-05,0.9999999952640557
20:43:00:136,0.4927611320469272,-1.0478629404722835,-9.815366577398223,0.9999999995186681,1.2954362370995681e-05,3.2810134683957976e-05,-1.2955495181700349e-05,0.9999999998892893,1.7025326210005487e-05,-3.2809987074632145e-05,-1.7025304896910657e-05,0.9999999993750722
20:43:00:169,0.4844903181704591,-1.0399196752357847,-9.813457307850177,0.999999997004957,6.86349683861755e-06,7.109326770661994e-05,-6.865547731487736e-06,0.9999999991470438,3.3936872184447754e-05,-7.109268593488116e-05,-3.393819444959853e-05,0.9999999966970636
20:43:00:202,0.503313809666155,-1.0450376087334168,-9.801822381949735,0.9999999987245409,1.85934835770826e-05,2.0924509072350868e-05,-1.8594147890952945e-05,0.9999999984738679,7.6233296639218286e-06,-2.092498424919637e-05,-7.624572067391343e-06,1.0000000002019735
20:43:00:236,0.49714764924702626,-1.047538882805856,-9.813601126493708,0.9999999940042679,5.6734357557617015e-05,6.761975982869668e-05,-5.673152259950522e-05,0.9999999978593814,-2.9018945741630685e-05,-6.762079558011755e-05,2.9017553919547624e-05,0.9999999952110777
20:43:00:269,0.48991760379130556,-1.0498636270672164,-9.811616213134798,0.9999999890325257,-8.743548252087595e-06,0.0001480174022079439,8.751659698198309e-06,0.999999998312413,-5.858898748063305e-05,-0.0001480169584604389,5.8589110414074596e-05,0.9999999874505452
20:43:00:302,0.49150589720856963,-1.0478960643557997,-9.810660910622984,0.9999999963269754,4.375253576134212e-06,7.023321658836504e-05,-4.373763241520668e-06,0.9999999975823017,-3.2394048594951985e-05,-7.023182902258589e-05,3.23926760820328e-05,0.9999999961121695
20:43:00:336,0.4985932613680184,-1.0409456562672934,-9.803617557705028,0.9999999934884667,3.3084724471623145e-05,9.566026792630772e-05,-3.308708152538253e-05,0.9999999988009465,1.916721587643136e-05,-9.565925225495831e-05,-1.9171721615699815e-05,0.9999999943437935
20:43:00:369,0.49650547177155174,-1.040280762874976,-9.811013889428702,0.9999999950600051,2.263210499243505e-05,9.187187751573595e-05,-2.2631023852820002e-05,0.9999999998493466,-1.0844463576714791e-05,-9.187235969407341e-05,1.0842015403287936e-05,0.9999999953674636
20:43:00:402,0.48604516622134825,-1.0386233761061627,-9.813247272951482,0.9999999935942941,2.3327358031934353e-05,7.790422700500856e-05,-2.3328112148978432e-05,0.9999999976944101,-6.724899592449936e-06,-7.790280348073442e-05,6.72034167577621e-06,0.9999999944990817
20:43:00:436,0.4909174506581075,-1.0451298895518133,-9.816050454815702,0.9999999899664516,6.900263312794164e-05,0.00010690299210462503,-6.900625839699893e-05,0.9999999949108235,1.7543226175671424e-05,-0.00010689907874020619,-1.7552665918059265e-05,0.9999999921923854
20:43:00:469,0.4921907027553447,-1.0577341820509067,-9.807846480959254,0.9999999968991614,2.1919110521595925e-05,8.068589244064113e-05,-2.1921027741503385e-05,0.9999999996968613,1.9546958989381008e-05,-8.06858279266326e-05,-1.9547591213633366e-05,0.999999996121693
20:43:00:502,0.5001872612008771,-1.050171149449305,-9.79786874446987,0.9999999936667443,-1.5085943863623326e-05,9.466444176886009e-05,1.5081472109915025e-05,0.9999999982031327,3.771219346880316e-05,-9.466452488652801e-05,-3.7712114637517375e-05,0.9999999936371113
20:43:00:536,0.4981036057369379,-1.0494022313415299,-9.801356149714188,0.9999999979597997,-5.926737405529611e-05,3.230798838146997e-05,5.926634190390119e-05,0.9999999979138587,2.5427592587385892e-05,-3.230915287532221e-05,-2.542530365578124e-05,0.9999999993728566
20:43:00:569,0.48848886073697007,-1.0511093225808614,-9.819967492303071,0.9999999975405242,-6.826205542054126e-06,6.993236916443205e-05,6.823818560713947e-06,0.9999999986573895,2.858258202781473e-05,-6.993288982278427e-05,-2.8582031551641665e-05,0.9999999960677752
20:43:00:602,0.4848209744769612,-1.0537567603781122,-9.806306580663641,0.9999999993678946,-2.9970381188085237e-06,3.376408410254452e-05,2.9990906569630873e-06,0.9999999992640131,-4.184139610656455e-05,-3.376342447918413e-05,4.184229902039189e-05,0.9999999989708241
20:43:00:636,0.4970914405700516,-1.0527479685699175,-9.81351670449224,0.9999999944306576,1.6937027459039797e-05,7.723878781816922e-05,-1.6933280600629485e-05,0.9999999985304149,-3.350378931633649e-05,-7.723945372488076e-05,3.35024685947404e-05,0.9999999942168822
20:43:00:669,0.5051537354442693,-1.0452322578183277,-9.825624036334338,0.9999999904221564,4.184039722094655e-05,0.00013018061684091854,-4.183426136813397e-05,0.9999999977742897,-4.3411784619809176e-05,-0.00013018250698122884,4.340612693597711e-05,0.9999999905632591
20:43:00:702,0.49543784446308625,-1.0357691037426269,-9.803034131182741,0.9999999977755698,1.2085725928531906e-05,5.67607396904395e-05,-1.2088652717504612e-05,0.9999999995487533,2.763631932909473e-05,-5.676048203244417e-05,-2.763614178061235e-05,0.999999997667844
20:43:00:736,0.49720086647705614,-1.0442514445609055,-9.784310206070447,0.9999999966430676,1.4037975758075569e-05,4.287809666814511e-05,-1.4040392531426379e-05,0.9999999988970019,1.784138433600008e-05,-4.287834672601057e-05,-1.7841211837921707e-05,0.9999999958750528
20:43:00:769,0.4775547800034132,-1.045468791262339,-9.78441630213755,0.9999999992271359,7.878780154164198e-06,3.057844873168412e-05,-7.87937617761052e-06,0.9999999994372754,-3.4151899677523872e-06,-3.05789921300231e-05,3.4154327794612416e-06,0.9999999991507671
20:43:00:802,0.4849929827919984,-1.058917487652981,-9.809173925096399,0.9999999945443543,-2.840170044220003e-05,9.48190176750218e-05,2.8400131693274483e-05,0.9999999989364383,2.6364507702478637e-05,-9.481958762025621e-05,-2.6362732139445593e-05,0.9999999943163028
20:43:00:836,0.5044062487897728,-1.0509887021390465,-9.844991211259687,0.9999999898422568,-2.7789510015168872e-05,0.000134254508186344,2.780053349259049e-05,0.9999999959304045,-8.95656427914419e-05,-0.0001342518333724826,8.956886245395835e-05,0.9999999868526038
20:43:00:869,0.5007077012058966,-1.0352354183918433,-9.8204017404772,0.9999999901402142,-1.959415935877049e-05,0.0001278392512301876,1.960717091992859e-05,0.9999999932867063,-9.657391190420547e-05,-0.00012783665463694634,9.657529328944041e-05,0.999999984798874
20:43:00:902,0.4974133885933028,-1.032946293143591,-9.794804590545004,0.9999999927785972,1.7624198398888107e-05,8.555899067807344e-05,-1.762176145852635e-05,0.9999999996304918,-1.123299413971546e-05,-8.556022053730352e-05,1.122905130773897e-05,0.9999999935002594
20:43:00:936,0.4831458805318991,-1.044899801940845,-9.78492355693043,1.0000000002059442,9.224416378981526e-07,1.4451475149613719e-05,-9.224072934066931e-07,0.9999999971336014,3.461152855085649e-05,-1.44506597065059e-05,-3.4611091111738255e-05,0.9999999976048438
20:43:00:969,0.4797970623643113,-1.051032993819032,-9.775802243390055,1.0000000004001384,-1.52378412363098e-05,-4.18426459757072e-06,1.523874469064581e-05,0.9999999955204173,9.320301725579312e-05,4.183131389638092e-06,-9.320224258566533e-05,0.9999999960101495
20:43:01:002,0.4897449842517871,-1.0463446486651773,-9.834341620669262,0.9999999897625378,1.1548480849332526e-05,9.758942131494356e-05,-1.1548110844018599e-05,0.999999997534141,3.6123854070796615e-05,-9.758961669570663e-05,-3.612813099002341e-05,0.9999999887329455
20:43:01:036,0.505178843238791,-1.037274940563114,-9.84326200694602,0.9999999810654706,5.478391812578673e-05,0.00017458900883579676,-5.478653360330427e-05,0.9999999982051913,2.794302489271135e-06,-0.00017458832433490614,-2.804523384968987e-06,0.9999999830572519
20:43:01:069,0.5045299727630443,-1.0387058232611737,-9.814049130622301,1.0000000005527376,2.522662998288856e-05,2.424362816579677e-05,-2.5224472953873664e-05,0.9999999983304892,-4.788067103156213e-05,-2.4245236403993545e-05,4.788154107980205e-05,0.9999999996566107
20:43:01:102,0.48759984594078165,-1.0424719572252616,-9.803330412943286,0.9999999979196016,2.0635451943067924e-06,5.667592195417017e-05,-2.062185741594052e-06,0.9999999981752334,-5.035929860586342e-05,-5.6677133989995985e-05,5.035888167870135e-05,0.9999999959453448
20:43:01:136,0.49478296365708196,-1.051081773430718,-9.764853306544671,0.9999999966665827,2.0725099010410177e-05,4.83164388221931e-05,-2.0725562328349323e-05,0.9999999980036692,1.4369821727762507e-05,-4.8314866141737385e-05,-1.4369449335210992e-05,0.9999999981309179
20:43:01:169,0.49347704980584245,-1.0477142360225766,-9.812135531285884,0.9999999959939965,8.104058621689174e-05,8.978117089524934e-06,-8.104194950413775e-05,0.9999999951249892,4.4970159975144024e-05,-8.97506869337304e-06,-4.497044199003192e-05,0.9999999990369179
20:43:01:202,0.4941845439446837,-1.0449252437863095,-9.813154470830622,0.9999999971367848,1.5382635512408156e-05,6.590065693185779e-05,-1.5383069247763405e-05,0.9999999994164462,1.8344082843328378e-05,-6.590051229254475e-05,-1.834628998104756e-05,0.9999999964094247
20:43:01:236,0.5155340791139541,-1.0488200848292706,-9.809226579532453,0.9999999927210754,2.9878973322256496e-05,0.0001166098916665211,-2.987670189198835e-05,0.9999999994187095,-2.0685090188675453e-05,-0.00011661043296158635,2.06815741994358e-05,0.9999999930712301
20:43:01:269,0.4972855649973335,-1.0465407452921112,-9.811563485960876,0.999999996549347,4.266774450827573e-05,6.879976657600575e-05,-4.266692486111871e-05,0.9999999986204783,-9.352180874087803e-06,-6.880050879026374e-05,9.349338911424032e-06,0.9999999974761795
20:43:01:302,0.5018713672626299,-1.0458811164291149,-9.80436127621667,0.999999994866955,5.427060890268534e-05,6.83001313951767e-05,-5.426913694938852e-05,0.9999999968793053,-2.62312257906848e-05,-6.830201522595549e-05,2.6226784620056785e-05,0.9999999974119234
20:43:01:336,0.49281459765211816,-1.0492590941870783,-9.789470246857379,0.999999999145228,-1.4450082831476689e-05,2.0656401147436415e-05,1.4451284628830355e-05,0.9999999991718369,6.035443272032754e-06,-2.0656101979395347e-05,-6.034398865499648e-06,0.9999999992706552
20:43:01:369,0.48527743907569343,-1.0538355649865472,-9.804380068207658,0.9999999973906805,4.216733749115307e-05,2.2397746041636928e-05,-4.216909230112624e-05,0.9999999977545859,4.905294761088132e-05,-2.2396442253935297e-05,-4.905376810127791e-05,0.9999999965058278
20:43:01:402,0.49486254799352086,-1.0545636937135074,-9.826848088255813,0.9999999928516481,1.6507124388375735e-05,0.00011662460484329757,-1.6510208025290007e-05,0.999999997696434,1.396590578497015e-05,-0.00011662463974369758,-1.3968326738450187e-05,0.9999999909219638
20:43:01:436,0.4960352880993277,-1.0425605110170775,-9.838673119549975,0.9999999916226517,2.9806827451435877e-05,0.0001245086031606052,-2.9796043749302372e-05,0.9999999969592553,-8.289914833174346e-05,-0.00012451106148170018,8.289588972391432e-05,0.9999999898221973
20:43:01:469,0.5077909272423781,-1.0458249015884993,-9.82181236477684,0.9999999895057512,2.5499457329359666e-05,0.00013842277040047662,-2.549300560687326e-05,0.9999999972849141,-5.241942219921728e-05,-0.000138423787738893,5.241516102117183e-05,0.99999998795898
20:43:01:502,0.499460676551434,-1.0372175814728608,-9.792639646839262,0.9999999844226616,7.482882928770271e-05,0.0001528406933571334,-7.482621933424581e-05,0.9999999957818085,-2.7565132736382393e-05,-0.00015284099117192723,2.7553571610368243e-05,0.9999999868580669
20:43:01:536,0.49869747128296504,-1.047817169039342,-9.786185339773443,0.999999991242623,7.865647074122762e-05,9.078248923612583e-05,-7.865573383577294e-05,0.9999999953316555,2.166594504885502e-06,-9.078444554140624e-05,-2.1751557208849278e-06,0.9999999951011603
20:43:01:569,0.48992260612462285,-1.0393902860077415,-9.803869800499735,0.9999999990371683,-2.1131935529810502e-05,4.2488019214512506e-05,2.1129683907271676e-05,0.9999999989185003,3.397947466840915e-05,-4.2488319649880624e-05,-3.397784369618833e-05,0.9999999979846121
20:43:01:602,0.49372957925329747,-1.0480534890573678,-9.80611291999792,0.9999999997536706,-4.327846935100703e-05,1.1388976060593447e-05,4.3279759829929177e-05,0.9999999993504944,-1.6777221227717286e-05,-1.1388941108644207e-05,1.6778366478640238e-05,1.0000000008884313
20:43:01:636,0.4993040539542826,-1.0470869325304626,-9.820184844718836,0.9999999925720273,-4.860946624496209e-06,6.215473814681753e-05,4.857312449319717e-06,0.9999999973835957,2.154774234766564e-05,-6.215321581407362e-05,-2.1552662346348405e-05,0.9999999938895344
20:43:01:669,0.49081671342919825,-1.043877836724471,-9.82410312135456,0.9999999820208435,8.11845018214475e-05,0.00016967634340100444,-8.119451140105972e-05,0.9999999951711052,4.6895209478938384e-05,-0.00016967173227289234,-4.690880735126449e-05,0.9999999830166661
20:43:01:702,0.4908889218262003,-1.0578739296837032,-9.79429709367962,0.9999999957062321,2.0674478920293806e-05,6.977185858225593e-05,-2.0675773010593122e-05,0.9999999989180391,7.439687641173172e-07,-6.977120533679105e-05,-7.467715762362372e-07,0.9999999960300773
20:43:01:736,0.49165516620838057,-1.0534627700206913,-9.79792578740545,0.999999998891247,7.957334405978982e-06,4.9494693914265415e-05,-7.956677826441327e-06,0.9999999998941641,-1.2519133472893716e-05,-4.949514780759886e-05,1.2519076540712346e-05,0.9999999986823487
20:43:01:769,0.49440234386148163,-1.0418320839025215,-9.80997415441403,0.9999999978468526,3.784557828906826e-05,3.5183765159075374e-05,-3.784510067397957e-05,0.9999999980018267,-2.2181257395482e-05,-3.518390296125578e-05,2.2178756038456934e-05,0.9999999989573402
20:43:01:802,0.5001239954587642,-1.0409753936903399,-9.804702373589858,0.9999999939423987,3.203684448380455e-05,7.021484472259918e-05,-3.2036450415715206e-05,0.999999996716167,-4.731866487707127e-06,-7.021342067536493e-05,4.729085021812952e-06,0.9999999967103331
20:43:01:836,0.49413480641576496,-1.0332814360143097,-9.809048069894757,0.9999999951795966,-1.636647987505487e-05,9.603026777707261e-05,1.6368624856297025e-05,0.9999999998781419,-1.6541783783832e-05,-9.602969706488663e-05,1.6542564461981756e-05,0.9999999941010749
20:43:01:869,0.49047065074260354,-1.0459388315869105,-9.807922751059191,0.9999999954346314,-1.2734273197542522e-05,3.8258445293753184e-05,1.273143361414257e-05,0.9999999958052374,5.499618371198166e-05,-3.826011368698001e-05,-5.499729498500024e-05,0.9999999976153242
20:43:01:902,0.5017903346856171,-1.0499537144560318,-9.810153118268795,0.9999999931468555,-2.4971334859028837e-05,5.759162594255579e-05,2.4969523845938247e-05,0.9999999931516359,3.1736700092790187e-05,-5.759371255272442e-05,-3.173472691385472e-05,0.9999999971905056
20:43:01:936,0.498422164623134,-1.0498390712616,-9.813683026377694,0.9999999962972,-2.0776926423517218e-06,8.181664146604818e-05,2.0824704316646294e-06,0.9999999990944818,-5.75619261444543e-05,-8.181639785261174e-05,5.756094725901269e-05,0.9999999948478392
20:43:01:969,0.49945484767981946,-1.0484932691638469,-9.808344700258369,0.9999999897950125,3.3481758048916106e-05,0.00013087862498483807,-3.34729597878648e-05,0.99999999620622,-6.924786431113793e-05,-0.00013088109905692974,6.924241706643554e-05,0.9999999884958273
20:43:02:002,0.4978431236248058,-1.0418940725478032,-9.79470680901236,0.9999999944133959,2.0841705394593572e-05,9.71287847990161e-05,-2.0837289628533847e-05,0.9999999990418543,-3.616459411484065e-05,-9.71293698631821e-05,3.616318548174483e-05,0.9999999936926399
20:43:02:036,0.48940426398955333,-1.0427696741031438,-9.796996810055695,0.9999999991740274,3.760673660323527e-05,2.8025773679227512e-05,-3.7605889430536386e-05,0.9999999985566259,-3.266909228218611e-05,-2.8026760685062732e-05,3.266757573871983e-05,0.9999999994978678
20:43:02:069,0.490830063814175,-1.0512187475502264,-9.793629526280508,0.9999999982442263,8.64062233504412e-07,4.6005133388258336e-05,-8.62524626237667e-07,0.99999999845318,-3.2934417363846276e-05,-4.600567005829777e-05,3.2934386418887184e-05,0.9999999972229733
20:43:02:102,0.4903356691491594,-1.0474295679684251,-9.811781891670414,0.9999999972541592,1.2265320649003369e-05,5.4317676639485865e-05,-1.2265463517681686e-05,0.9999999993483277,1.660848440847896e-05,-5.4317844110064394e-05,-1.6608700084289864e-05,0.9999999975245263
20:43:02:136,0.4913008545554869,-1.035929892854878,-9.804725600554363,0.9999999977736698,3.724271052932444e-05,4.7058112688140126e-05,-3.724231951606451e-05,0.9999999985666651,-1.0754323954560513e-05,-4.7059236331901014e-05,1.0751677382701332e-05,0.9999999989163777
20:43:02:169,0.4937983533336316,-1.0363479903297892,-9.781083615972435,0.9999999987564885,-1.4315417589837522e-05,-1.1695665562964856e-05,1.4316137703540383e-05,0.9999999983864739,5.393119284984083e-05,1.1695946085268635e-05,-5.3931027066718945e-05,0.9999999974672235
20:43:02:202,0.49355278497448957,-1.0560580511169058,-9.778095306190705,0.9999999980850169,-1.9595444216276966e-07,-6.533760595338622e-05,2.0205369011278083e-07,0.9999999937384353,0.00010176954234421323,6.533755169475312e-05,-0.00010176943593932387,0.9999999917409815
20:43:02:236,0.48838188280138656,-1.0541459990389581,-9.818114016676613,0.999999999064393,2.676607101425119e-06,-9.754623055647013e-06,-2.675666907177819e-06,0.9999999940038816,0.0001088518094249749,9.753576123410155e-06,-0.00010885275987967002,0.9999999945346464
20:43:02:269,0.4817731132424682,-1.042580982510432,-9.842577045459771,0.9999999958165259,5.8327549927137125e-05,7.078565392646892e-05,-5.832464201089374e-05,0.9999999963417415,-2.188287605736706e-05,-7.078547014248802e-05,2.1879822829701888e-05,0.9999999954681938
20:43:02:302,0.4895987642857221,-1.043165866882934,-9.830164253591818,0.9999999829864746,1.0128943855701538e-05,0.00018294147033656036,-1.0106574491005472e-05,0.9999999922157023,-0.00012960450938880876,-0.00018294403125287964,0.0001296020780096105,0.9999999751494443
20:43:02:336,0.498092660303182,-1.0249787236966332,-9.813227009087692,0.9999999772344709,1.9538718579398697e-05,0.00020875607438018248,-1.9516663468440937e-05,0.9999999928628713,-0.00010886814206239183,-0.0002087584766524181,0.00010886555121347057,0.9999999715139594
20:43:02:369,0.491191670472707,-1.0283934573573383,-9.763838862659101,0.999999994980021,6.331618336326344e-05,7.723746936115646e-05,-6.330831811233417e-05,0.9999999933785343,-8.439283557200258e-05,-7.724305097326643e-05,8.43867819934836e-05,0.9999999916731839
20:43:02:402,0.4956078825294202,-1.0432232578430372,-9.768061953232214,0.9999999996240834,1.2041926265056235e-05,-4.306511758234235e-06,-1.2043119703119482e-05,1.0000000001857903,-1.1923077275414951e-05,4.306126546259322e-06,1.1923782961257002e-05,1.00000000030425
20:43:02:436,0.4905243891183677,-1.0395094784637846,-9.791235259350636,0.9999999994510915,2.5518829466084494e-06,-6.969080998171376e-06,-2.550987777308419e-06,0.9999999982557485,3.845757210907754e-05,6.9701066286496636e-06,-3.845722997393887e-05,0.9999999990410984
20:43:02:469,0.4933637881341788,-1.0451292913326935,-9.810810228489379,0.9999999974257138,5.808397767788743e-05,-4.1024975629999406e-06,-5.8083752029712205e-05,0.9999999959023241,6.720685307031481e-05,4.1065416464171934e-06,-6.720681645168058e-05,0.9999999966943875
20:43:02:502,0.480802932444031,-1.049761292372266,-9.810276627297098,0.9999999980307555,2.6179875591085826e-05,3.4318479446225186e-05,-2.618381962081887e-05,0.9999999973313192,6.159244949941091e-05,-3.431617400855856e-05,-6.15950970591868e-05,0.9999999969645619
20:43:02:536,0.4744257547415267,-1.051659532937501,-9.818001688407316,0.99999999669619,3.3589368662083066e-05,6.04175587100999e-05,-3.3589056250311754e-05,0.9999999973041743,3.933280883286157e-05,-6.0416006212808404e-05,-3.9334206769979346e-05,0.9999999950266001
20:43:02:569,0.4878705573535363,-1.0551506658649943,-9.810468838347372,0.9999999911608103,4.076201276526525e-05,0.0001292302734846085,-4.075720430296046e-05,0.9999999981942673,-4.654133943148156e-05,-0.00012923144372382797,4.653684572253431e-05,0.999999991495927
20:43:02:602,0.48532807325905575,-1.0406561074168357,-9.802981538697399,0.9999999964718033,4.9221918603293565e-05,4.866690973453792e-05,-4.9222282930117266e-05,0.9999999981495127,1.4339444638602142e-06,-4.866709051759672e-05,-1.4376028086299954e-06,0.9999999974399301
20:43:02:636,0.49013119155438767,-1.0292307618162966,-9.798216552777308,0.9999999996149559,2.4612731438678964e-05,-1.5014466328755373e-05,-2.4612713280221085e-05,0.9999999991506112,2.8712064115840863e-05,1.5015699755854826e-05,-2.8711985808055287e-05,0.9999999995534962
20:43:02:669,0.4885049560027373,-1.0292980000371912,-9.81862322086604,0.9999999975998377,2.477183267899522e-05,4.404848168526763e-05,-2.477350299093616e-05,0.9999999974589073,4.5121817259518175e-05,-4.404687687142244e-05,-4.5122463428366265e-05,0.9999999977464428
20:43:02:702,0.49447642983710066,-1.040981520640056,-9.808366445685975,0.9999999972551638,-3.8183200017884203e-05,7.1504081608292e-05,3.818015226089826e-05,0.9999999992095501,3.7699019485082546e-05,-7.15053080526091e-05,-3.769636984892819e-05,0.9999999970339439
20:43:02:736,0.4852342792960772,-1.0600281557764972,-9.818910636854076,0.9999999959597667,7.112035167581845e-06,8.113334640218795e-05,-7.112445837838321e-06,0.9999999988213711,1.7557326238201318e-05,-8.113423968584017e-05,-1.7558285066000797e-05,0.9999999955555904
20:43:02:769,0.47969675171401327,-1.0445532275379439,-9.80848560407431,0.9999999822972168,9.724381720842772e-05,0.00014680607574157144,-9.723257359472778e-05,0.9999999920963649,-6.504988067139588e-05,-0.00014681266702596416,6.503348696780646e-05,0.9999999850855938
20:43:02:802,0.5000887579379535,-1.0341525812010057,-9.810042685965678,0.9999999772658941,7.873223612424356e-05,0.000175338849968986,-7.871934893688445e-05,0.9999999905998217,-7.177294034840478e-05,-0.00017534624348052887,7.175538706089213e-05,0.9999999811355913
20:43:02:836,0.5117380703186069,-1.0288162773722414,-9.81150322320175,0.9999999935914148,-9.750093506682786e-06,0.00011713727086098853,9.753716930466008e-06,1.000000000284752,-2.9278930722183246e-05,-0.00011713577864508975,2.9282043252202677e-05,0.9999999921916228
20:43:02:869,0.507913775696268,-1.0333981673415822,-9.817963110657287,0.9999999922512327,1.489205180440047e-05,0.00010953574492804037,-1.488448178765542e-05,0.9999999971406364,-6.199604514932442e-05,-0.00010953577715472317,6.199497810033552e-05,0.9999999913136651
20:43:02:902,0.5029851245569109,-1.0320142699143768,-9.820400861338666,0.9999999925819438,1.4577351847408753e-05,0.00011091689027283734,-1.457222715032794e-05,0.9999999981206543,-2.413539256763832e-05,-0.00011091723281069253,2.4133446554524882e-05,0.9999999910734804
20:43:02:936,0.49637825376512795,-1.022936844124122,-9.817800163659573,0.9999999984444453,3.250669892118624e-05,4.3323539138150585e-05,-3.250785104922445e-05,0.9999999982086838,3.6996622732137954e-05,-4.332308773482401e-05,-3.699860031407916e-05,0.9999999978803887
20:43:02:969,0.486116435678914,-1.0412927192088681,-9.80558686574453,0.9999999929638222,3.810354419911844e-05,0.00010258726645484954,-3.8100656338643134e-05,0.9999999977503368,-3.288921117558344e-05,-0.00010258849877733869,3.28852142488676e-05,0.9999999944696879
20:43:03:002,0.4937452613180447,-1.0486618963348708,-9.808056400110528,0.9999999954111651,-3.770783062259851e-05,8.068149245861276e-05,3.770737856611997e-05,0.9999999990810127,4.689529012717125e-06,-8.06808460247889e-05,-4.687397173248354e-06,0.9999999966915268
20:43:03:036,0.5007436701726923,-1.0462427096737654,-9.817537912792421,0.999999996694413,-1.0394641408987627e-05,6.87682841656075e-05,1.0397351740576609e-05,0.9999999983054182,-3.4908078930683324e-05,-6.876889802117598e-05,3.490871074014889e-05,0.9999999964651031
20:43:03:069,0.4870936798201362,-1.0412100140865124,-9.799289559619377,0.9999999970503137,4.295190232209203e-05,5.8926971343737084e-05,-4.294758401505264e-05,0.9999999972220569,-5.500873235307834e-05,-5.8929385467649185e-05,5.50056321551901e-05,0.9999999956635979
20:43:03:102,0.48291242090902486,-1.045811462250258,-9.791145030437374,0.9999999982238675,-6.796498418352576e-06,5.8189171675899e-05,6.7964785556065055e-06,0.9999999995751795,2.2084233157393804e-06,-5.818919730188553e-05,-2.207876547860601e-06,0.9999999981247125
20:43:03:136,0.49594386325965895,-1.0388665141250035,-9.795748461375494,0.999999997940478,-2.6602437598913645e-05,5.132579737826473e-05,2.6600833293997904e-05,0.9999999987470374,2.8938183930761667e-05,-5.132673571019355e-05,-2.893702996328922e-05,0.9999999978450701
20:43:03:169,0.4849783026731876,-1.0401804025937533,-9.81492829127725,0.999999999586279,-7.096744366001358e-06,2.7246172316344742e-05,7.096578900371174e-06,0.9999999999818477,3.70622067091643e-06,-2.7245950469942627e-05,-3.706085862204292e-06,0.9999999994130856
20:43:03:202,0.49307154485309507,-1.0396276597620593,-9.820070814929826,0.9999999971814368,2.0692614160932608e-05,4.731955403259165e-05,-2.0694552132131965e-05,0.9999999988502518,2.0524166831977407e-05,-4.7318664167583415e-05,-2.052686313178405e-05,0.9999999981924893
20:43:03:236,0.49368666447410076,-1.0406191953550534,-9.820226505847378,0.9999999916042073,5.561359228089276e-05,0.0001150651253789617,-5.561428216630845e-05,0.9999999968390686,5.236081769418301e-06,-0.00011506309621746072,-5.241869841138431e-06,0.9999999923122231
20:43:03:269,0.49809807139610607,-1.0455270740403941,-9.803553147742743,0.9999999926915452,2.6081133284566793e-07,0.00011625585725734587,-2.53885247478516e-07,0.9999999978349939,-6.149925998480239e-05,-0.00011625625601693541,6.149917715200727e-05,0.9999999902566624
20:43:03:302,0.4917000590337488,-1.0510006685892397,-9.787180779921565,0.9999999935952761,1.9458022705806398e-05,0.00011296772756807552,-1.9457830832105148e-05,1.0000000011567343,-1.1133959987330328e-05,-0.00011296836735452795,1.1131055167398738e-05,0.9999999954101777
20:43:03:336,0.5005878418977083,-1.0458583891373283,-9.792815686616917,0.9999999978672305,1.2714601716719874e-05,4.550658039664169e-05,-1.2714160587363288e-05,0.9999999939375389,4.406809846008826e-05,-4.5505062536777906e-05,-4.406743773031265e-05,0.9999999927142228
20:43:03:369,0.49284662986796907,-1.028833456901716,-9.760147050787701,0.9999999988124608,3.580165610591696e-05,-2.2327766269514486e-05,-3.5796935678736234e-05,0.9999999785195504,0.00018734416883119928,2.233047158983575e-05,-0.00018734455789262876,0.9999999804315864
20:43:03:402,0.4889023916243676,-1.0176724826118022,-9.794584529947652,0.9999999893792385,-1.1679359801735138e-05,-0.0001293724445432262,1.1696398326459518e-05,0.9999999900447357,0.00014023801278628353,0.00012937118687659515,-0.00014023571457516036,0.9999999785399235
20:43:03:436,0.48523881493606735,-1.027590425337035,-9.852109628339903,0.9999999793000539,3.702809580477193e-05,-0.00015929655426010945,-3.7014583462171706e-05,0.9999999950596147,9.154090106899486e-05,0.00015929949173430714,-9.15409236880123e-05,0.9999999781306228
20:43:03:469,0.48081341927373367,-1.0544566430660702,-9.82615477071156,0.999999993356442,5.819593050620957e-05,9.701004898598623e-05,-5.819585542037391e-05,0.9999999925892992,5.771838107330599e-06,-9.700866025932443e-05,-5.780618294401387e-06,0.9999999942972632
20:43:03:502,0.5022386850981931,-1.0538229968852004,-9.82874933183393,0.999999968039237,6.184958835755443e-05,0.00023638369287901748,-6.18094289400986e-05,0.9999999851445975,-0.00017237078394931465,-0.0002363950213794167,0.00017235531645315417,0.9999999565026086
20:43:03:536,0.49397152972879965,-1.0330299863789563,-9.819637259271813,0.9999999558064769,7.0424943261984e-05,0.0002730620519545728,-7.037150437455253e-05,0.9999999777146995,-0.0001944675433748989,-0.0002730756041936391,0.00019444545722050154,0.9999999399719993
20:43:03:569,0.4884882064297547,-1.0269194653783784,-9.788289528644496,0.9999999998614538,-9.146883620846685e-07,8.039150478476933e-05,9.249795178778816e-07,0.999999990743727,-0.0001340810241335688,-8.039083328552322e-05,0.00013408372090137037,0.9999999893931504
20:43:03:602,0.49375039602428605,-1.0386530030463663,-9.797977483269625,0.9999999948948382,5.3994963827416815e-05,7.168676094801595e-05,-5.3990044907820894e-05,0.9999999968433609,-6.168940601509305e-05,-7.169047673025754e-05,6.168500863685098e-05,0.9999999951705043
20:43:03:636,0.4859152102730604,-1.041360383077066,-9.795011935355662,0.9999999947407741,5.736658084456282e-05,7.338283988241421e-05,-5.736308324971491e-05,0.9999999949739818,-5.492765334839255e-05,-7.338717996069165e-05,5.492324781214239e-05,0.9999999956972287
20:43:03:669,0.4990666103300499,-1.0512343127424628,-9.791858540589107,0.9999999984716764,-7.764798216685995e-06,2.858875223108718e-05,7.763878495572625e-06,1.000000000138195,1.37060124591662e-05,-2.8587584895682346e-05,-1.3705277000382613e-05,0.9999999986857273
20:43:03:702,0.4928298199309664,-1.0484155419969534,-9.807817813545597,0.9999999969618429,1.3787459329446817e-05,1.5204386419607969e-05,-1.37863524273172e-05,0.9999999991318819,6.617958282928516e-06,-1.5203659031538336e-05,-6.615867895766926e-06,0.9999999972467034
20:43:03:736,0.49439251150353997,-1.053584675229392,-9.821369625053173,0.9999999935314582,-1.845306523855552e-05,0.00011624628375194692,1.8457342059902768e-05,0.9999999982292371,-4.5674388379622045e-05,-0.00011624607667102336,4.567595558535617e-05,0.9999999933847509
20:43:03:769,0.4814651627131615,-1.0543483940115708,-9.802420335086195,0.999999991140243,4.8126276172750345e-05,0.00011859547275498267,-4.8112142845010136e-05,0.9999999926385938,-0.00010588311026696424,-0.00011859884781739559,0.00010587823240864665,0.9999999858775885
20:43:03:802,0.48346288028997936,-1.032881396628405,-9.780922197433389,0.999999986309722,-6.09183080980205e-06,0.00016625185390973856,6.116961982537947e-06,0.9999999876701086,-0.00015561418626502764,-0.00016625138015776282,0.00015561431248866636,0.9999999746620983
20:43:03:836,0.47770255158761565,-1.0307360307031566,-9.81280644999052,0.9999999915266773,-1.2338372042875079e-05,0.00012071318136582396,1.23544698473438e-05,0.9999999907712945,-0.00012995394055401025,-0.00012071106481170279,0.00012995642257543805,0.999999983843641
20:43:03:869,0.4979836020949083,-1.0266415297933007,-9.835639693455569,0.9999999984580755,2.8457112492119856e-05,4.424235854089736e-05,-2.845141163495481e-05,0.9999999903057945,-0.00013383689916551735,-4.424604295878274e-05,0.00013383465632767197,0.9999999899872866
20:43:03:902,0.49075818027211043,-1.0265704684702095,-9.824413976030325,0.9999999957831633,6.966533851012098e-06,6.471639880974262e-05,-6.957512618728905e-06,0.999999987827335,-0.00015327458481254562,-6.471765074642193e-05,0.00015327304065904904,0.9999999843722738
20:43:03:936,0.48340713879399544,-1.0574496128238087,-9.806039861341985,0.9999999935424054,-9.132054620523197e-06,0.00010851674578378912,9.145567431248286e-06,0.9999999927613685,-0.00011328577823212444,-0.00010851514363894884,0.00011328712491853574,0.9999999882447311
20:43:03:969,0.46431107287241113,-1.0661097239505128,-9.791544203723756,0.9999999919041135,-1.1467675470705864e-05,0.00011093368571853568,1.1472897523065093e-05,0.9999999971936446,-5.040096175374704e-05,-0.00011093251704863596,5.0402846941188815e-05,0.9999999903134318
20:43:04:002,0.47994965759623215,-1.0743078725636768,-9.759119074183554,0.9999999860678256,5.270242833397709e-05,0.00015146446879208363,-5.2705728765166036e-05,0.9999999983829029,2.2740729662674146e-05,-0.00015146227658334113,-2.2746901117583725e-05,0.9999999889675691
20:43:04:036,0.49529215629739454,-1.0890823639587093,-9.751470665301081,0.9999999921308541,0.00010132635429614472,4.7631437954236196e-05,-0.00010132981436610879,0.9999999861751527,0.00010783987329231541,-4.762291015065586e-05,-0.00010784718185486744,0.9999999907887707
20:43:04:069,0.5066425444755751,-1.0453459241341192,-9.78172610004258,0.9999999976811113,5.347905242280682e-05,-2.5809051194391208e-05,-5.347574484272434e-05,0.9999999783187383,0.0002058591319338671,2.581955923966567e-05,-0.00020585655248098875,0.9999999801599117
20:43:04:102,0.507702479026049,-1.0470312675170586,-9.813755090495727,0.9999999953322777,7.830962445189098e-05,3.1784826416880755e-05,-7.831044509761264e-05,0.9999999882518238,0.0001098143636330922,-3.177343586913623e-05,-0.00010981591768945735,0.9999999905257028
20:43:04:136,0.5001516895313433,-1.033485631925374,-9.827775849603151,0.9999999977725702,2.6393150856896144e-05,5.2862357796547296e-05,-2.6391180584591208e-05,0.9999999973223038,-3.920842075872888e-05,-5.28632779398254e-05,3.920713625108114e-05,0.9999999957582987
20:43:04:169,0.4752579169377489,-1.0125547453935904,-9.849021087320287,0.9999999996794787,2.656014928299865e-05,2.7130761939215527e-05,-2.6560631539311355e-05,0.9999999963694942,-5.3090144121871475e-05,-2.7132814896560824e-05,5.308974088045579e-05,0.9999999975236742
20:43:04:202,0.4653454462608443,-1.0392997904738477,-9.824951454076299,0.9999999847663864,-7.314677921018832e-06,0.00016441534970125266,7.334335106526726e-06,0.9999999926790396,-9.569143330438184e-05,-0.0001644164998062423,9.569176758428096e-05,0.9999999780935885
20:43:04:236,0.4924001746476315,-1.0721273979298764,-9.822532735208966,0.9999999687558992,2.207311824106654e-05,0.00024238903097187177,-2.203333476063685e-05,0.9999999854222129,-0.0001603319944339749,-0.00024239182092187432,0.00016032782627635773,0.9999999557986219
20:43:04:269,0.49545127105494513,-1.0678704948399222,-9.761728296989192,0.9999999853221033,5.2560725932843004e-05,0.00015789504867050628,-5.2549914451562475e-05,0.999999996055954,-7.714508954134585e-05,-0.0001578999373691883,7.71354384669921e-05,0.9999999859088836
20:43:04:302,0.49446963657733867,-1.0664104167131536,-9.765064194906468,0.9999999920818682,4.590879404675971e-05,0.00010183535728813552,-4.5901596188312294e-05,0.9999999940573346,-3.796595030589412e-05,-0.00010183801187496249,3.796233916267036e-05,0.9999999895428512
20:43:04:336,0.4922068438111912,-1.072140663326597,-9.79578520962503,0.999999996965965,4.517882533268354e-05,5.0577707448882625e-05,-4.518712338146439e-05,0.9999999899939443,0.00012925282928351393,-5.05733151740794e-05,-0.0001292552912803224,0.9999999908896852
20:43:04:369,0.4943331923888828,-1.0740465875202798,-9.769263600314341,0.9999999937998142,7.677561827570084e-05,7.725195317100996e-05,-7.678695048071451e-05,0.999999983742708,0.00015547668644908723,-7.723892710447398e-05,-0.00015548302072694435,0.9999999843982279
20:43:04:402,0.4997656168504321,-1.035208258158028,-9.791270900917967,0.9999999930040682,7.883466847606699e-05,-1.1039901564774841e-06,-7.883308472699255e-05,0.9999999815895713,0.00017443205360427862,1.1163375719122382e-06,-0.00017443352687315452,0.9999999810822571
20:43:04:436,0.4974788775186665,-1.0155658006442116,-9.808559039068706,0.9999999933976806,3.477263180656242e-05,-0.00012274531056755697,-3.475443931895628e-05,0.9999999876346556,0.00014823447566276752,0.0001227521098408409,-0.00014822790284364532,0.9999999827581202
20:43:04:469,0.4999159181763562,-1.0281375069388907,-9.865814494720759,0.9999999962410984,2.7957189919934007e-05,-3.057859270994563e-05,-2.7955806369027512e-05,0.9999999962107164,4.736606175168775e-05,3.057820053319044e-05,-4.7370103888049526e-05,0.9999999965689752
20:43:04:502,0.477256211931994,-1.0343551170902998,-9.897035099961037,0.9999999806771399,0.00011208324949849727,0.00015947748788177783,-0.00011207131327199379,0.9999999902715785,-6.61956162051886e-05,-0.00015948167354728094,6.618183891575899e-05,0.9999999828123691
20:43:04:536,0.48389304985837883,-1.0565453223492596,-9.836774547946707,0.9999999746903967,1.6591791060038994e-05,0.00021288036118753315,-1.6544005436637136e-05,0.9999999724091773,-0.00023280896401498395,-0.00021288457208268184,0.00023280242889066842,0.999999947654334
20:43:04:569,0.4817551052138595,-1.076919092849292,-9.79790242482747,0.9999999726813961,-2.6345050666774757e-05,0.00022330777254475019,2.6404066123765785e-05,0.9999999584327515,-0.0002831743385827016,-0.00022329995492678377,0.0002831795230491013,0.999999931891126
20:43:04:602,0.46994239950513905,-1.0803046545745603,-9.749786419933756,0.99999995987782,3.047866603532678e-05,0.0002704271738659442,-3.043979409440292e-05,0.9999999920748092,-0.00012771752234018758,-0.000270430561258839,0.00012771316621061092,0.9999999537597342
20:43:04:636,0.48598083785876395,-1.0649705779216432,-9.729001132466731,0.9999999979410875,5.758069216182412e-05,4.308461498865829e-05,-5.758058502640315e-05,0.9999999925896341,4.705752371729891e-05,-4.308469018816794e-05,-4.706317271014947e-05,0.9999999941016985
20:43:04:669,0.5020604425082001,-1.0334042466276763,-9.736588245902448,0.9999999946307289,5.8595367403137784e-05,-1.921086112749104e-05,-5.85882559168711e-05,0.9999999752621619,0.00021796905133287964,1.9223362177500246e-05,-0.00021796889446301914,0.9999999743423466
20:43:04:702,0.5008255588695202,-1.0391256280989074,-9.808140100590142,0.9999999955386418,5.640003808886968e-05,-4.889941922811633e-05,-5.6391918486898825e-05,0.9999999741685858,0.00020973503168062832,4.891305092624955e-05,-0.00020973363018943295,0.9999999752954548
20:43:04:736,0.49591077228642466,-1.0310029977902464,-9.849968833468317,0.9999999935688555,1.8968935498096034e-05,-9.941403474656772e-05,-1.895533149396116e-05,0.9999999921947407,0.00012875506509077086,9.941370186285036e-05,-0.00012875387792859514,0.9999999865628495
20:43:04:769,0.4771232008703707,-1.0366070479856395,-9.877418968399834,0.9999999992927515,4.917008416725289e-05,9.030025813660515e-06,-4.917033425948836e-05,0.9999999964823318,1.3718618190066921e-05,-9.02581849245653e-06,-1.3717078128500156e-05,0.9999999992477975
20:43:04:802,0.46914614948181027,-1.0459414476393343,-9.852341998650399,0.9999999850132991,-1.3923752452621489e-05,0.00015027090855309946,1.3947094760546202e-05,0.9999999904283342,-0.00013994565170890544,-0.00015027069864385586,0.0001399457826570538,0.9999999752490231
20:43:04:836,0.4758886653215455,-1.0526297550849726,-9.814100216432932,0.9999999601234636,6.494434943659588e-05,0.00027242747219564765,-6.489460478397436e-05,0.9999999800712537,-0.00018482138379513513,-0.00027243665592342254,0.00018480570898885693,0.9999999466455034
20:43:04:869,0.48525223495656894,-1.0572572976355001,-9.766328130620089,0.999999975866717,7.803606336532611e-05,0.00020504161734272148,-7.801668912897091e-05,0.9999999887961941,-9.758535865564564e-05,-0.0002050543598401776,9.756665334559518e-05,0.9999999732809693
20:43:04:902,0.48708149640081794,-1.052002397054057,-9.758570124845816,0.9999999914779865,3.1532421667081763e-06,0.00010552966074763651,-3.1577368941482313e-06,0.9999999994051795,5.6841975055263005e-05,-0.00010552543630991518,-5.683723936852081e-05,0.999999990847408
20:43:04:936,0.5005441758485847,-1.0344143405407862,-9.75328179426742,0.9999999915399693,4.3255451424911204e-05,-9.685882989991439e-05,-4.323874100802036e-05,0.9999999854061195,0.00015417846930032732,9.686444624439369e-05,-0.0001541754139822739,0.9999999806463015
20:43:04:969,0.4886153229512732,-1.0473656875386317,-9.814592785799059,0.9999999903929493,5.444998240455069e-06,-0.00010064340703869374,-5.4239195043796904e-06,0.9999999857635442,0.00015584249676944112,0.00010064367464730832,-0.00015584386745439452,0.9999999764978934
20:43:05:002,0.47554564839556807,-1.0471466777297642,-9.850656030180543,1.0000000002845755,3.740126854386013e-05,-3.918374456295249e-05,-3.740518930205871e-05,1.000000000927351,2.750635460505532e-05,3.9185058439932735e-05,-2.75052788228931e-05,1.000000002304355
20:43:05:036,0.46689827898209224,-1.0355469589812183,-9.8747843622533,0.9999999933605561,6.9891298933653e-07,-2.3462786042018882e-05,-6.925010611837344e-07,0.9999999964592177,-4.937656620505878e-05,2.3463432711345378e-05,4.937867146125457e-05,0.9999999901336522
20:43:05:069,0.4696185982885774,-1.0417020814439324,-9.858521891387996,0.9999999686635789,-4.468767677668887e-05,0.0002586449552831903,4.4741918907185306e-05,0.9999999747013213,-0.00021603489377938553,-0.0002586353249603374,0.0002160452035305217,0.9999999453063594
20:43:05:102,0.480011140870852,-1.0575183677400821,-9.818255459200847,0.9999999584694829,-4.582342073285875e-05,0.000270763179753329,4.5894378068147045e-05,0.9999999690648359,-0.00025407596587798993,-0.0002707527909435142,0.0002540879509485019,0.9999999299402967
20:43:05:136,0.506344584264944,-1.0472101842540054,-9.730111344482914,0.9999999886120454,6.7656540194293284e-06,0.00015492414148634025,-6.7574546473006505e-06,0.9999999917044942,-5.868464154951585e-05,-0.00015492189721020736,5.8683462767805955e-05,0.9999999815952533
20:43:05:169,0.4966591438112716,-1.050603486682696,-9.748623661115143,0.9999999928652628,1.821460680362643e-05,4.425664193248831e-05,-1.8224076773154034e-05,0.9999999928872465,0.0001303445363402571,-4.425414130774316e-05,-0.00013034827508286685,0.9999999884006471
20:43:05:202,0.4882362740554622,-1.0555857346447344,-9.79251748269337,0.99999999593556,-5.477097835469435e-05,-9.385932804618854e-05,5.478146711081265e-05,0.9999999925561477,0.00010186293733582167,9.38538112793941e-05,-0.00010186649352976464,0.999999990699773
20:43:05:236,0.48062110268181085,-1.0633677739996896,-9.801222559361193,0.9999999989376301,-7.303434701129418e-06,-3.631725081441068e-05,7.308859310080024e-06,0.9999999877098609,0.00015541077710223866,3.631534752759579e-05,-0.0001554107933716665,0.9999999877048902
20:43:05:269,0.471756211152206,-1.0407312572932477,-9.805227470086725,0.9999999974519528,-8.773338814493687e-06,-1.8733083090373224e-05,8.776248923356213e-06,0.9999999937906964,0.00010290042076799656,1.873305781792563e-05,-0.00010290043286490479,0.9999999933383112
20:43:05:302,0.47368482292153574,-1.0424114600085463,-9.829612032006038,0.9999999966095492,-1.4612869499852779e-05,5.778647215209535e-05,1.4612257463046039e-05,0.9999999975813455,4.282657630554536e-05,-5.778945116837741e-05,-4.282840128092333e-05,0.9999999945814896
20:43:05:336,0.48225613283417784,-1.045307293181092,-9.83449775631155,0.999999991742941,-2.4550963943976716e-05,0.00011497172615113982,2.455662005204644e-05,0.9999999974254482,-5.233730045566008e-05,-0.00011496878997521046,5.234198410050775e-05,0.9999999911524072
20:43:05:369,0.48351476222584444,-1.0322951123375503,-9.829064062187948,0.9999999845111672,-5.7210314090696434e-05,0.00015121511194163116,5.722565384015789e-05,0.9999999920675924,-0.00010261512096574952,-0.00015121048784202032,0.00010262458354344218,0.9999999817744155
20:43:05:402,0.48841092254667223,-1.0356107269083068,-9.81717414146352,0.9999999935513855,5.5762938010030325e-05,0.00011073843647642078,-5.5749020079228046e-05,0.999999991655849,-0.00012366428539287825,-0.00011074496294436838,0.00012365715716889235,0.999999986595028
20:43:05:436,0.48003021548605807,-1.052914055329063,-9.810344628179088,0.9999999904583675,1.5698778906288556e-05,0.00012191356528853593,-1.5685825148266283e-05,0.9999999923777735,-0.00010680795099542242,-0.00012191610626923984,0.00010680718351770134,0.9999999861587904
20:43:05:469,0.4867610808808569,-1.0521199580435843,-9.792773276510866,0.999999987508963,-4.634124814673023e-06,0.00014962832292886744,4.6477921597444156e-06,0.9999999948656235,-9.291922659704898e-05,-0.00014962728116284281,9.292102475173559e-05,0.9999999849066469
20:43:05:502,0.48992194169795766,-1.0480666459141244,-9.779070116401112,0.9999999934776392,7.926523830966379e-05,8.848770218458048e-05,-7.926096485255638e-05,0.9999999956000926,-3.909800153962639e-05,-8.849182942507637e-05,3.9089945800322485e-05,0.9999999941162473
20:43:05:536,0.48592223184591193,-1.0465443291549092,-9.79345630610349,0.9999999967524611,5.3871997817014344e-05,4.814875757735224e-05,-5.387347419169252e-05,0.9999999976136965,4.1334239543849974e-05,-4.8146117237101133e-05,-4.133663638874209e-05,0.9999999975667333
20:43:05:569,0.48190007199268176,-1.0496363801976785,-9.806278163856122,0.9999999977131819,4.946354230780205e-05,4.394662346216691e-05,-4.946494631029338e-05,0.9999999981606533,3.519407210253213e-05,-4.394524386985556e-05,-3.5196411085448776e-05,0.9999999981448175
20:43:05:602,0.4808155008393859,-1.0468046728215055,-9.81342082539044,0.9999999983548326,3.139195538208284e-05,4.968592261986944e-05,-3.139401696302136e-05,0.9999999989032665,2.8121632985156197e-05,-4.9684316945015e-05,-2.8122643424844487e-05,0.9999999988317486
20:43:05:636,0.48589280482987,-1.0463893770152364,-9.82799054703643,0.9999999924785026,5.6637919487826516e-05,8.644137425032243e-05,-5.66333687420705e-05,0.9999999962588338,-3.5049982366939175e-05,-8.644360246712416e-05,3.504433985205592e-05,0.9999999941557509
20:43:05:669,0.4869007565809144,-1.066380987198194,-9.806836069756534,0.9999999850803806,4.0156544273643265e-05,0.00015913033288204867,-4.0139468997130895e-05,0.9999999907606404,-0.00011848273863428096,-0.00015913360843382955,0.0001184752708461897,0.9999999813692053
20:43:05:702,0.4802479957014896,-1.066723256569758,-9.785420461598338,0.9999999941067623,-4.157456906632626e-05,0.00010593641846598056,4.15859131842035e-05,0.9999999939984839,-9.572816755774624e-05,-0.0001059319782107944,9.57335618137707e-05,0.9999999883568115
20:43:05:736,0.47881484948753905,-1.052743288457029,-9.797005382243524,0.9999999963192852,1.2384814108434468e-05,8.38364609275381e-05,-1.2385989753889413e-05,1.0000000004120917,4.144973736330896e-06,-8.383692691491023e-05,-4.146548583026651e-06,0.9999999972615226
20:43:05:769,0.4746560206554399,-1.0370950311314031,-9.77033206010389,0.999999996933075,3.4159334577152526e-05,6.444730936365289e-05,-3.4161211702181786e-05,0.9999999971316332,4.752771323243626e-05,-6.44457300059499e-05,-4.753002037347348e-05,0.9999999952256682
20:43:05:802,0.48368583852392494,-1.033588842702124,-9.796929597833218,0.9999999997802204,1.388396995586291e-05,-1.7593838110545296e-05,-1.3881318158679562e-05,0.9999999891335034,0.00014884882778038925,1.759584097773027e-05,-0.00014884846889252134,0.9999999889951121
20:43:05:836,0.4862339558731303,-1.0406212862217874,-9.809383413865374,0.9999999976492844,3.420100742538501e-08,-4.10412683352882e-05,-2.6502795764849106e-08,0.9999999866076563,0.00015669664237093103,4.104129520327968e-05,-0.00015669751179027966,0.999999984747386
20:43:05:869,0.4849702094820781,-1.030241010331393,-9.840892418198713,0.999999998121659,-1.8975861420914614e-05,6.594908857625374e-06,1.8975109889850512e-05,0.9999999986473573,5.1880140320160945e-05,-6.596399439148613e-06,-5.188178737373702e-05,0.9999999979452157
20:43:05:902,0.49158754190845344,-1.0440337509296769,-9.864893858812074,0.9999999940394132,-4.955024552757284e-05,9.981849000380031e-05,4.9558841404794134e-05,0.9999999951955825,-7.734801305839866e-05,-9.981405068923695e-05,7.735358687472359e-05,0.9999999912536379
20:43:05:936,0.4889711077031229,-1.0501203806934212,-9.828051442526363,0.9999999866339354,-3.614894071730548e-05,0.00015254513066577117,3.617361266863496e-05,0.9999999848630137,-0.00016249625076624106,-0.00015253919133910077,0.00016250159299073584,0.9999999747118835
20:43:05:969,0.47438177370351164,-1.0431184967869949,-9.815716900499467,0.9999999903113755,3.818106946101053e-05,0.00013380893304629264,-3.816280433034039e-05,0.9999999908588396,-0.00013752729144791975,-0.00013381483347286834,0.00013752144410941088,0.9999999817169605
20:43:06:002,0.45986997831273063,-1.043421429555699,-9.790310972276382,0.9999999920629769,4.4679524059137615e-05,0.0001227630425849823,-4.467412709247366e-05,0.9999999963005199,-4.768671001369831e-05,-0.00012276371578886393,4.7681951897441966e-05,0.9999999907333499
20:43:06:036,0.4735242447355728,-1.067081405901476,-9.76234304991198,0.9999999956396879,5.396902634344344e-05,4.568357250961545e-05,-5.39724485154148e-05,0.9999999957819541,7.583583851327736e-05,-4.568010146403739e-05,-7.584008692251338e-05,0.9999999950760673
20:43:06:069,0.49901301207995297,-1.0735203168939973,-9.772629303961544,1.0000000000758604,-1.1299145858217805e-05,-1.5235522748501181e-05,1.1301080925369706e-05,0.999999996370465,8.671930484503934e-05,1.523562418354111e-05,-8.671832853366278e-05,0.9999999952891545
20:43:06:102,0.5066394453698886,-1.0540362107308263,-9.809191589991897,0.9999999969990069,3.052571472779365e-05,4.603364998803263e-05,-3.05290633804774e-05,0.9999999966682325,5.671146023169053e-05,-4.603321924365933e-05,-5.6711777979934814e-05,0.9999999971315905
20:43:06:136,0.490455711648401,-1.0396822670322707,-9.836628997111532,0.9999999957409513,8.987595183238182e-05,-1.4522290948736174e-05,-8.98750908226846e-05,0.9999999949464469,1.188112903643445e-05,1.4524062476125586e-05,-1.188087234002098e-05,0.9999999998296651
20:43:06:169,0.48013069941533015,-1.029694261984757,-9.836311962779856,0.9999999977273862,2.650416203593887e-05,4.677474800272985e-05,-2.6500199056524458e-05,0.9999999972442373,-4.116086149326021e-05,-4.6775206598039124e-05,4.115982294083335e-05,0.9999999953719912
20:43:06:202,0.4710624434589585,-1.0360641076511667,-9.818517058734994,0.9999999940300044,5.832508906009064e-06,0.00011082792238829593,-5.822933557383613e-06,0.9999999958571503,-9.398753478402688e-05,-0.0001108284001134827,9.39872907887543e-05,0.9999999901200162
20:43:06:236,0.4780266015599605,-1.0617774213269466,-9.811422375047846,0.9999999896366996,-1.0422814028052172e-05,0.00013295842768784407,1.0433852866863505e-05,0.9999999954413434,-8.41349724912364e-05,-0.00013295836601823172,8.413420402052282e-05,0.999999986316035
20:43:06:269,0.4775646570001432,-1.0644340298713564,-9.777648505029681,0.9999999870232245,5.9612526816789856e-05,0.00013350011839647995,-5.960349430244199e-05,0.9999999954098057,-6.64346808913146e-05,-0.0001335030132168726,6.64291107186474e-05,0.9999999881739983
20:43:06:302,0.4827968714954938,-1.0413818733531324,-9.759453473773053,0.9999999952253882,5.512737093310865e-05,-3.556950320720594e-05,-5.512392835954097e-05,0.9999999941596903,3.692063110050301e-05,3.5568954738405836e-05,-3.692087258935959e-05,0.9999999968445571
20:43:06:336,0.4868597919303799,-1.0312334192698103,-9.785696267254393,0.9999999913654208,-2.3013593321614067e-05,-9.286370766664107e-05,2.3028335040843183e-05,0.9999999860747328,0.0001569029790163775,9.286012084282334e-05,-0.00015690855272621875,0.9999999823815394
20:43:06:369,0.4798371783092968,-1.050090490171611,-9.831944417604479,0.9999999979412413,1.9909043636751807e-05,-2.179358746041208e-05,-1.9905616674037257e-05,0.99999999078682,0.0001087999241796272,2.179405592953195e-05,-0.00010880172386130373,0.9999999916353444
20:43:06:402,0.4802510940242471,-1.0529052119225366,-9.829224935275885,0.9999999973288176,4.242297830615265e-05,5.4483652193003156e-05,-4.242283857554317e-05,0.9999999993395249,-2.028108284405344e-05,-5.4482767313922156e-05,2.0280002035864914e-05,0.9999999988289406
20:43:06:436,0.48355238264690137,-1.0597333222803584,-9.833261032230634,0.9999999863160804,1.2239932668947506e-05,0.0001468539697924485,-1.2225235761678157e-05,0.9999999948805601,-8.823826361760784e-05,-0.0001468566250830454,8.823354221100876e-05,0.9999999823122643
20:43:06:469,0.48476619804102367,-1.0500153193999884,-9.825432196558182,0.9999999756386607,6.144614147703378e-05,0.00021337616372515592,-6.14148554200464e-05,0.9999999870551884,-0.00014790824569537201,-0.0002133831870649295,0.00014789662247773077,0.9999999663029158
20:43:06:502,0.4771253993693924,-1.0358411494747335,-9.807177563567363,0.9999999884920563,1.6968867225308073e-05,0.00013822458552686587,-1.695098988422425e-05,0.9999999923327936,-0.00010509364323773122,-0.00013822705813047379,0.0001050918378558355,0.9999999818747407
20:43:06:536,0.4937421095439264,-1.0390827417750723,-9.800344598640313,0.9999999928010039,1.5432425993696634e-05,0.00011228159517781376,-1.543221718358762e-05,0.999999998463734,-1.434307844179093e-05,-0.00011228176791069788,1.4340792178864463e-05,0.9999999941334985
20:43:06:569,0.4933813781532454,-1.0534061555751884,-9.783099360414992,0.9999999934036334,5.178671937313729e-05,8.550665140516148e-05,-5.17889112855898e-05,0.999999997843983,3.0428899437169e-05,-8.55047058405606e-05,-3.043411568361634e-05,0.9999999939995199
20:43:06:602,0.4817631974431526,-1.0511867869112872,-9.784300188429903,0.9999999994791352,1.2595106425493968e-06,-3.111350201201323e-05,-1.2577525836980812e-06,0.9999999978504315,5.963698604237431e-05,3.111406184412031e-05,-5.963671539498304e-05,0.9999999980547041
20:43:06:636,0.4851520472226313,-1.0612575276030336,-9.808134027119346,0.9999999970876424,-2.127472990975978e-06,-2.1214672623356275e-05,2.128535447557078e-06,0.9999999967574822,4.3058016996283063e-05,2.1214599185475674e-05,-4.306073243612792e-05,0.9999999964584663
20:43:06:669,0.4829069217862182,-1.0618947433380066,-9.82036819123777,1.0000000002281295,2.4817222177017615e-05,1.8561233005527122e-05,-2.481720818089668e-05,0.9999999995516162,-4.0053555815564524e-05,-1.8561520386958975e-05,4.0054079295540796e-05,0.9999999997651634
20:43:06:702,0.4893010244639192,-1.0445303834137094,-9.823127094187193,0.999999996079162,5.3719449765008635e-05,5.994715488140929e-05,-5.371731813922955e-05,0.9999999984530098,-3.205683774901901e-05,-5.995013428418802e-05,3.2052307668040226e-05,0.9999999974695526
20:43:06:736,0.4890627901139787,-1.042696626796066,-9.82329920414917,0.9999999881720173,4.541126526443766e-05,0.00013990363018741875,-4.5396866561477926e-05,0.9999999902259694,-0.00011059147800013071,-0.00013990546164920526,0.00011058547460864157,0.9999999832067018
20:43:06:769,0.49853434255831125,-1.048133995576231,-9.800631697178018,0.999999990542935,-2.439871766533197e-05,0.00013081086675537844,2.441755957974555e-05,0.9999999873473331,-0.0001406835071243619,-0.00013080611778094049,0.00014068694278984625,0.9999999780862211
20:43:06:802,0.48489583910956574,-1.041694151119242,-9.799171322792716,0.9999999939018905,4.4840529323796604e-05,9.558097008236469e-05,-4.484267342475978e-05,0.999999999968149,2.539452721135412e-05,-9.55808399642561e-05,-2.5398980519441793e-05,0.9999999957554675
20:43:06:836,0.47503102672817704,-1.053879570894433,-9.790925539008441,0.9999999962957209,4.3894565074565505e-05,6.0604549330527136e-05,-4.389839347494024e-05,0.9999999966180529,5.301316325363799e-05,-6.0601349791841743e-05,-5.301661311102523e-05,0.9999999955836809
20:43:06:869,0.4853807535550789,-1.0569986560297877,-9.784940398030757,0.9999999994116308,2.9885676459513855e-05,-1.74801966343714e-05,-2.9885427430634855e-05,0.9999999995510341,2.086411945935595e-05,1.7480623652521067e-05,-2.086364425029441e-05,0.9999999997094196
20:43:06:902,0.4893498246754285,-1.0483985183403266,-9.80443884289272,0.9999999981604464,1.1110856186698908e-05,-3.530455589586117e-05,-1.111158829859775e-05,0.9999999996758066,-2.186394906311601e-06,3.5304757846465954e-05,2.186691486660382e-06,0.9999999980263131
20:43:06:936,0.4852009790533,-1.041945915944401,-9.809590530118369,0.9999999979556328,2.5781782340630344e-05,2.9613829474047722e-05,-2.5783413560504195e-05,0.9999999983591968,8.701271846437563e-06,-2.9612387040826814e-05,-8.703480917550347e-06,0.9999999983204116
20:43:06:969,0.4740591318134963,-1.0448305038405394,-9.813956463210493,0.9999999957746142,5.260851820261718e-05,6.524250202762926e-05,-5.2610163886760716e-05,0.9999999978911687,3.232412999891698e-05,-6.524093408416312e-05,-3.232568779953937e-05,0.999999996894223
20:43:07:002,0.46831782511693115,-1.0554935143835236,-9.812573381732534,0.9999999962899039,-1.8873016756999238e-05,8.604795524552512e-05,1.8870271548408787e-05,0.9999999997904059,2.5019984000912245e-05,-8.604847150797885e-05,-2.502029452152663e-05,0.9999999955864985
20:43:07:036,0.48935244233074654,-1.0406221482805458,-9.803097985779964,0.9999999977963978,-1.884443987487648e-06,-2.580806937855602e-05,1.8852099044527661e-06,0.9999999988344438,2.1651426046481548e-05,2.5808280453271803e-05,-2.1650022477314204e-05,0.9999999988216557
20:43:07:069,0.48829570199024935,-1.0473187854938029,-9.799676921951317,1.0000000007941288,6.250958161365616e-05,-2.781522920843584e-05,-6.250899063026699e-05,0.9999999976685413,3.4899312115322785e-06,2.7815588083196165e-05,-3.488823574734601e-06,1.0000000019167312
20:43:07:102,0.47091884222764113,-1.0566882161241113,-9.800714162193083,0.9999999670498012,-3.67228509878956e-06,0.00022000422094614302,3.6921022037150794e-06,0.9999999968796296,-7.708370568840732e-05,-0.00022000420215782118,7.708435960708717e-05,0.9999999634611721
20:43:07:136,0.46315961917658716,-1.0352418383524398,-9.841166594792739,0.9999999070805486,3.0067747155228395e-05,0.00043431031023523126,-3.0021229386859855e-05,0.9999999911737637,-0.00011107970353023317,-0.00043431314971920673,0.00011106867874164809,0.9999999038117885
20:43:07:169,0.5033207656675375,-1.0310476779476274,-9.799680440480708,0.999999962664499,0.00010082749361930636,0.00023793628417527506,-0.00010080627999271666,0.9999999917940592,-7.671794730820394e-05,-0.0002379454797363525,7.668804406022564e-05,0.9999999639741322
20:43:07:202,0.5113512793186326,-1.060436667627475,-9.813385414569009,0.999999997976727,-1.211458949181034e-06,6.69943583204496e-05,1.2134651036277086e-06,0.9999999992379154,-3.732668289638306e-05,-6.69933622655191e-05,3.732853476095156e-05,0.9999999973271078
20:43:07:236,0.5176948617355415,-1.0611229972188554,-9.819016306986288,0.9999999945749481,-1.9371078303627686e-05,0.00010871281407349272,1.9380786159513703e-05,0.9999999946425204,-0.0001100648880905043,-0.000108710966306314,0.0001100666898577095,0.9999999900736973
20:43:07:269,0.5130263869196182,-1.0397553498028451,-9.791883641878288,0.9999999898842481,4.2501763318710653e-07,4.748337693164239e-06,-4.072619252391974e-07,0.9999999909413597,-4.742753577935515e-05,-4.749935322554602e-06,4.742605152082263e-05,0.9999999807267171
20:43:07:302,0.5033351774398275,-1.0451921750921895,-9.75920134984366,0.9999999690104739,-2.3921690533961548e-06,-0.00026222911659269866,2.4388409530292443e-06,0.9999999827839656,0.0001996292306017526,0.0002622291888612485,-0.00019962942562383305,0.9999999524474513
20:43:07:336,0.49784366918083117,-1.047509644501777,-9.765427095847025,0.9999999531006053,2.7418338889164917e-05,-0.0003013702598710723,-2.7320972486820794e-05,0.9999999461694893,0.0003197058417405195,0.0003013782365383973,-0.0003196971297988709,0.9999998995003679
20:43:07:369,0.4829629410376114,-1.0610263024254594,-9.789135402754127,0.9999999178436058,-2.566673896246919e-05,-0.000390081658885682,2.5836265490167233e-05,0.9999999036187723,0.00044082973993381426,0.00039007159454494255,-0.0004408415593319277,0.9999998229939105
20:43:07:402,0.479446977001315,-1.0374400197338691,-9.80955012423614,0.9999998366463937,-6.049122608926506e-05,-0.0005702663160807293,6.072942959846237e-05,0.9999999110942767,0.00041169716877416927,0.0005702381242691,-0.0004117330930782025,0.9999997511609529
20:43:07:436,0.44105019318892363,-1.0397114710830566,-9.838716331896762,0.9999998590664501,-9.201730545364329e-05,-0.0005084917278046208,9.217889481443194e-05,0.9999999464235187,0.00030519776401340983,0.0005084654657492172,-0.00030524233856173486,0.9999998162184958
20:43:07:469,0.437439616541654,-1.029833405506508,-9.875535231782203,0.9999999585413086,-0.0001092983438548633,-0.00024285741163351595,0.00010933342812127802,0.9999999807411855,0.00010176330771104246,0.00024283635596852857,-0.00010180114951045578,0.9999999564267505
20:43:07:502,0.43272557100453996,-1.0349541337061303,-9.834370255433752,1.000000000664746,7.908723583856272e-06,1.0132532939689072e-05,-7.910712534044386e-06,1.0000000009620063,-5.574832467681929e-05,-1.013028916431689e-05,5.575304368766813e-05,0.9999999992544066
20:43:07:536,0.4451659402790931,-1.0386327986527912,-9.796882265588014,0.9999999966962996,-3.47883853029715e-05,6.280461884508334e-05,3.4793229214675015e-05,0.9999999934506888,-7.771120547075996e-05,-6.28019706926048e-05,7.771186818814043e-05,0.9999999922073068
20:43:07:569,0.4464762676525823,-1.0253331605817888,-9.820199437500731,0.9999999942349705,-3.727796854501263e-05,7.919152114811608e-05,3.7285919974273654e-05,0.9999999873826966,-0.00015244151666994718,-7.918455721211661e-05,0.00015244340852153256,0.9999999833814266
20:43:07:602,0.4383998219795074,-1.0261276090683924,-9.807543567782515,0.9999999898531741,1.4160316592019524e-06,0.0001415268001305938,-1.4098927191118761e-06,0.9999999997553202,-2.1071461922181337e-05,-0.00014152732749469872,2.107149241944629e-05,0.9999999895242976
20:43:07:636,0.44486452788525604,-1.032038443319463,-9.790704746316173,1.0000000003802445,3.1631961048801946e-06,2.069070383923954e-05,-3.1650627061776813e-06,0.9999999988979865,1.656987406806325e-05,-2.068983496809238e-05,-1.6569667758087283e-05,0.9999999995845416
20:43:07:669,0.45141791879200627,-1.0158137286399351,-9.7735584004595,0.9999999971133025,2.830405465765827e-05,-4.832306116469532e-05,-2.829979874576001e-05,0.9999999955458441,5.86459246209888e-05,4.8325250019676236e-05,-5.864500917523865e-05,0.999999993662113
20:43:07:702,0.445654824349367,-1.0131772574859306,-9.791994949335901,0.9999999995482283,4.606085854446959e-05,-5.387485477071298e-05,-4.605287074078539e-05,0.9999999773075637,0.00019672053663826383,5.388421593503991e-05,-0.00019671639188085377,0.9999999783188281
20:43:07:736,0.4590963131305429,-1.012122646959763,-9.819810630610142,0.9999999819102767,-1.6764155865857226e-05,-0.0001388411024796222,1.6791282834420536e-05,0.9999999727119004,0.00022113233464774733,0.00013884016778951356,-0.000221141061066488,0.9999999583676996
20:43:07:769,0.4550625609112567,-1.0037925789230109,-9.84792325328701,0.9999999528394788,-8.560358636194739e-05,-0.00030167616437222044,8.565317753388194e-05,0.9999999853668441,0.00015902724021294533,0.0003016608541685361,-0.00015905240347603898,0.9999999450725434
20:43:07:802,0.408224336048953,-1.0017063139657023,-9.83623229717061,0.9999999855404013,-4.6823303246131604e-05,-0.00016232365329550374,4.6833116162752625e-05,0.9999999943071471,5.978473697517024e-05,0.00016232240337921256,-5.979086702850373e-05,0.9999999824594685
20:43:07:836,0.40520763658330755,-1.0265177929143492,-9.843777737351061,0.999999994112092,-4.3814814907907414e-05,-3.419981005454357e-05,4.3809878329803996e-05,0.9999999970573354,-6.878550036406107e-05,3.420217234448132e-05,6.87830330707446e-05,0.999999994390273
20:43:07:869,0.40604872290403166,-1.02227392766265,-9.80414459566432,0.9999999967892081,-6.544032280154e-06,9.138132848775761e-05,6.547332180557602e-06,1.000000000001027,-2.453873417288519e-05,-9.138102601709223e-05,2.4539948060386317e-05,0.9999999969656251
20:43:07:902,0.4091445531873116,-1.0312340530912545,-9.794691467846935,0.9999999961218761,-3.427003528734145e-05,8.746977149257653e-05,3.4279398224577285e-05,0.9999999951169587,-7.88391401122736e-05,-8.74685504367937e-05,7.884303692245823e-05,0.9999999917306281
20:43:07:936,0.3934646661347822,-1.0353609632359069,-9.809802509832084,0.9999999658068902,5.305812377367687e-05,0.00023519357762841238,-5.302444143466933e-05,0.9999999864344294,-0.00014990841977300146,-0.00023519980047575435,0.00014989290811272046,0.9999999560875146
20:43:07:969,0.4181331111093529,-1.028307223749412,-9.795608195822828,0.9999999439273408,8.477627233633155e-05,0.0003125303306112612,-8.474839768473777e-05,0.9999999917321674,-8.37506819754576e-05,-0.00031253820000121455,8.372040739615599e-05,0.9999999453996167
20:43:08:002,0.4510635796888331,-1.0111945270601892,-9.81820232821544,0.9999999952259369,-9.183549982177821e-07,0.00010393326753306177,9.244355067786286e-07,0.9999999967604707,-6.8330963698103e-05,-0.00010393187789694994,6.833201409678394e-05,0.9999999925255932
20:43:08:036,0.44156792008628537,-1.0089686536524254,-9.831897937251718,0.9999999962743483,4.626730447027854e-05,6.852825733198064e-05,-4.6264961879229644e-05,0.9999999982104506,-2.495734296851948e-05,-6.852962794211169e-05,2.4953813057019375e-05,0.9999999960252155
20:43:08:069,0.4339613911051069,-0.9955040585818744,-9.819077324117305,0.999999995453246,1.754985814413328e-05,6.951640025783719e-05,-1.75487818896724e-05,0.9999999976904193,-4.0284535032120946e-05,-6.951610265904862e-05,4.028097275267167e-05,0.9999999962912379
20:43:08:102,0.4115080286184281,-1.0220015041975015,-9.820476163923097,0.999999998794446,-2.272480567444532e-05,-4.299711999084829e-06,2.272478112586914e-05,0.9999999965338079,-3.448693828644955e-05,4.303921853192859e-06,3.448703250781649e-05,0.9999999975754988
20:43:08:136,0.4151741297393546,-1.0410203509214462,-9.780357965116652,0.9999999984796513,1.3840545714482666e-05,-1.4384215777661048e-05,-1.3839426727387734e-05,0.9999999945396876,0.00010493742422997236,1.438370868807563e-05,-0.00010493790711138613,0.9999999947123319
20:43:08:169,0.4224980850926352,-1.0540730185121405,-9.806054037371906,0.9999999996021193,-3.762441069745464e-05,-1.2347577998608362e-05,3.7624817988995e-05,0.9999999915207723,0.00012156647825696556,1.2343482143877652e-05,-0.00012156667499504352,0.9999999932497222
20:43:08:202,0.42287013812832724,-1.0336788321791905,-9.797718086522057,0.9999999944786269,5.696078363805609e-05,6.35843103385351e-05,-5.696214212629226e-05,0.9999999955717827,5.413165149140918e-05,-6.358213434964366e-05,-5.413503515394242e-05,0.9999999938614569
20:43:08:236,0.4294010206019124,-1.028649510639077,-9.844741536717084,0.9999999782768448,7.470893988676358e-05,0.00019090067567207027,-7.469931226226104e-05,0.9999999939611595,-5.675667370845151e-05,-0.000190906926361428,5.674176103552403e-05,0.9999999810588762
20:43:08:269,0.4318112343769131,-1.018750810006615,-9.843980260210452,0.9999999828132425,4.441986339959709e-05,0.00017987536863747864,-4.440254762367726e-05,0.9999999945825399,-9.342528524665259e-05,-0.00017987919534151345,9.341729656274927e-05,0.9999999792974215
20:43:08:302,0.43178299305500895,-1.0212391139849275,-9.821603828871734,0.9999999818271552,2.7885872015188968e-05,0.0001632984077651134,-2.7868595247890422e-05,0.9999999928647507,-0.00010004553928071157,-0.0001633017853842905,0.00010003764655023995,0.999999978778482
20:43:08:336,0.4222242912445121,-1.0172730595420272,-9.802829296819803,0.9999999767516892,8.224284183533717e-05,0.00015561979216051163,-8.222928611001711e-05,0.999999991737519,-7.58668867892116e-05,-0.0001556278548954417,7.584657398623486e-05,0.9999999789268632
20:43:08:369,0.4151925262286209,-1.0092090954851825,-9.788872412958519,0.9999999991826674,1.792527824144427e-05,4.292927773413787e-05,-1.7925681437096866e-05,0.9999999992945021,1.2566672940597045e-05,-4.2927594138624134e-05,-1.2565716443872343e-05,0.9999999992599434
20:43:08:402,0.42313661588961865,-1.0205191425594498,-9.792487983831938,0.9999999971432948,1.7172397795155585e-05,-1.3239377028162125e-05,-1.7171529364998344e-05,0.9999999961728788,5.037668774669172e-05,1.3241777751806396e-05,-5.0377508566642875e-05,0.9999999976908891
20:43:08:436,0.41611066150488746,-1.028937582707041,-9.812822731136439,0.9999999988568147,1.0529948414270694e-05,3.1924462962273764e-05,-1.0532336267083613e-05,0.9999999976792128,5.605392736380589e-05,-3.192401693367634e-05,-5.6055381353118176e-05,0.9999999976356833
20:43:08:469,0.4207714951146849,-1.017616427955749,-9.835976062754792,0.9999999981125273,-8.525273784026292e-06,5.2944518893600864e-05,8.523287505522712e-06,0.9999999971693937,6.34487400839539e-05,-5.29443256934402e-05,-6.344814385583044e-05,0.9999999952709527
20:43:08:502,0.42091056067370775,-1.0250486144392128,-9.819729606017496,0.9999999952542286,2.198558944942404e-05,9.069928385097355e-05,-2.1982954833756865e-05,0.9999999991812213,-3.646333960809455e-05,-9.070066722993884e-05,3.646075569077095e-05,0.9999999956844502
20:43:08:536,0.4300243828352384,-1.0309106693765655,-9.823677219980937,0.9999999930115276,2.327578198151221e-05,0.00010711048480823462,-2.3269401371735856e-05,0.9999999969451495,-5.885596981393547e-05,-0.00010711198925519295,5.885453429042254e-05,0.9999999919842886
20:43:08:569,0.43398140963422444,-1.0183802421405472,-9.805641205463731,0.9999999910536091,-1.7954073724727455e-05,0.00011606632475376848,1.796039933521887e-05,0.999999997834742,-5.3059311383949354e-05,-0.00011606556281605321,5.30630149878426e-05,0.9999999906260044
20:43:08:602,0.4304988124007568,-1.021037450768567,-9.80425903278347,0.9999999967229836,7.536101881529115e-05,4.550460694864005e-05,-7.53597602501387e-05,0.999999996979498,-3.501338789555352e-05,-4.55071719935358e-05,3.500844472808247e-05,0.9999999981923895
20:43:08:636,0.4168128579128635,-1.0263764940840363,-9.813924733317895,0.9999999966518686,5.168754038309442e-05,5.7389097176149494e-05,-5.168905337431144e-05,0.9999999979199887,3.334984711448174e-05,-5.7387729986302015e-05,-3.33531673686367e-05,0.9999999978019891
20:43:08:669,0.42612225882418947,-1.0270715524048635,-9.818255926200273,0.9999999984872083,4.263381338692932e-06,4.837273351837269e-05,-4.264183601558632e-06,0.9999999990224185,3.083659804001513e-05,-4.837203781955906e-05,-3.0835864707201545e-05,0.9999999971553358
20:43:08:702,0.4371006026912696,-1.021259339686412,-9.820647611781137,0.9999999916488922,3.076148981989723e-05,0.00011404307534082369,-3.075784853298823e-05,0.9999999970817143,-4.2818873785291276e-05,-0.0001140457345434368,4.281658272054983e-05,0.9999999921644295
20:43:08:736,0.43653231040745005,-1.0256078267417155,-9.824485655440538,0.9999999917577663,3.932511952214159e-05,0.00010127849498193623,-3.932003344331682e-05,0.9999999951504253,-5.217274248018888e-05,-0.00010128334928243547,5.216789576053229e-05,0.9999999927701982
20:43:08:769,0.42910275317010765,-1.0195322557047228,-9.808683140898717,0.9999999972802839,-2.3490960158437716e-05,6.478061656371088e-05,2.3490872631349454e-05,0.9999999975861411,-3.1877015600033616e-06,-6.477677334528748e-05,3.189665699218542e-06,0.9999999962216214
20:43:08:802,0.4240225940145426,-1.0259907099629473,-9.806352558082857,0.9999999953509219,4.749664492398917e-05,8.088233367553626e-05,-4.750017549110449e-05,0.9999999948608225,5.393987912676509e-05,-8.087824644769804e-05,-5.394312205572773e-05,0.9999999933082417
20:43:08:836,0.43397233214751885,-1.0288285123522323,-9.798406603916622,0.9999999980330254,-2.4803792557372022e-05,4.702509902656628e-05,2.480415863620714e-05,0.9999999999679575,-1.9270177613885964e-05,-4.702509017567031e-05,1.9270556003804487e-05,0.9999999988386422
20:43:08:869,0.43599915513291493,-1.0152414580943032,-9.814967443339464,0.9999999959893252,-4.476846682095509e-05,3.13071647551458e-05,4.476929935169762e-05,0.9999999977110064,-3.2952340209889034e-05,-3.130544735500634e-05,3.295218689258601e-05,0.9999999967462534
20:43:08:902,0.4179551289030942,-1.0140633034321822,-9.832284902553894,0.9999999903616179,-1.3321833227283919e-05,0.0001291514607727847,1.3326824267118186e-05,0.9999999986068875,-3.4665594309900433e-05,-0.00012915153738631005,3.466594575891794e-05,0.9999999906276149
20:43:08:936,0.4215747544106511,-1.0297213857851504,-9.834941119444585,0.9999999955199933,-2.7979893560408318e-05,8.215151312165517e-05,2.7989033983491757e-05,0.9999999947709426,-9.374182362561206e-05,-8.214914081630927e-05,9.374391338254406e-05,0.9999999908558591
20:43:08:969,0.4266328153137267,-1.0286674911158877,-9.819073659035634,0.9999999912710145,1.4493289482009855e-06,0.0001290380235310649,-1.4305201607252707e-06,0.999999989009859,-0.00014843147303784273,-0.00012903810456072376,0.0001484307979646712,0.9999999807741523
20:43:09:002,0.437901261356387,-1.0390657901218459,-9.81357021443417,0.9999999807845946,4.492188165661782e-05,0.00018533153767195723,-4.489968457336438e-05,0.999999991065488,-0.0001198453406314328,-0.0001853371901701034,0.00011983624741373006,0.9999999748652668
20:43:09:036,0.4307169856119408,-1.040413387201619,-9.798185657448421,0.9999999818270724,3.413643339431272e-05,0.00017684026205362126,-3.41258966059355e-05,0.9999999964451723,-5.949207341682931e-05,-0.00017684166025475266,5.948471949662738e-05,0.9999999819978203
20:43:09:069,0.4311670689951123,-1.0191334463496948,-9.812463189929465,0.9999999938944092,3.1352817221991224e-05,0.00010751416777425609,-3.134921779469527e-05,0.9999999989516465,-3.1356044400934355e-05,-0.00010751536365128332,3.1352417898902285e-05,0.9999999938014098
20:43:09:102,0.4345775049612019,-1.0351033385973731,-9.807047337192211,0.9999999936311861,-1.012759471823093e-05,0.0001016028147691929,1.0129153077587238e-05,0.9999999989970698,-9.255748163753935e-06,-0.00010160370760568841,9.25578625867874e-06,0.9999999936655353
20:43:09:136,0.441235159144709,-1.0378623892473413,-9.805027253258501,0.9999999939495876,9.046808015299975e-07,9.990377530151995e-05,-9.055880770785164e-07,0.999999999283395,1.385489082896659e-06,-9.990400947053614e-05,-1.3841657958996385e-06,0.999999994890508
20:43:09:169,0.4465662368062341,-1.0281883060411885,-9.808750055553475,0.9999999971863,3.358436679694203e-05,6.232730617849216e-05,-3.358551996945495e-05,0.9999999983187111,2.3979963505087684e-05,-6.232738311810781e-05,-2.398312299832905e-05,0.9999999972768788
20:43:09:202,0.45540904214527217,-1.0251525514290465,-9.810070786656652,0.9999999975592065,9.21856854149952e-06,4.06037816499205e-05,-9.221029293742982e-06,0.9999999962117131,4.789373931838644e-05,-4.060460987615377e-05,-4.7893960417578105e-05,0.9999999970956978
20:43:09:236,0.4361193799588412,-1.0242783583999329,-9.833508880570914,0.9999999937358668,8.245647607797552e-05,6.28374259908862e-05,-8.245625581999359e-05,0.9999999963927418,-1.494308424033234e-05,-6.283791239586509e-05,1.4939507795845458e-05,0.9999999972889975
20:43:09:269,0.43446143726650216,-1.0337388737378908,-9.832662831593309,0.9999999923511208,1.2592007052386021e-05,0.00012800889850069692,-1.259233001253676e-05,0.9999999995374779,1.9238768279614483e-06,-0.0001280092672369844,-1.926330825682394e-06,0.9999999914408557
20:43:09:302,0.4385441226109176,-1.0364916340436776,-9.811577144926792,0.9999999944007053,3.4682781723813744e-05,9.738940171406307e-05,-3.467883641942207e-05,0.9999999985458223,-3.892017066622736e-05,-9.739056616417257e-05,3.891702133107865e-05,0.9999999942337566
20:43:09:336,0.4297555690478367,-1.0349051207013584,-9.815219305808988,0.9999999946777126,3.525801746869748e-05,9.356372521845713e-05,-3.525308800423989e-05,0.9999999977232112,-4.464112338670563e-05,-9.356560064410805e-05,4.463774619146307e-05,0.9999999938664758
20:43:09:369,0.4353882482217118,-1.0367396189224163,-9.819605951858396,0.9999999893541821,5.649330470431783e-05,0.00013330173017532068,-5.6482526913328344e-05,0.9999999951321292,-8.067355438779571e-05,-0.00013330604875483047,8.0666376848364e-05,0.9999999872445801
20:43:09:402,0.4398379212741594,-1.0216194989221052,-9.810819596054435,0.9999999878810397,1.5745776149738876e-05,0.0001497615511562638,-1.5739225601161582e-05,0.9999999983801399,-3.9435064842529076e-05,-0.00014976136279951194,3.9433187740167366e-05,0.9999999877002697
20:43:09:436,0.4355729801269162,-1.0198173023641548,-9.810182128675809,0.9999999940324547,-2.0982037633758875e-05,8.74840945200987e-05,2.098697363391083e-05,0.9999999987915084,-3.629217070436137e-05,-8.748305711433213e-05,3.6295657381447486e-05,0.9999999934033144
20:43:09:469,0.44130040936589326,-1.0223470663213063,-9.816921587701142,0.9999999994664048,2.4865659121917263e-05,1.8146443728104904e-05,-2.486664971421641e-05,0.9999999990919926,2.8738660437975564e-05,-1.814562081073824e-05,-2.8739449944258962e-05,0.9999999992872861
20:43:09:502,0.4372078743524516,-1.0336875704793227,-9.799802783315874,0.9999999971342514,2.3048884911429937e-05,3.6596518071528683e-05,-2.3049929164732008e-05,0.9999999978638479,4.021013256443619e-05,-3.65945444245805e-05,-4.021044219601757e-05,0.9999999967105535
20:43:09:536,0.4350057174557183,-1.0458116546396143,-9.806482720486025,0.9999999999566954,4.790110142714172e-06,-2.184524743580467e-05,-4.788989514597451e-06,1.0000000001934093,9.128534383351064e-07,2.184512001459931e-05,-9.121088981766989e-07,0.999999999596142
20:43:09:569,0.43198674042859697,-1.0476398403730056,-9.828640683346448,0.9999999932638005,1.6133146468732487e-05,0.00010284768966320161,-1.6129872344064044e-05,0.9999999981279718,-3.691101466040533e-05,-0.00010284751483427222,3.690874749486592e-05,0.9999999936302952
20:43:09:602,0.43521630688923885,-1.0346361770184875,-9.81416679004722,0.9999999878300309,4.847548244378778e-05,0.0001316668219499246,-4.847233378924094e-05,0.9999999961269932,-1.0738460132057317e-05,-0.0001316652985518817,1.0732808788133395e-05,0.9999999897175946
20:43:09:636,0.4369219833508384,-1.0356438552902674,-9.816742958031346,0.99999999770802,4.119298981283596e-05,4.324167380627702e-05,-4.119283329133567e-05,0.9999999975934858,3.156069654522849e-06,-4.324042349416139e-05,-3.1565645137891517e-06,0.9999999982203607
20:43:09:669,0.4377617746538293,-1.0351100912510127,-9.805913140769608,0.9999999974198536,4.683901008164047e-05,3.0198823907179733e-05,-4.683787337636004e-05,0.9999999982209871,-2.669724726940104e-05,-3.0200016788086995e-05,2.6696753747811745e-05,0.999999999043863
20:43:09:702,0.4281139388234755,-1.0183760087933047,-9.800513569343547,0.9999999973847367,5.136007338167941e-06,6.19878825476915e-05,-5.13609091132785e-06,0.999999999043705,8.789345798130658e-06,-6.198724178697049e-05,-8.790484861425687e-06,0.9999999975000912
20:43:09:736,0.4328709561659185,-1.0297120577998191,-9.801164707641885,0.9999999971112866,4.436046090472813e-05,3.311861826790854e-05,-4.436189700840918e-05,0.9999999973800725,3.968618139094944e-05,-3.311810720421628e-05,-3.9690061363562324e-05,0.9999999979487653
20:43:09:769,0.43990491137233423,-1.042754282090735,-9.806970692658012,0.9999999974694167,-1.4446075494515402e-05,3.442088684313941e-05,1.4446638261249578e-05,0.9999999983622977,-1.7850792884434824e-06,-3.442059596429893e-05,1.7867520506955895e-06,0.9999999983595618
20:43:09:802,0.4476638257030613,-1.0458879349891348,-9.822497373965792,0.9999999931750303,-2.3864167918391195e-05,8.618621502406164e-05,2.386109441342077e-05,0.9999999962309817,3.423756499194391e-05,-8.618408710921716e-05,-3.423543992329918e-05,0.9999999960468173
20:43:09:836,0.43502791504309174,-1.0321839341387125,-9.816217873250077,0.9999999956022052,1.1057387767336957e-05,8.732559883214485e-05,-1.105446211830995e-05,0.9999999974875556,1.3354217704228839e-06,-8.732473129069139e-05,-1.3358765185583416e-06,0.9999999921855531
20:43:09:869,0.4482601537827464,-1.0277537898826874,-9.801724233058032,0.9999999898104459,-2.2007409425081135e-06,0.0001375959584705371,2.2118531226400748e-06,0.999999996075879,-8.362230314947825e-05,-0.00013759408637213793,8.362345678191902e-05,0.9999999873495303
20:43:09:902,0.43584171389499593,-1.043529745705512,-9.749693858275407,0.9999999964051154,5.12330316951285e-05,6.293609861087581e-05,-5.1241898403147306e-05,0.9999999918436147,0.0001208098347129237,-6.293235692220915e-05,-0.00012081324112277997,0.9999999908666778
20:43:09:936,0.44561254804725875,-1.0465209774264115,-9.737051514977471,0.9999999986082696,4.1946168374439684e-05,-2.3601397078515017e-05,-4.1936748180332724e-05,0.9999999474281265,0.0003182318055957861,2.361634059693888e-05,-0.0003182297345345946,0.9999999479567183
20:43:09:969,0.4389448458918747,-1.0522709489938733,-9.777618712282806,0.9999999811257778,4.846906954503063e-05,-0.0001768813808706467,-4.8389276349193644e-05,0.9999999001309657,0.0004384881714561794,0.0001769017823679919,-0.00043848100095980266,0.9999998835947131
20:43:10:002,0.43222036488379617,-0.9983225553897304,-9.800688706989861,0.9999999542640755,-1.1988596716997278e-06,-0.0003022453107951732,1.3387463998521887e-06,0.9999998901162906,0.0004729003016596201,0.00030224639291335874,-0.00047290026737335187,0.9999998448294408
20:43:10:036,0.4432162530501879,-0.974077076027428,-9.899345492878872,0.9999999651205729,-1.849492555433958e-05,-0.00025991907093866006,1.85914702440814e-05,0.999999931855904,0.0003475774032423831,0.00025991017331583843,-0.00034758348905088334,0.9999998974106966
20:43:10:069,0.43034075645675746,-0.9469516304047593,-9.964791027072382,0.9999999933349151,-1.7713454532156492e-05,-0.0001003823891354502,1.771728985930954e-05,1.0000000026466958,7.527242392042107e-05,0.00010038244007459986,-7.527372118838737e-05,0.9999999974918246
20:43:10:102,0.39447329261259456,-0.9472816733853937,-9.934846054316138,0.9999999855412884,-3.581664108781126e-05,0.0001065941901772671,3.585702436780162e-05,0.9999999620988264,-0.00021577764269493533,-0.00010659349401540015,0.00021577474107508797,0.9999999510615043
20:43:10:136,0.40709178139660934,-0.9798625209052007,-9.851806264912161,0.9999999731126209,-2.1918017827202245e-05,0.00023554751286059903,2.201462078235235e-05,0.9999999117213401,-0.0004226816483009509,-0.0002355387713502361,0.00042268692649427553,0.9999998848979458
20:43:10:169,0.42659044462004375,-1.0373671633888597,-9.79218521271582,0.9999999829124762,-8.334040592499512e-06,0.00017630382899043234,8.37717748856901e-06,0.9999999668257903,-0.0002565226820862435,-0.0001763008900401055,0.00025652435650262793,0.999999952885155
20:43:10:202,0.41258848579429447,-1.0562907881225494,-9.724969388433031,0.9999999891377216,6.808089465312669e-05,0.00011782471053258527,-6.805365105424797e-05,0.9999999775260403,-0.00018765783990728384,-0.00011784008184359573,0.00018764744923574812,0.999999970876827
20:43:10:236,0.42350271884576035,-1.0591727063638878,-9.773421249021688,0.9999999993648382,6.530804107423799e-07,4.970277899253819e-05,-6.561283609059489e-07,1.0000000015283104,-7.474016900422318e-06,-4.970080797982637e-05,7.475207490479166e-06,1.000000000432414
20:43:10:269,0.4212616269449649,-1.052963470779102,-9.745137906415696,0.9999999927991622,4.172272673942418e-06,0.00011689595397464944,-4.175723256965487e-06,0.9999999980426931,3.345407842078545e-05,-0.00011689675969888369,-3.3454965479382154e-05,0.9999999911420029
20:43:10:302,0.4223292870845974,-1.0555347080199466,-9.794999731652776,0.9999999922062723,6.3287291007594e-06,0.00012347042603196755,-6.333992895372491e-06,0.9999999996581991,4.0768203748987585e-05,-0.0001234689373650686,-4.076849930698514e-05,0.9999999915937239
20:43:10:336,0.42006649105827726,-1.004219550271754,-9.814919806780477,0.9999999937561591,4.6909739099088004e-05,9.606491261976739e-05,-4.691079228648956e-05,0.9999999954764334,9.61015675201147e-06,-9.606786984146897e-05,-9.615995123314743e-06,0.9999999918167949
20:43:10:369,0.4093729932009172,-1.0000382691737384,-9.832016701570613,0.999999984671776,5.538635836271061e-05,0.00015018096011956003,-5.5369297016017654e-05,0.9999999904067756,-0.00011188092574270621,-0.00015018587743304365,0.00011187437667948806,0.9999999819038901
20:43:10:402,0.4113343256317556,-1.0109135719458509,-9.841657719031561,0.9999999764198643,-3.0420894557195236e-05,0.0002107023844401173,3.0443840750045978e-05,0.999999991596647,-9.147660252247773e-05,-0.00021069591404016243,9.148333950590805e-05,0.9999999689658725
20:43:10:436,0.42568666733207833,-1.0023093145861715,-9.81710223897915,0.9999999687170489,-2.3361657316211056e-05,0.00025331171591764747,2.338644586125972e-05,0.9999999937638083,-0.00010201377757331783,-0.0002533100147717164,0.00010201964507879215,0.9999999646608058
20:43:10:469,0.4235984974205289,-1.01746687890388,-9.830713121073453,0.9999999772213786,-6.47343212424358e-05,0.00016910235989575946,6.474560567828353e-05,0.9999999956286022,-5.7733355577676235e-05,-0.00016909780145320287,5.7748119633128135e-05,0.9999999787405068
20:43:10:502,0.4343644364162597,-1.0107493296009777,-9.808994115844435,0.9999999942572434,-5.277842392224506e-06,4.4151371532666636e-05,5.278569609476079e-06,0.9999999986273439,-4.40137032993894e-06,-4.4150371525096585e-05,4.4031286753305895e-06,0.9999999938393433
20:43:10:536,0.4322289824142212,-1.030252240643096,-9.789695747036268,0.9999999964131352,1.5161732271717517e-05,0.00011021691131395308,-1.5172573885182624e-05,0.9999999954353572,0.00010018039961303597,-0.00011021576254344313,-0.00010018178611473376,0.999999992037313
20:43:10:569,0.4135205206248593,-1.0229918912063873,-9.780553502324686,0.9999999958779718,-8.88112730886018e-06,-2.9596660600988394e-05,8.888277392165802e-06,0.9999999843344819,0.00017084814749006842,2.959538943904754e-05,-0.00017084847770952802,0.9999999801572624
20:43:10:602,0.4332436625247514,-1.0196538843506773,-9.801850646596415,0.9999999896323012,7.906192626751222e-06,-0.00013030342759747028,-7.876952685993994e-06,0.999999977966384,0.0002100495077228081,0.0001303034610369847,-0.00021005065033139,0.9999999680365583
20:43:10:636,0.4387547274113602,-1.0011836360391386,-9.840345842835964,1.0000000008965564,2.2476344664100543e-05,4.864866396123417e-06,-2.2477713370405308e-05,0.9999999910276129,8.791197641128207e-05,-4.859542406530668e-06,-8.791093670313233e-05,0.9999999934118663
20:43:10:669,0.42866601196112747,-1.0148879561113764,-9.87750329466394,0.9999999943028887,-1.861968291297325e-05,7.821166513416317e-05,1.863204475382782e-05,0.9999999929978998,-0.00012794975762306338,-7.821005413725217e-05,0.000127949983300577,0.9999999880838873
20:43:10:702,0.4287063147294879,-1.0207632268321836,-9.852438282041263,0.999999979850863,5.2789143840625296e-05,0.00019500626953998225,-5.273655622577498e-05,0.9999999595712111,-0.00027238514404369206,-0.00019501971905668962,0.00027237677708133934,0.9999999428739483
20:43:10:736,0.42399568947427246,-1.0230927324546901,-9.802989528654216,0.9999999792711487,7.679335362016357e-05,0.0001855858261533426,-7.673448518545364e-05,0.9999999482981803,-0.00031031273696609094,-0.0001856109087145295,0.00031029772017661167,0.9999999338899612
20:43:10:769,0.4130381854760721,-1.0342594932415299,-9.766887069886824,0.9999999838069241,2.86176706529394e-05,0.00018073929342493598,-2.8590261294974026e-05,0.9999999864482028,-0.00015969106689054887,-0.00018074302394333495,0.00015968609131560466,0.9999999707572956
20:43:10:802,0.432706910462463,-1.0386385784496839,-9.756665005923159,0.9999999886445243,2.9274616159908e-05,0.00014121313231470865,-2.927038270021638e-05,0.9999999966868843,-1.2792584167655345e-05,-0.00014121312771957472,1.2788671238062527e-05,0.9999999864368312
20:43:10:836,0.4390649014120891,-1.0230496378300207,-9.787220343291887,0.9999999999167278,3.071556938553885e-05,2.2419356979404973e-05,-3.0718999289719474e-05,0.9999999965027425,9.062451343292903e-05,-2.241636291995932e-05,-9.062521758706916e-05,0.9999999971200464
20:43:10:869,0.42931866692717685,-1.0097296942101408,-9.825919251453202,0.9999999976574744,4.540715509673619e-05,1.6442536882297139e-06,-4.5406043091687816e-05,0.9999999958081698,6.156454210536428e-05,-1.6422325426631296e-06,-6.156482505460899e-05,0.9999999964419181
20:43:10:902,0.43608491727928306,-1.0125889794760972,-9.844355763255283,0.9999999966596741,7.332514288560987e-05,4.741934772082248e-05,-7.332499216231012e-05,0.9999999970428926,-1.4246341925373874e-05,-4.7419801235896716e-05,1.4243092767290578e-05,1.000000000014641
20:43:10:936,0.43483237618060133,-1.0275380505115634,-9.845598202373942,0.9999999882309426,3.982215586600275e-05,0.00013394730809012346,-3.9817860041103515e-05,0.9999999985851493,-2.7671317357716434e-05,-0.00013394844800116318,2.7665940404907053e-05,0.9999999885034221
20:43:10:969,0.43080142798842197,-1.0429442865821505,-9.813860745859781,0.9999999709343494,2.4903223920529768e-05,0.00024128784162886653,-2.488133118255222e-05,0.999999994517603,-0.00010298760509581577,-0.0002412890802078101,0.00010298132356185643,0.9999999659655024
20:43:11:002,0.4588769807351867,-1.0340317734175262,-9.788772413571222,0.9999999809181452,-1.0315556879716558e-05,0.00018981943330515468,1.0337431578648532e-05,0.9999999915166582,-9.223315160813086e-05,-0.00018982054885062139,9.223484516524538e-05,0.9999999733081858
20:43:11:036,0.4428324723919842,-1.0198467622020349,-9.79263760848729,0.9999999953454858,-5.016483794289358e-05,8.356500150365537e-05,5.015726341868742e-05,0.999999998213932,5.507376376436415e-05,-8.35659191932546e-05,-5.5068940596854136e-05,0.9999999959716889
20:43:11:069,0.431820724980977,-1.0215105854070383,-9.808207660410746,0.9999999986309306,-4.547304349834356e-06,-3.8014063460249946e-05,4.54979195510227e-06,0.999999996927359,1.609968219609332e-05,3.801530758770657e-05,-1.6099757207432423e-05,0.9999999966901867
20:43:11:102,0.44667559403428614,-1.0153939975472226,-9.832590698167657,0.9999999962261897,2.5349229497283577e-05,-5.6836348647415194e-05,-2.5347401653513708e-05,0.999999998841446,5.0273219614328775e-05,5.6837164015583644e-05,-5.027111858402101e-05,0.9999999965621328
20:43:11:136,0.44441674222256033,-1.0309406946871573,-9.840988061863142,0.9999999994675448,1.69791242469428e-05,5.534277908515679e-05,-1.697899138386745e-05,0.9999999984570671,-2.2988290312017047e-06,-5.534317685331519e-05,2.297390151322165e-06,0.9999999982227588
20:43:11:169,0.42327463959928574,-1.046414083718691,-9.841819775806085,0.9999999936054872,2.710843505907608e-05,9.807385313319222e-05,-2.7097325162893225e-05,0.99999999388862,-0.00010550749816464073,-9.807695370388842e-05,0.00010550475813670305,0.9999999884429641
20:43:11:202,0.4207148680952144,-1.030398923566779,-9.831489813166554,0.9999999735697319,5.9430295346761315e-05,0.00021635778727527454,-5.94023442108563e-05,0.9999999890519414,-0.0001329806170671856,-0.00021636476997110638,0.00013296630995912958,0.9999999669813989
20:43:11:236,0.4319730031928131,-1.0349455253907869,-9.799430387756798,0.9999999645266286,7.375873421653098e-05,0.0002554236722386403,-7.373143572122359e-05,0.9999999900063213,-0.00010488795857809407,-0.0002554337803716941,0.00010486816434559013,0.9999999612653161
20:43:11:269,0.45346208456514336,-1.0344665158410478,-9.760128637300184,0.9999999900609934,1.8866741437319464e-05,0.00012188580262587055,-1.8864719953740523e-05,0.9999999963812305,1.2720578182868108e-05,-0.00012188675603286948,-1.2722726624868035e-05,0.9999999878050182
20:43:11:302,0.44512614278746837,-1.0210226639971105,-9.78144485170329,0.9999999970727015,6.681834895086595e-05,-3.3243704576354854e-05,-6.681509671277372e-05,0.9999999936735691,9.291546852214177e-05,3.324842297792553e-05,-9.291506498866307e-05,0.9999999950185009
20:43:11:336,0.43792116481391213,-1.0288271735286105,-9.814804457762145,0.999999996820633,3.475232307927396e-05,-6.94593412134035e-05,-3.474755592705379e-05,0.9999999954523413,7.169148517032613e-05,6.94635839216315e-05,-7.168713940030205e-05,0.9999999957972604
20:43:11:369,0.430235181094275,-1.0170047362779693,-9.850137723759346,0.9999999954358284,-2.517620926612088e-05,4.042835777250734e-05,2.517751628638527e-05,0.9999999990259519,8.375620461453842e-06,-4.043032476788839e-05,-8.37848860595129e-06,0.9999999958790841
20:43:11:402,0.4296100948291643,-1.027418327336036,-9.843060120489776,0.9999999834588669,3.3397004926949594e-05,0.00017644569516877168,-3.3392323173719754e-05,0.9999999981121471,-2.4605628096627442e-05,-0.00017644694492279374,2.459966342397774e-05,0.9999999844672374
20:43:11:436,0.43449950158544953,-1.0358639167585764,-9.821121072644333,0.9999999889274366,5.868177157967787e-06,0.00015069412941313374,-5.865435008147608e-06,0.9999999993519337,-1.616222563206376e-05,-0.0001506949669201198,1.6160802048547207e-05,0.9999999880702415
20:43:11:469,0.4369100562955164,-1.0313111028557622,-9.795817060881674,0.999999993753953,8.645711503571251e-06,8.969482170358957e-05,-8.645419518730374e-06,0.9999999973230411,1.170152840943003e-05,-8.969517862404585e-05,-1.1702394982139675e-05,0.9999999926338785
20:43:11:502,0.4331592021138738,-1.0405471044587604,-9.778188026690989,0.999999997928557,4.9740464971574225e-05,-5.589078633650164e-06,-4.974156704611573e-05,0.9999999962310804,6.686661970236057e-05,5.592935589281868e-06,-6.686822476852058e-05,0.9999999971372551
20:43:11:536,0.44416173481512816,-1.0218835806409279,-9.794638888142991,0.9999999984470397,2.3334750306451884e-05,-5.508906584793205e-05,-2.333034618895869e-05,0.9999999958970868,8.941375373235739e-05,5.5091297896007665e-05,-8.941224096863521e-05,0.9999999949490466
20:43:11:569,0.4418122968666471,-1.029796837836234,-9.830583338745521,0.999999996602716,-1.0897069645745569e-05,-4.506234821932175e-05,1.0900704964401171e-05,0.9999999979276006,3.6042169179343486e-05,4.506203138033662e-05,-3.6043471893926496e-05,0.999999995953697
20:43:11:602,0.433120245763941,-1.0176470379615998,-9.836236421440105,0.9999999958439115,-1.3037688917823759e-05,6.966158257605831e-05,1.30407092289204e-05,0.9999999980352688,-5.03770921397433e-05,-6.966168356463367e-05,5.037544940955018e-05,0.9999999961453107
20:43:11:636,0.4319776039259653,-1.0373998424355024,-9.841987239931697,0.9999999907216418,6.1216838142194545e-06,0.000134213419848273,-6.103789073758358e-06,0.9999999915857497,-0.00012368282320186262,-0.000134214063291704,0.00012368236292752737,0.9999999820211191
20:43:11:669,0.4296974932690459,-1.0404684377226485,-9.811505436940838,0.9999999834125507,9.3556841077174e-06,0.00018107243187538358,-9.323471188063353e-06,0.9999999843710266,-0.0001784932983171304,-0.00018107452755021907,0.00017849137200294147,0.9999999680751648
20:43:11:702,0.4248758160451932,-1.0192960463743694,-9.797107639384812,0.9999999836419166,1.1627445690594776e-05,0.00018491867428464635,-1.1610267248973215e-05,0.9999999942222797,-9.649642941625567e-05,-0.00018491945666912086,9.649476679349464e-05,0.9999999779839682
20:43:11:736,0.43871376142268215,-1.0141784684078488,-9.790079166024203,0.9999999876205665,3.5029483892319427e-06,0.00013789710340395814,-3.4984741344227377e-06,0.999999999767408,-3.0494532774794642e-05,-0.00013789747181554974,3.0492375364515765e-05,0.9999999877490737
20:43:11:769,0.4514017960744519,-1.0281971949304942,-9.820500676810658,0.9999999970547604,-2.7226527028753155e-05,4.4426870049818776e-05,2.722844905803079e-05,0.9999999976856395,-2.6199999147034786e-05,-4.44251555002781e-05,2.620106930598005e-05,0.9999999964179119
20:43:11:802,0.4430312002526096,-1.0360280313117527,-9.792443181806348,0.9999999970409803,-1.8657401980152504e-05,7.182451285570881e-05,1.865500200311922e-05,0.9999999982775971,2.4644481033332287e-05,-7.182322445381134e-05,-2.4644131577780345e-05,0.9999999958314235
20:43:11:836,0.43992896025396655,-1.0478232477504712,-9.798936107647338,0.9999999970915915,2.0237383951057427e-05,3.235636441858559e-05,-2.0237648562723112e-05,0.9999999970155589,2.9589289284763916e-05,-3.2356019806406406e-05,-2.958972137497567e-05,0.9999999987796215
20:43:11:869,0.4331240678932666,-1.0279065125341265,-9.808283738516659,0.9999999911724902,0.0001307919418661978,1.6771663928211456e-05,-0.00013079089067042756,0.9999999913494222,2.9916485542256367e-05,-1.676711098952526e-05,-2.99178576799986e-05,0.9999999973923855
20:43:11:902,0.44006635572424024,-1.0250160883440531,-9.791809890009898,0.9999999979591908,4.486893772836205e-05,-1.8637151372606867e-05,-4.48686648030624e-05,0.9999999971622578,2.7593957521700246e-05,1.8639365439512753e-05,-2.7591379549914763e-05,0.9999999991657934
20:43:11:936,0.4505766361439383,-1.0309002113855203,-9.815792938056411,0.9999999980247476,-2.092573176897609e-06,3.858308621485752e-05,2.0927825059132185e-06,0.9999999996806952,-2.515500008723428e-05,-3.858338458431579e-05,2.515305457691714e-05,0.999999998910754
20:43:11:969,0.4442241238821459,-1.0294399138292443,-9.825598497016836,0.9999999912924954,4.746176264747667e-05,0.00011067891545446449,-4.745363419460677e-05,0.9999999941431216,-7.635454535522423e-05,-0.00011068143017430452,7.63491819806323e-05,0.9999999887310971
20:43:12:002,0.4496029320431718,-1.0248195268506175,-9.82427971032026,0.9999999921484504,7.743920917789406e-06,0.00012324028474476815,-7.73003346847618e-06,0.9999999920122038,-0.00011142455868549363,-0.0001232429653048508,0.00011142379687147029,0.9999999848483941
20:43:12:036,0.450883274127994,-1.019854035116809,-9.799783387146931,0.9999999964850403,1.931293218412528e-05,7.602487871845511e-05,-1.93122395220927e-05,1.0000000004633454,-1.3904708386263005e-05,-7.602496714342233e-05,1.3903083464734934e-05,0.9999999972902659
20:43:12:069,0.44488169080754664,-1.0269630125300648,-9.787002659097613,0.999999997374134,2.72011189399641e-05,-7.403810141751076e-06,-2.7198806440997154e-05,0.999999998890483,1.2857792794921844e-05,7.403839014818039e-06,-1.2858439420535194e-05,0.9999999972323874
20:43:12:102,0.44426166959118674,-1.0329570636782386,-9.798907430300098,0.9999999970058612,2.1963683254113426e-05,-9.270666055557461e-06,-2.1963324801302424e-05,0.9999999985770331,4.1028449108625046e-05,9.27127512261435e-06,-4.1027847488211165e-05,0.9999999960483102
20:43:12:136,0.4476570942808629,-1.0315273122991198,-9.794245228088585,0.9999999935423114,3.9015482138196024e-05,0.00010871429894679442,-3.9020097245837064e-05,0.9999999976327277,3.7587574412281626e-05,-0.00010871377367395567,-3.759174294057636e-05,0.9999999937001076
20:43:12:169,0.43164337439263867,-1.0385349739943155,-9.81538525484394,0.9999999932440069,4.6142559361162416e-05,6.75481641176766e-05,-4.614181693489929e-05,0.9999999970191654,-1.848593389640233e-06,-6.754793790699742e-05,1.843260016579195e-06,0.999999997306013
20:43:12:202,0.43412079030015877,-1.032325765170071,-9.814206973415665,0.9999999959676648,-3.3738013479634944e-05,8.567462912968314e-05,3.374390749113581e-05,0.9999999964767651,-7.002076097588776e-05,-8.567388606407012e-05,7.00231773690847e-05,0.9999999933637064
20:43:12:236,0.4432753813296075,-1.0201806714625672,-9.813962740047458,0.9999999948520644,3.0007407645977726e-05,8.830881884051371e-05,-2.999913064981451e-05,0.9999999927076969,-9.510092385122144e-05,-8.830900414106645e-05,9.509797209429991e-05,0.9999999897813613
20:43:12:269,0.4502662966729349,-1.0321971547349311,-9.821392771751416,0.9999999928802517,7.242661967097256e-05,0.00010203511305198202,-7.242622889550273e-05,0.9999999980070888,-7.046841911659719e-06,-0.0001020353177187671,7.040454420494375e-06,0.9999999950003182
20:43:12:302,0.4404561437961296,-1.041828402868058,-9.808392032078286,0.9999999947001794,-3.9086635525367885e-05,7.721108746556011e-05,3.9090835648893344e-05,0.9999999973674256,-4.6265283759093633e-05,-7.721071698021806e-05,4.626622701172943e-05,0.9999999950626894
20:43:12:336,0.4237723994370149,-1.0350822576205287,-9.809705985753414,0.999999994782359,-7.843008779169803e-05,2.2901878585860463e-05,7.842988027091048e-05,0.9999999945670884,-1.2836469439232038e-05,-2.2899512330745677e-05,1.2837230283358959e-05,0.9999999994600133
20:43:12:369,0.45016639434868294,-1.0317910497285647,-9.808487594438748,0.9999999977213077,4.906165841423102e-05,4.2150559866658806e-05,-4.9062522177584964e-05,0.9999999972963043,-1.0059561671747891e-05,-4.214868417155184e-05,1.0057249464744942e-05,0.9999999970696261
20:43:12:402,0.45462376797145526,-1.0351427838387401,-9.809264917565898,0.9999999983285742,3.716202552719466e-05,2.4999987025604687e-05,-3.716187400044641e-05,0.9999999973078163,-2.6588234249914188e-05,-2.500027480798308e-05,2.6587355853840526e-05,0.9999999974857992
20:43:12:436,0.4407531916305028,-1.0247975858481444,-9.81416831679789,0.999999996209052,2.1184977314506123e-05,7.995400146861306e-05,-2.118217750424029e-05,0.999999998102661,-3.463685176845659e-05,-7.995418882758607e-05,3.463475922586246e-05,0.9999999959904764
20:43:12:469,0.44735895827921757,-1.0333708716446144,-9.81465524245682,0.9999999955883366,2.5451589383578544e-05,6.706224253270879e-05,-2.5451441435498653e-05,0.9999999981808907,-6.36618278920893e-06,-6.706206308751927e-05,6.36361364816657e-06,0.9999999974668835
20:43:12:502,0.4473731743045395,-1.02566071678088,-9.805927668506097,0.9999999987813394,2.147572345482637e-05,5.577531416409718e-05,-2.147436558549013e-05,0.9999999997479526,-2.409094798570094e-05,-5.577595969307934e-05,2.408991344864143e-05,0.9999999983889749
20:43:12:536,0.4388455189873994,-1.040547371292086,-9.818898654579334,0.9999999925927611,1.4371466112735584e-05,0.00011250990662824232,-1.4369299548105602e-05,0.9999999993396179,-1.689247806059171e-05,-0.00011251007165698279,1.6890583682088643e-05,0.9999999930501011
20:43:12:569,0.4360891356488275,-1.0317510787337087,-9.809081392711034,0.9999999864127771,1.272446777376853e-05,0.0001535356571729689,-1.2718500726507459e-05,0.999999997404497,-4.192119374803415e-05,-0.00015353740087124853,4.191782093200161e-05,0.9999999870485092
20:43:12:602,0.4400409111506325,-1.0299491365704243,-9.807529794923335,0.9999999945698899,3.8545508022703126e-05,9.654999107170214e-05,-3.8542301583249725e-05,0.9999999973182935,-1.5720746742496253e-05,-9.65522355106958e-05,1.5716940617626516e-05,0.9999999932634395
20:43:12:636,0.43898821656975434,-1.030093294705669,-9.802851819318013,0.999999997200372,-1.3893703521186128e-06,4.250877794054133e-05,1.3867386377165527e-06,0.9999999968726703,4.514569374697363e-05,-4.250616766405018e-05,-4.514524792600255e-05,0.9999999979133193
20:43:12:669,0.43501686009979834,-1.0300397157897405,-9.815052838983345,0.9999999951319004,-5.66967161838355e-05,4.629939302924679e-05,5.6697690231335896e-05,0.9999999963118917,-4.833975601741678e-06,-4.6296711602893674e-05,4.836976394663044e-06,0.9999999978302196
20:43:12:702,0.4323486166295026,-1.0345939895786112,-9.821330031936682,0.999999997245721,2.841551711330799e-05,7.341277174210689e-05,-2.841469563158694e-05,0.9999999990848664,-1.6418776637544143e-05,-7.341461041850624e-05,1.641698642783441e-05,0.9999999969342055
20:43:12:736,0.43622300424248406,-1.0399141288653029,-9.815151843433174,0.9999999924777161,5.8833319285608874e-05,9.288578473377368e-05,-5.882735173379029e-05,0.9999999958643442,-6.825463757011735e-05,-9.288970729804905e-05,6.825019082395945e-05,0.9999999921159287
20:43:12:769,0.4369016241275366,-1.032776789914746,-9.803653060258057,0.9999999868264351,-2.279666377587367e-05,0.0001563873561336842,2.280174983112679e-05,0.9999999990146595,-3.054640339850725e-05,-0.0001563867834280325,3.054836021743966e-05,0.9999999867383349
20:43:12:802,0.4348651117127917,-1.036876624814085,-9.80368374884695,0.9999999945760275,-5.528737583629194e-05,8.174756242608174e-05,5.528753534736204e-05,0.9999999982688627,-1.1078563912278469e-05,-8.174672672873645e-05,1.1084119817786826e-05,0.9999999963019097
20:43:12:836,0.44802907223327,-1.0499465246077133,-9.80082411343643,0.9999999978255057,2.1132403698145707e-05,4.25097975084681e-05,-2.1130306625724807e-05,0.9999999993320321,-2.253599297291777e-05,-4.251054276183186e-05,2.2534082534114415e-05,0.9999999973788652
20:43:12:869,0.4308249689118354,-1.0427816965275423,-9.814701368384092,0.9999999925123818,3.99354082564163e-05,8.06762665679254e-05,-3.9930699267857924e-05,0.9999999965805669,-2.7791956245099738e-05,-8.067959507137982e-05,2.778765906300304e-05,0.999999992952045
20:43:12:902,0.4507149298885293,-1.0349668587206855,-9.823280477562438,0.9999999929981398,-2.7108089791384267e-05,0.00011068785350219205,2.7109984353498835e-05,0.9999999976064158,-1.847008562257548e-05,-0.00011068862671846519,1.8472785518013396e-05,0.9999999933503467
20:43:12:936,0.45811492637794043,-1.0294943012996816,-9.817960735284089,0.9999999901546622,-1.0698370570398753e-05,0.00012642041335769332,1.070595106809282e-05,0.9999999973792943,-6.21464328098549e-05,-0.0001264207948368885,6.214664121678321e-05,0.9999999899808135
20:43:12:969,0.4391422167793123,-1.0326944049888538,-9.807138281072657,0.9999999849253275,8.141604576817567e-05,0.0001465890057318391,-8.141062154355806e-05,0.9999999946459378,-1.9984326865147345e-05,-0.00014659136653550212,1.997391399150268e-05,0.9999999856812338
20:43:13:002,0.43352685667668683,-1.0370856597629396,-9.79561646822398,0.999999995971918,4.632598490712943e-05,7.469621623489429e-05,-4.633217317318222e-05,0.9999999963810844,6.702927355221092e-05,-7.469156385614363e-05,-6.703299701165308e-05,0.999999995731633
20:43:13:036,0.44036312831309404,-1.0377149091640938,-9.79653322067904,0.9999999975023215,1.5234333649251828e-06,5.814215331624309e-05,-1.5228212117281311e-06,0.9999999997971942,-5.296888611896876e-06,-5.814257428572632e-05,5.296380462075229e-06,0.9999999977178752
20:43:13:069,0.44679273202879516,-1.0443448327828286,-9.8091608056777,0.9999999983237974,2.100850011211771e-06,4.1131104023597234e-05,-2.103821298510174e-06,0.9999999996477282,3.677404059430807e-05,-4.1130196118784415e-05,-3.677429566709729e-05,0.999999997917251
20:43:13:102,0.4567042079697607,-1.0445403614635709,-9.804070749840054,0.999999995090408,2.419972034721063e-05,9.570177581391204e-05,-2.4200778311869474e-05,0.9999999972858589,-4.915498589268012e-06,-9.570311822430685e-05,4.913366212988389e-06,0.9999999930719338
20:43:13:136,0.4407135384325546,-1.0203002478712042,-9.806633259517833,0.9999999961771731,4.43420701012223e-05,6.7016279678074e-05,-4.433611282369172e-05,0.9999999935526073,-8.276315293531377e-05,-6.701875524570033e-05,8.275999589077994e-05,0.9999999929370811
20:43:13:169,0.4409937945234753,-1.0330502723403754,-9.812224318283034,0.9999999968439556,2.5488716663104106e-05,5.810315449129438e-05,-2.5490539978668528e-05,0.9999999963249872,2.8250096959147443e-05,-5.809868983453779e-05,-2.8251591389195553e-05,0.9999999961075481
20:43:13:202,0.4446466638623784,-1.0448708268571913,-9.814725495558653,0.9999999971597926,2.4294207076113436e-05,6.140956320889359e-05,-2.4292782872218584e-05,0.9999999992306657,2.930662763255048e-07,-6.14105523168767e-05,-2.949057705727115e-07,0.9999999966854966
20:43:13:236,0.4467226014409267,-1.0326673081391775,-9.791731045002908,0.9999999927655121,3.593146583585579e-05,0.00011331225721136762,-3.592809790021867e-05,0.9999999986518355,-3.0548532386393915e-05,-0.00011331320833145361,3.0544573347386696e-05,0.9999999929482437
20:43:13:269,0.4366080786982619,-1.0359758226291365,-9.81494819498218,0.9999999977502034,1.903813739721327e-05,6.167799048995443e-05,-1.903950147250082e-05,0.999999999392856,1.6734798635400294e-05,-6.167779944491235e-05,-1.6735928142150225e-05,0.999999998263284
20:43:13:302,0.44513237840532305,-1.0216752818532844,-9.792090895288844,0.99999999877936,2.1445589360641116e-05,4.81858478517873e-05,-2.144601542470019e-05,0.9999999997541822,5.820694305422513e-06,-4.8186068259393745e-05,-5.821643206304902e-06,0.9999999983794948
20:43:13:336,0.4399495813850881,-1.0332690211725033,-9.81703552669948,0.9999999981657205,-1.8001927552135037e-05,2.8671267622517084e-05,1.800125464137055e-05,0.9999999987143322,-1.1487312185498566e-05,-2.867103644675903e-05,1.1488509923526004e-05,0.9999999984937935
20:43:13:369,0.440729129466144,-1.0334833439332534,-9.805741773874187,0.9999999934671743,-4.375853121515439e-05,6.718529856326312e-05,4.37579368006301e-05,0.9999999957837045,-1.2105727944484283e-05,-6.718264098363127e-05,1.2106515568068808e-05,0.9999999957590577
20:43:13:402,0.44712728756249037,-1.0272640956653385,-9.814896066098449,0.9999999933652212,7.79318430072818e-05,6.142718828448507e-05,-7.792997862531286e-05,0.9999999942371117,-1.611123029366314e-05,-6.142468934795148e-05,1.6108392976406914e-05,0.9999999960786157
20:43:13:436,0.42955322405200874,-1.030634625915865,-9.82736217099207,0.9999999962699496,4.239763106990616e-05,1.585591821134878e-05,-4.239640359402448e-05,0.9999999960835133,-2.145052185640958e-05,-1.585577621017765e-05,2.1452025104691902e-05,0.9999999980463143
20:43:13:469,0.43730739863047474,-1.0346770301652797,-9.807059669180493,0.9999999974120545,-7.4312103730063616e-06,6.585906999772826e-05,7.431267089087177e-06,1.0000000002321514,9.953318870259432e-06,-6.585855419897281e-05,-9.953647596135274e-06,0.99999999684853
20:43:13:502,0.45417805321518934,-1.0281031848840507,-9.810123431724714,0.999999995780676,-9.890423415516062e-07,8.393300320331942e-05,9.930901391173693e-07,0.9999999985217617,-4.931825758508522e-05,-8.393298499985681e-05,4.9319199829891986e-05,0.999999995472389
20:43:13:536,0.44624086731510415,-1.0355717026699969,-9.812472091577428,0.9999999964416241,4.293833051308269e-05,6.662542646121944e-05,-4.293743647509979e-05,0.9999999982567845,-1.9495292823059693e-05,-6.662667937538426e-05,1.9492657902949956e-05,0.9999999971897156
20:43:13:569,0.4362963785833315,-1.0416573274848715,-9.81017865475062,0.9999999969616162,1.5356570974144064e-05,6.395563806850276e-05,-1.5357585374925476e-05,0.9999999991251132,2.0348236874028952e-05,-6.39548806848542e-05,-2.0349598995096855e-05,0.9999999971700212
20:43:13:602,0.4465770890779401,-1.0305651789315649,-9.79034248578532,0.9999999992239139,6.25226273873217e-06,3.2527182520543366e-05,-6.252532439849787e-06,0.9999999982281262,1.4507644804366554e-05,-3.2527124219671166e-05,-1.4507208448404932e-05,0.9999999976262995
20:43:13:636,0.4516106596676772,-1.0375480227029452,-9.802524569501925,0.9999999953712774,-1.202519100760907e-05,9.224594942855685e-05,1.2022629809885047e-05,0.9999999983391378,1.4702120535345788e-05,-9.224654435712793e-05,-1.4701510083180291e-05,0.9999999938925909
20:43:13:669,0.4402417318584019,-1.0258036576258762,-9.810627408833302,0.9999999961442465,1.7860500676189627e-05,5.509107147958137e-05,-1.7860934883648064e-05,0.9999999995646458,-1.4849930500924958e-05,-5.5090801589051066e-05,1.4848620404221495e-05,0.9999999961154149
20:43:13:702,0.43676188213818795,-1.0227652613693539,-9.803746240421475,0.9999999998033703,2.074283686224215e-05,-2.354510306166551e-06,-2.0743495457866477e-05,0.9999999987479268,1.6560509739029255e-06,2.3554345757968256e-06,-1.656378108289022e-06,0.9999999996913792
20:43:13:736,0.448395806685459,-1.03244451120952,-9.8234817746762,0.9999999982381725,2.7351031144066045e-05,2.3241382908610547e-05,-2.7351864166410085e-05,0.9999999982540213,1.5862973775016566e-05,-2.3240364067889593e-05,-1.586442331270641e-05,0.9999999986638682
20:43:13:769,0.4434891970520746,-1.0370613428211461,-9.812676737928827,0.9999999959340983,1.9128958634330717e-05,6.928197801943694e-05,-1.9130886677813344e-05,0.9999999979552758,2.0041592689944737e-05,-6.928301609120523e-05,-2.004163587139181e-05,0.9999999971047323
20:43:13:802,0.45290440109016944,-1.0404216514751565,-9.81198123035883,0.9999999946987332,4.404261733807914e-06,8.535175519164803e-05,-4.405490625804933e-06,0.9999999977983747,1.2858330716405573e-05,-8.535348193227522e-05,-1.285832367212763e-05,0.9999999958126077
