timestamp,x-axis (m/s^2),y-axis (m/s^2),z-axis (m/s^2),R00,R01,R02,R10,R11,R12,R20,R21,R22
20:42:56:903,-0.03924,0.07848,0.07847999999999998,0.9999998914030472,-0.0002707597355767,0.0003793192046117002,0.00026994423488359997,0.9999976559438596,0.0021483102420493,-0.0003798999913792999,-0.0021482076137169,0.9999976204371912
20:42:56:936,0.03997156471810344,0.05774749487050474,0.02006922890851965,0.999999012371877,-1.6112282186219274e-05,0.001412086030182996,1.398548916583196e-05,0.9999987931614758,0.0015438164552643103,-0.0014121219930435505,-0.0015437846894456012,0.9999978010169704
20:42:56:969,0.32619986631809067,0.00787669049209257,0.4225362521296004,0.9999991188017399,9.072938815896855e-07,0.0014874778994573724,-3.14662765005396e-06,0.9999989172907399,0.0014860254741335416,-0.001487466240698839,-0.0014859026317466468,0.9999979975973871
20:42:57:002,1.02024,0.2943,1.3635899999999999,0.9999464075440703,0.0022465649790622,0.0088300085025791,-0.0022539849286831,0.9999958801571491,0.0009911115542833,-0.0088281917766997,-0.0010177458989777,0.9999494235186467
20:42:57:036,0.09649715711786759,0.04627172320444778,0.7421731423706959,0.9999248381934315,0.0031659744016971467,0.011839031597548046,-0.003175487618770687,0.9999946376481001,0.0007795682456315322,-0.011836478886667058,-0.0008171467288811936,0.999929545282675
20:42:57:069,-0.6153775635771166,-0.0684073802938214,-0.5417493123181614,0.99996379402853,0.0015970587764611941,0.00728303275899113,-0.0015972551648657338,0.9999969139749519,-0.0006228232874853655,-0.007282400448989416,0.000605999084301545,0.9999650529552124
20:42:57:102,-0.48069000000000006,-0.06867000000000001,-0.5395500000000001,0.9999919077068854,0.0004649672973188,0.0039960388081673,-0.0004584361391438,0.9999985580288068,-0.0016351686804889,-0.003996793345956499,0.0016333235196216,0.9999906789051736
20:42:57:136,0.012100305916174826,-0.029540733798568083,0.11370919532912967,0.9999941495840745,0.0002909058334795582,0.0032777295444948256,-0.00028508211030850363,0.9999981829762663,-0.001852883719534745,-0.003278202514185226,0.001851737500499449,0.9999924654266907
20:42:57:169,-0.21003686278608813,-0.11635992861255193,0.4977659057737871,0.9999976046578258,2.5180413653905467e-05,0.002184103118474019,-2.0409746490312768e-05,0.9999976248323709,-0.002183768152096439,-0.002184154908755761,0.002183713552425245,0.9999952312427907
20:42:57:202,-0.7161299999999999,-0.23544,0.4610699999999999,0.9999978757432931,-0.0003555450111055,0.0014836025671888,0.0003574747880107,0.99998486532056,-0.00418080322588,-0.0014797972974582999,0.004180523994351199,0.9999833064426891
20:42:57:236,-0.3475963484524024,-0.24527404720362525,-0.35891093701734866,0.9999986371854644,-0.0015281174111829254,-0.0006644772332235594,0.0015212623104930631,0.9999453606121832,-0.010358154474073344,0.000680215630082906,0.010357149822375743,0.9999463112919138
20:42:57:269,0.06652081794834752,-0.1885138390123991,-0.5381465640534191,0.9999985726929816,-0.0015655782576829756,-0.0006164998199720966,0.001559217704456363,0.9999481551381266,-0.010006231658620262,0.0006319605074468752,0.010005280785302847,0.999949186400025
20:42:57:302,0.13734000000000002,0.07848000000000002,-0.79461,0.9999978851662394,-0.0020495383935785995,-0.0001704565095238,0.0020484332984592,0.9999783792236503,-0.006248600344344701,0.00018325957043359997,0.0062482379608037,0.9999804627783059
20:42:57:336,0.13587466388896932,0.07933226886243486,-0.7939264646700587,0.9999978877182437,-0.002047651926551168,-0.00017024079047372678,0.0020465446350374354,0.9999784329285843,-0.006228797201614996,0.00018299421016379478,0.006228435315619714,0.9999805130095216
20:42:57:369,-0.029967206102619114,0.30210068631686615,-0.736484649423648,0.9999980475053863,-0.0019734160858236164,-6.947795217530105e-05,0.0019731995813397274,0.9999945566195426,-0.0021397267934148588,7.374469393439445e-05,0.0021395838748694954,0.9999965020142724
20:42:57:402,0.26487000000000005,0.34335,-0.63765,0.9999980677773844,-0.001965037309982,-5.540639122141935e-05,0.0019649485817241,0.9999968551792732,-0.0015583993823877998,5.846852990849692e-05,0.0015582875005035,0.9999987841600093
20:42:57:436,0.37131787708165237,0.2152424761859632,-0.5487491732823162,0.9999994269317644,-0.0007925020878199474,0.00018484395478159685,0.0007925643105427258,0.999999082574364,-0.00071440588912441,-0.00018394506628637851,0.000714455827700702,0.9999996026528304
20:42:57:469,0.08132246741116242,0.21632420444684997,-0.5294763334958661,0.9999998866949059,-0.00039721744966441687,0.0002677101922118851,0.00039732913566038237,0.999999831991031,-0.0004329563330624515,-0.000267540861452041,0.0004330607955528756,0.9999998761625614
20:42:57:502,-0.05886,0.05886000000000001,-0.4905,0.9999997985177327,-3.253243966952625e-05,-0.0002662800185861,3.302989092587636e-05,0.9999995302606032,0.000455971943172,0.00026652130415790007,-0.0004558266801453,0.9999994347958326
20:42:57:536,-0.03985084172096864,-0.08844114831320174,-0.1441511861526833,0.9999997278463261,0.0002581761629324022,-0.000692813068031361,-0.00025737057396812285,0.999999288522475,0.0011670196851684253,0.0006931116421675166,-0.001166842113171866,0.9999990820622535
20:42:57:569,-0.1851079892194349,-0.01995113642547068,-0.019556161345102515,0.9999998014386181,0.0001300995959728336,-0.0005772045031967534,-0.00012936508359879406,0.9999990798966898,0.0013255050113863817,0.0005773427372289808,-0.0013254066989807072,0.9999989242736751
20:42:57:602,-0.18639,-0.04905,-0.04905,0.9999999204012694,-7.617378749034689e-05,-0.0003916567489013,7.679448112596925e-05,0.999998740907717,0.0015850191129055,0.00039153551886030003,-0.0015850490638168002,0.9999986671588132
20:42:57:636,0.0013768152916454803,0.04075408481794889,-0.03008249682469788,0.9999999321782053,-9.780298775761078e-05,-0.00025680413093037523,9.822082912104234e-05,0.9999988306031561,0.001521245835118534,0.0002566594809323257,-0.0015212614217710448,0.999998774094955
20:42:57:669,0.039342143741361205,0.15684771935236522,-0.20389641856575347,0.9999999701804361,-0.0001675471289534777,0.00017195793073328673,0.00016732080103554228,0.9999991134795458,0.0013204323279269318,-0.00017217844905638904,-0.0013204030381620494,0.999999112071757
20:42:57:702,0.02943,0.08829,-0.2943,0.9999999700641468,-0.0001503020855624,0.00016457540022420003,0.00015008736589820003,0.999999060488486,0.0013507659645613,-0.0001647645911195,-0.0013507368716037,0.9999990608519336
20:42:57:736,0.019636586081047094,0.08835466591061088,-0.04705152188692334,0.9999999607187909,0.0002741061938608392,-7.34600027087072e-05,-0.00027395211124376506,0.9999977563987157,0.002101709917823744,7.403394137064094e-05,-0.0021016904114779978,0.9999977908638559
20:42:57:769,0.019850397199297588,0.08799812170702005,-0.04726986719086626,0.9999999616939635,0.00027122662132034506,-7.0932533073988e-05,-0.0002710768803346256,0.9999977610160828,0.0020992474474947043,7.150134564165499e-05,-0.0020992286918345812,0.9999977952132676
20:42:57:802,1.4822813964592714e-18,0.14715,-0.21582,0.9999998056723607,0.0004302571564809,-0.00043560594098670006,-0.00042944551684199995,0.999998141780803,0.0018776592910017,0.000436409968992,-0.001877466827756,0.9999981344224264
20:42:57:836,0.10955591085785674,0.1767948616163659,-0.09807378169131967,0.9999997874731211,0.00044889642472791257,-0.00046565350847262865,-0.0004480302640959048,0.9999981655412667,0.0018603261428368912,0.00046648981773166667,-0.0018601186863574355,0.9999981601103712
20:42:57:869,0.21625060305249932,0.1961283824763995,-0.28236032938937955,0.9999989481031425,0.0013196698061965725,-0.00024011140539299938,-0.0013191825792820066,0.9999967556626761,0.002106650897789918,0.0002429714623902255,-0.0021064057134987336,0.9999977299236503
20:42:57:902,0.04905,0.17658,-0.36296999999999996,0.9999986342343707,0.0016453195689751998,-0.00015637425997569996,-0.001644972057087,0.9999962335203948,0.002197046188763,0.0001599885140836,-0.0021967859568247,0.9999975742646257
20:42:57:936,-0.10005953178578446,0.056678871109422733,-0.3049368257306731,0.9999986474778015,0.0016087595232379616,0.00018942242567290683,-0.0016095764722254978,0.9999933822412981,0.0031642242265852304,-0.00018435379249737317,-0.0031645163388748254,0.9999946195476045
20:42:57:969,-0.29364986162219897,-0.17529458341475623,-0.3847084791441057,0.9999986551613725,0.0015853824306527374,0.0004228369732420898,-0.0015869854575259906,0.9999914611046931,0.003815458944768885,-0.00041678507367541524,-0.003816123449204777,0.9999926299968547
20:42:58:002,-0.21582,-0.15696,0.07847999999999998,0.999999149476196,0.0011064116861418,0.0001332641979819,-0.0011069379825106,0.9999922530723011,0.0037309868122116,-0.0001290739276547,-0.0037313351373182003,0.9999929637004056
20:42:58:036,-0.1769190233665649,-0.0780849033521827,0.21605399359137176,0.9999998794622881,0.00039857892875754805,-0.0002959233368530365,-0.00039751083408543923,0.999993436085107,0.0036015192487749256,0.0002973575974569106,-0.003601398829666238,0.9999934700983439
20:42:58:069,-0.18748813068833353,-0.05926390568586732,0.24508472237198464,0.9999998113928148,0.0001413091799476913,-0.0003968098080775815,-0.00014036638945790349,0.9999950979591702,0.0028640937309285805,0.0003977087527318131,-0.0028641055888252473,0.999995102368085
20:42:58:102,0.01962,0.01962,0.25506,0.999999641734206,-0.0005293665821253999,-0.0006605319686556,0.0005299981759337999,0.9999994022182633,0.0009563812258547,0.000660025297541,-0.0009567309639545999,0.9999993245160064
20:42:58:136,0.06776461125730593,0.08860087489633314,0.24397441782146223,0.9999996762885444,-0.0005019094425448897,-0.0005666269659218747,0.000502482412338042,0.9999994285687113,0.0007672480468089008,0.0005662052458843307,-0.0007675520172791474,0.9999993635736387
20:42:58:169,-0.0678349536510727,0.09791643275332566,0.059851493959949625,0.9999999413708305,-0.0002992628204959666,0.00015418869835798993,0.00029938061356497245,0.9999996887412919,-0.000715662125062377,-0.00015397546902534332,0.0007157073660882898,0.9999997201745426
20:42:58:202,-0.06867000000000002,0.0981,0.058859999999999996,0.9999999429429579,-0.000298336509819,0.0001584594815917,0.0002984512939236,0.9999996927624363,-0.0007248460923542,-0.0001582431848537,0.0007248933434339,0.9999997247443295
20:42:58:236,-0.05844752223054991,-0.01018751655476868,-0.060328261761657155,0.9999999448086331,-0.0002815077757063505,0.00017713016586269175,0.00028171305581905115,0.9999992796215766,-0.0011593121436347836,-0.00017680429700985562,0.0011593620216923568,0.9999993037222605
20:42:58:269,-0.019264327337798627,0.029241353773506555,-0.16618168528475386,0.999999944947089,-0.00027958209729344506,0.0001790742349884145,0.0002797975178902608,0.9999992345008181,-0.0012060179014119806,-0.00017873674732438586,0.0012060679803380973,0.9999992576408355
20:42:58:302,-0.08829,-3.433014244863539e-18,-0.18639,0.9999999352088352,-0.00033516531939119996,0.0001234451311012,0.00033527796369819994,0.9999995514901509,-0.0008634750431287998,-0.0001231618437677,0.0008635153746349,0.9999996000755004
20:42:58:336,0.000535078063692009,0.039699372714468176,-0.1764946187276596,0.9999999321397134,-0.00035296429880033717,0.00010525171489413931,0.0003530432213910605,0.9999996557615352,-0.0007507860162784078,-0.00010498657739971517,0.00075082312363454,0.9999997125685478
20:42:58:369,-0.028976183174093433,0.05884839483469233,-0.14791335921399928,0.9999999548339454,-0.0002717956251855171,0.0001080227987826882,0.00027186319525829413,0.9999997578433667,-0.0006282519297652134,-0.00010784479451978421,0.0006282811034251301,0.9999997913499251
20:42:58:402,-0.04905,0.04905,-0.06867000000000001,0.999999971223258,-0.0002131616604231,0.000110070839723,0.0002132210540474,0.9999998315412506,-0.0005398650319072,-0.000109955742654,0.0005398884857921,0.9999998482150672
20:42:58:436,-0.06860719503169246,0.029445826036546774,-0.1584159278410921,0.999999969418565,-0.00023067631138310045,7.591025770471463e-05,0.00023071495542363843,0.9999998666313811,-0.00044754901908940925,-7.580939016209643e-05,0.0004475656360627156,0.9999998897298017
20:42:58:469,-0.039467981549344985,0.039371630793016074,-0.24568438826068387,0.9999999667891128,-0.00025644850729265384,2.540368176512721e-05,0.0002564564418997963,0.99999991870462,-0.00031078580638863523,-2.5324013398334647e-05,0.0003107923017344585,0.9999999512705078
20:42:58:502,-0.03924,0.00981,-0.13734000000000002,0.9999999495669912,-0.0002637736006503,-6.156564026379813e-05,0.0002637786027496,0.9999999273903792,-0.0002461095698562,6.162887659999368e-05,0.0002460910480157999,0.9999999467245828
20:42:58:536,-0.04917218915341256,0.02960141052092448,-0.186532007429252,0.9999998865922322,-0.00029002124133531545,-0.0003789971308823707,0.0002900160745360098,0.9999999582544019,-1.267593419131422e-05,0.00037900092058979726,1.2566030801611244e-05,0.9999999289301175
20:42:58:569,-0.05886083366896964,0.029442112748402957,-0.11847156371057424,0.9999998882110077,-0.00029669450444517337,-0.00036000165675872595,0.0002966909216289345,0.9999999494171721,1.3036654576539585e-05,0.00035999465781751713,-1.3141380293999333e-05,0.9999999264453774
20:42:58:602,-0.05231916288,0.03597083712,-0.0850158144,0.999999912076414,-0.00041652850922190005,-4.8488817380660905e-05,0.0004165519022773,0.9999997963870392,0.0004834360278020001,4.828744261974466e-05,-0.0004834561834057,0.9999998819692139
20:42:58:636,-0.04885788007829674,0.0392661644547822,-0.06860361137706793,0.999999912003125,-0.0004164068273993756,-4.890895503685327e-05,0.00041643010074661295,0.9999997969755104,0.00048156727149013665,4.870835542314833e-05,-0.0004815875375176698,0.999999882426824
20:42:58:669,-0.029320108875337498,0.03931469600080384,-0.0687278203285884,0.999999901706183,-0.00044120094510720473,-4.1345075923739204e-05,0.00044121296328837974,0.9999998583110778,0.0002879714270366887,4.12187811550578e-05,-0.0002879896063598294,0.9999999548407316
20:42:58:702,-0.04905,0.03924,-0.07848,0.9999999001555498,-0.0004450484902787,-4.0258306835558175e-05,0.0004450589442072,0.999999867151856,0.00026003616405,4.014257278508845e-05,-0.0002600540554064,0.9999999653802303
20:42:58:736,0.020262050731060622,0.08875397371475807,-0.16740027797651608,0.9999999538833864,-0.0002873784801608773,1.0461098910590629e-05,0.0002873668138066855,0.9999997710553852,0.0005758037144356204,-1.060899331446536e-05,-0.0005758035581187854,0.999999816202866
20:42:58:769,0.048916447423,0.10797680898213224,-0.16721965695099128,0.9999999727654648,-0.00023248772325926078,2.868175842565795e-05,0.00023246807153464553,0.9999997370603706,0.0006871006472288657,-2.884129789251871e-05,-0.0006870941708301496,0.9999997636248025
20:42:58:802,0.03924,0.07847999999999998,-0.15696,0.9999999727763078,-5.74221470663063e-05,-0.0001058094262981,5.747225061118886e-05,0.999999811526657,0.0005827372753590999,0.0001057609461413,-0.0005827240428105999,0.9999998127072424
20:42:58:836,-0.04969336046127024,0.019062893928292746,-0.26480703305981046,0.999999972775508,8.700296409673802e-05,-0.0002169040548499028,-8.689520483894203e-05,0.999999872846972,0.0004967312556167366,0.00021694721646633376,-0.0004967124815122038,0.9999998530935875
20:42:58:869,-0.07813840303587279,-0.009898055880005991,-0.11942628852084174,0.9999999764563781,-2.12259868149792e-05,-0.00015400924452891137,2.1310969259752274e-05,0.9999997760896635,0.0006343218496953737,0.00015397388427092017,-0.000634315173219982,0.9999997701467799
20:42:58:902,-0.11772,0.009809999999999998,-0.04905,0.9999999818877444,-0.0001800081458268,-6.181891463663405e-05,0.00018005979984869996,0.9999996338533806,0.0008365832729954,6.166830019804576e-05,-0.0008365943889444,0.9999996481533626
20:42:58:936,-0.07800189312829305,-0.019727682545123578,-0.08730318233829032,0.999999962229633,-0.00024374337719381312,-4.529750066166128e-05,0.00024378161379318603,0.9999996595992328,0.0007709130892004615,4.5122795220553834e-05,-0.0007709206483600574,0.9999996943992915
20:42:58:969,-0.03969931725487463,0.01885456368820582,0.09725898043617727,0.9999998998879533,-0.00044678819483935515,7.610478752162953e-06,0.0004467837117352361,0.9999997405140293,0.0005637489039648947,-7.862249163941182e-06,-0.0005637452685574467,0.9999998404673189
20:42:59:002,0.01962,0.0981,-0.009810000000000006,0.9999999041688048,-0.0004285079060212,-1.3370883016442107e-05,0.0004284951751236,0.999999754985036,0.00046802471266629993,1.3152986161287763e-05,-0.00046802647406849997,0.9999998463594177
20:42:59:036,0.06900739603663923,0.12770680204237328,-0.17736416586152834,0.9999999475660476,-0.0002465144795792739,-0.000212409166315662,0.00024642701251142036,0.9999998862839214,-0.00041622063355066497,0.000212512355764544,0.0004161678034815286,0.9999998939766724
20:42:59:069,0.0691467057928587,0.12792070076063922,-0.17676579439151574,0.9999999478470775,-0.0002493800386198365,-0.0002103082708072717,0.00024929235854928496,0.9999998853665655,-0.0004143103028356747,0.00021041037256909985,0.0004142569317884327,0.9999998938384396
20:42:59:102,0.009809999999999998,0.07848,-0.18639000000000003,0.9999998478068596,0.00021460523706,-0.0004828597663,-0.0002145624955924,0.9999999555912963,6.512537961533734e-05,0.0004828929893204,-6.501076599927791e-05,0.9999998681511088
20:42:59:136,0.009343312589114574,0.08786555982549508,-0.16568974672238987,0.9999998390679311,0.00025500823072495453,-0.0005063079201530736,-0.00025495477985743573,0.9999999614769057,0.000105375752779105,0.0005063349177027969,-0.00010524648061291138,0.999999865936345
20:42:59:169,-0.06841569197992346,0.0005296566867453074,-0.03953551750173379,0.9999998173474975,0.0003421578499639395,-0.0004953220421746998,-0.00034219073411375663,0.9999999326571185,-6.763677161512083e-05,0.0004952940040598006,6.780597179939839e-05,0.9999998699075222
20:42:59:202,-0.05886,-0.009810000000000003,-0.08829,0.9999998100632655,0.0003716936287998,-0.0004916475148762,-0.0003717550771905,0.9999999230991776,-0.0001248991655488,0.000491601052844,0.0001250819142857,0.9999998713414517
20:42:59:236,-0.15716940926848064,-0.0687236463683926,-0.03968003276679084,0.9999998375289213,8.418107140270733e-05,-0.0005116416341172102,-8.435114627111987e-05,0.999999901269994,-0.0003271169404835514,0.000511653371193394,0.0003271561510008233,0.999999801704607
20:42:59:269,-0.07923467108779741,-0.010365931945473823,-0.16618572085947203,0.9999998559778089,-0.00010916205831525861,-0.0005252471437418426,0.00010891864847733826,0.9999998865107224,-0.0004636511356369797,0.0005252980859185532,0.00046359378014565326,0.9999997546760859
20:42:59:302,-0.06867000000000001,-1.6687270216947202e-19,-0.0981,0.9999998737897028,-0.00018586455781109999,-0.0004485432407905,0.00018572020067580004,0.99999991519988,-0.0002757164421107,0.0004485739650064,0.0002756414513944,0.9999998317741312
20:42:59:336,-0.06842559266180678,0.010344642773434644,-0.0795037160220687,0.9999998993653871,-0.0002955978480616391,-0.00033782081985203366,0.00029559685317928587,0.9999999566897131,-3.7116373551836387e-06,0.0003378221645154602,3.611663789891567e-06,0.9999999432816546
20:42:59:369,-0.020259236740337746,0.06864200951752887,-0.1677509945118036,0.999999851586901,-0.0003050112290853021,-0.00042396946354383337,0.000304980571397848,0.9999999496771845,-4.564223915819214e-05,0.00042398473579607026,4.5510191517088724e-05,0.9999998945469021
20:42:59:402,0.03924,0.03924,0.03924,0.9999996972275288,-0.0003366827551243,-0.0007015622377459001,0.0003365575682332,0.9999999274243412,-0.0001785505972182,0.0007016223017366,0.0001783144270773,0.999999737965021
20:42:59:436,0.03866827576309052,0.09811869357686774,-0.0694708900811071,0.9999997480098547,-0.00027501176215232506,-0.0005928846595475147,0.0002749066589695071,0.9999999385337286,-0.0001670499994952465,0.000592933992570854,0.00016685401111410296,0.9999997809213641
20:42:59:469,-0.03877640604365155,0.02997599799147403,-0.02033305983349049,0.9999999963765179,2.7969024362280086e-05,-6.116100469794541e-05,-2.7976121715072077e-05,0.999999992987369,-0.00011169398258845944,6.115795404448551e-05,0.00011169461502179355,0.9999999908300432
20:42:59:502,-0.042509790719999996,0.026160209280000006,-0.040873639680000004,0.9999999978418702,2.995495430370997e-05,-5.847187624753848e-05,-2.996148543687393e-05,0.9999999933127856,-0.00011169932004119999,5.8468529908496914e-05,0.00011170107170440002,0.9999999920521508
20:42:59:536,-0.05900735289020898,0.009671747928484239,-0.14681502150858244,0.9999999784712369,-6.170155732182645e-05,0.0001875287683516518,6.16855723498858e-05,0.9999999943992368,6.991828153063492e-05,-0.00018753427700626132,-6.990502318777469e-05,0.9999999770643484
20:42:59:569,-0.0684773798491404,0.0002457543129677362,-0.05817764602696981,0.9999999772909062,-6.690201746195285e-05,0.00020474145619570525,6.688528269499005e-05,0.9999999947603325,8.267903839951188e-05,-0.0002047471947102105,-8.266497697432434e-05,0.9999999759639229
20:42:59:602,-0.10790999999999999,-0.03924,-0.24525000000000002,0.9999999302039978,-0.0003298747712876,3.6076255492429396e-05,0.00032986964317219996,0.9999999299867112,-6.260523571014461e-05,-3.604405735910284e-05,6.260375118129787e-05,0.9999999899242056
20:42:59:636,-0.13699445808347846,-0.04888217302295499,-0.17708544642692434,0.9999999155613877,-0.0004102645535747428,-1.6061264914058037e-05,0.0004102635783953302,0.9999999095187978,-0.0001045818831954861,1.6103893390740213e-05,0.00010457520284134544,0.9999999934200557
20:42:59:669,-0.0689914244185152,-0.029396431455644363,-0.32402035034801163,0.9999998523019419,-0.00047679159522894665,-0.0002003997353988526,0.000476918930233076,0.9999997556504622,0.00033920491407135486,0.0002002164954972434,-0.000339309330255844,0.9999998385617641
20:42:59:702,-0.07848,-0.01962,-0.06867000000000001,0.9999998065958307,-0.0005248330535475,-0.00033370431078519997,0.0005250531633431,0.9999996444583972,0.0006598501759813,0.00033335788095669995,-0.0006600252608675,0.9999997266195516
20:42:59:736,-0.00878587689080779,0.10870342534706817,0.08978422831053177,0.9999998218400958,-0.0005366076942131933,-0.0002144574489111723,0.0005367455115745734,0.99999970155731,0.0005322648764403012,0.00021417415433517333,-0.0005323777099364677,0.9999998116108243
20:42:59:769,0.08752881607736382,0.11761016029240551,0.20639909084897456,0.9999998454187956,-0.0005550972498004283,-2.935760267773537e-05,0.0005551073220689991,0.9999997901169312,0.00033478967555504707,2.917207731557516e-05,-0.00033480587904535834,0.9999999435583823
20:42:59:802,0.11772,0.13734000000000002,0.019620000000000005,0.99999988417763,-0.00040362065099139993,-1.4130305574483853e-05,0.00040363473708710006,0.9999997198031709,-8.626592664956593e-08,1.3980718015150591e-05,7.419692516337544e-08,0.9999998348257968
20:42:59:836,0.0381464219081082,0.04834469300446533,-0.1187623672174451,0.999999999261829,4.772646093346145e-05,2.854450984954428e-05,-4.769852794134178e-05,0.999999508800384,-0.0009950540497390117,-2.858846320815815e-05,0.0009950528766991895,0.9999995087694612
20:42:59:869,-0.06777600654289484,0.01995508959069168,-0.215027191287677,0.9999999987652276,4.668567732035899e-05,2.6259737863789932e-05,-4.665959344770302e-05,0.9999995326889424,-0.000958289407243576,-2.63029721412956e-05,0.0009582882752341486,0.9999995331865097
20:42:59:902,-0.12752999999999998,-0.02943,-0.26487,0.9999999982551344,5.8465010904837495e-05,-8.460112482304538e-06,-5.846852990641656e-05,0.9999999115331735,-0.00041655140882459996,8.435758051205872e-06,0.0004165519027481,0.9999999132066714
20:42:59:936,-0.12724371894768108,-0.02940528766799544,-0.2649177302767176,0.9999999980381507,5.683002926378025e-05,-9.247015920832088e-06,-5.683304641628082e-05,0.9999999105584124,-0.00041222449607879874,9.222121673631837e-06,0.00041222478699868653,0.9999999122972247
20:42:59:969,-0.08859830557402812,-0.02961815865624262,-0.23664210685592194,0.9999999663496438,-0.0001995472246628395,-0.00013699543816694085,0.00019961781530925508,0.99999984522158,0.00043232392410229786,0.00013688621932719306,-0.0004323547088090444,0.9999998583555656
20:43:00:002,-0.05886,0.01962,-0.08829,0.9999999630610344,-0.00022652359613470002,-0.0001502164779066,0.0002266019100587,0.9999998383297817,0.0005215285085397,0.00015009831510790002,-0.0005215625286158,0.9999998527215016
20:43:00:036,0.00023577182928671855,0.06863162571590248,-0.12764805776760446,0.9999999386087313,-0.00018956559820296662,-0.0002847707761930644,0.00018964541052790378,0.9999999269247188,0.00031067775210828275,0.00028470956100564153,-0.00031073019723370837,0.9999999018763565
20:43:00:069,-0.009817445400119374,0.029661891952030835,-0.050113404860816654,0.9999999311183342,-0.00017851931969946414,-0.0003259182532379642,0.00017859973251095718,0.9999999535747813,0.0002471051215244685,0.00032587416005066893,-0.0002471632253382498,0.999999916551675
20:43:00:102,-6.026904379706939e-19,0.02943,0.009810000000000003,0.999999970368348,-0.0001275728566428,-0.00013505426872899997,0.00012760532142500001,0.9999999728931284,0.0001837066275227,0.0001350287850953,-0.000183730023411,0.9999999611861844
20:43:00:136,-0.05927323063366935,-0.009952129989900887,-0.029798847964723048,0.9999999953723342,-9.513863595104696e-05,-1.344177474098514e-05,9.514030284881059e-05,0.9999999851800853,0.00014261734475421806,1.34282775830609e-05,-0.00014261863126674033,0.9999999896069608
20:43:00:169,-0.039958563578813326,0.028687704309845484,-0.04878961714945836,0.9999999675719047,-0.00013285614842258137,-0.00014298554742967,0.00013282055301352735,0.9999999690630806,-2.4912984239302494e-05,0.0001429981804935868,2.4886808500883828e-05,0.9999999563709304
20:43:00:202,0.01962,0.08829,-0.08828999999999998,0.999999926725762,-0.0001882952328117,-0.0003333067295009,0.0001882046594383,0.9999999453648404,-0.0002717523182471,0.00033335788095669995,0.0002716895684552,0.9999999075286464
20:43:00:236,-0.03956020294991258,0.058549207865073664,-0.14847750102253135,0.9999999220957864,-0.00017825321410021422,-0.00035040566473766566,0.00017820098880500724,0.999999954155216,-0.00016388245507039905,0.0003504379150185851,0.00016382047368591546,0.9999999083048295
20:43:00:269,-0.0293320365417664,0.03004962781103731,-0.2652426769430052,0.9999999088789541,-0.00015026863120545252,-0.00039940552343451944,0.00015032398441146595,0.9999999787681049,0.0001382842435252807,0.0003993848056468292,-0.00013834423799205815,0.999999910255487
20:43:00:302,-0.07848,-0.04905,-0.09809999999999999,0.9999999134515316,-0.00015588725088859997,-0.0003803877798984,0.0001559430768452,0.9999999749061336,0.0001537572037637,0.0003803630061613,-0.0001538153870325,0.9999999130019884
20:43:00:336,-0.10494283008979967,-0.04902337068017452,-0.08552756884718062,0.9999999599390025,-0.00021315886914567597,-0.00018757521881815039,0.00021321350648650843,0.9999999351637129,0.0002919906008209982,0.00018751279345860693,-0.0002920307619920977,0.9999999404432264
20:43:00:369,-0.11821513005776926,-0.04937852863219176,-0.0796897221198443,0.9999999600049676,-0.00021196929550260131,-0.00018968976272881833,0.0002120239494775429,0.9999999358011953,0.00029409403801654315,0.0001896265896981925,-0.0002941346589586049,0.9999999404261544
20:43:00:402,-0.02943,0.019620000000000005,0.0981,0.9999998961024176,-0.00043433968126150007,9.127305279729326e-05,0.00043438193457089996,0.9999998411150209,-0.0003074761012592,-9.112824119934393e-05,0.0003075209749107,0.9999999300496614
20:43:00:436,-0.009443516429938716,0.06898264941244325,0.08733790249687026,0.9999998911271331,-0.0004516561456625478,0.00011470990065950973,0.00045169764398339036,0.9999998324567377,-0.0003595038472172501,-0.00011454786758518695,0.0003595557243466648,0.9999999280317435
20:43:00:469,0.05830008771824429,0.09773105283838941,-0.03780246961323844,0.999999954303366,-0.00024058484659004832,0.00013066209408000638,0.00024068038443734029,0.9999996855389611,-0.0007134166647459657,-0.00013051729044167125,0.0007134469540077674,0.9999997138987703
20:43:00:502,0.04905,0.10791000000000002,-0.1962,0.99999997705262,-0.0001648185020258,0.0001368562055252,0.0001649336120242,0.9999996323230144,-0.0008415169275991,-0.00013671745764690002,0.0008415394804768,0.9999996365597538
20:43:00:536,-0.06960194374991542,-0.0109328935936018,-0.27309127518183723,0.9999999623239979,-7.421562176761825e-05,-0.00012448776202285514,7.425377747325451e-05,0.9999998464986529,-0.0003804663786038495,0.0001245456806130547,0.0003804739711560843,0.9999998201832501
20:43:00:569,-0.09827024926500535,-0.03992254770302035,-0.020282541425139716,0.9999999519327617,-9.9716101285997e-06,-0.00030933768739095847,9.955382635564853e-06,0.9999999979809536,-5.430603570972528e-05,0.0003093384028816496,5.4303072698928066e-05,0.9999999500334756
20:43:00:602,-0.05886,0.049049999999999996,-0.15696,0.9999999465010416,-6.0462044220641944e-05,-0.0003154827912178,6.0428025773181025e-05,0.999999988528364,-0.0001064930249422,0.00031549319770650007,0.00010647355254400001,0.9999999424516104
20:43:00:636,-0.019742969955912827,-0.0002870155923510847,-0.07762616380478211,0.9999999385340048,-0.00013542939511465696,-0.0003235247536925678,0.00013536939610827288,0.999999973753781,-0.00018530219887116962,0.00032354979467838816,0.0001852584050912154,0.9999999305706582
20:43:00:669,-0.039741602383088895,0.03860934468031993,-0.049669141504100955,0.9999999474357671,-0.00014999832453045046,-0.0002623692345355957,0.00014995171169940216,0.9999999751436658,-0.00014382790053784706,0.0002623886937653193,0.0001437917382763348,0.9999999458088564
20:43:00:702,0.04905,0.07847999999999998,0.06867000000000001,0.9999999785157987,-0.00020158552724,-4.8287441638622896e-05,0.000201585527005,0.9999999796816376,-9.734049579572512e-09,4.8287442619744656e-05,3.1679817990421807e-21,0.9999999988341616
20:43:00:736,-0.010196567514244605,0.06844480653204724,0.04705938950719657,0.9999999794479235,-0.0001781979522429981,-3.43749903545584e-05,0.00017820581400135378,0.999999955306356,-6.624547016648302e-05,3.437017345820929e-05,6.623577436217846e-05,0.9999999723811012
20:43:00:769,0.019168185570608027,0.058672325800494966,-0.21425499368652542,0.9999999900148265,7.191574367101876e-05,0.00011898853721614865,-7.182233759589468e-05,0.9999996925571029,-0.0007778312791944939,-0.00011904559557334526,0.0007778224485777167,0.9999996881582643
20:43:00:802,0.019620000000000005,0.058859999999999996,-0.21582,0.9999999900968454,7.339791663741223e-05,0.0001200793692819,-7.330382798912087e-05,0.999999690478423,-0.0007833706701998,-0.00012013682988990001,0.0007833618601645,0.9999996859556196
20:43:00:836,-0.06966073610523989,-0.059317067897288564,-0.21566787186415545,0.9999999886595369,0.00011434587745972119,9.838451267189876e-05,-0.00011433548852412988,0.9999999727255221,-9.661597551875288e-05,-9.839336899944964e-05,9.660488367795093e-05,0.9999999744129411
20:43:00:869,-0.14665977404478067,-0.010361213357543588,-0.18631809441676125,0.9999999886062262,0.0001180884326915949,9.740175646886967e-05,-0.00011808410934986418,0.9999999931289741,-5.013696424501358e-05,-9.740684130082349e-05,5.0125748207778325e-05,0.9999999952153212
20:43:00:902,-0.10790999999999999,0.009809999999999998,-0.1962,0.9999999750734508,-0.0001291128333471,-5.709848976095404e-05,0.0001291629619023,0.9999998507741528,0.0004248635748425,5.700220106464752e-05,-0.0004248843904126,0.999999864040506
20:43:00:936,0.11888865897058756,0.05912433891459113,-0.047691587096925545,0.9999999703384107,-0.00021589891843037343,-0.00011123982255627485,0.00021596502762457918,0.999999800959809,0.0005920104412859952,0.00011111161779604754,-0.0005920346119752221,0.9999998181297012
20:43:00:969,0.041236404311354787,0.030186012396451484,0.019303417155922497,0.9999999830486668,-4.24360772368145e-05,2.2212712320679174e-05,4.2455634955953565e-05,0.9999999165252117,0.0002949298196874546,-2.2259206684113524e-05,-0.000294944148994695,0.9999999212276682
20:43:01:002,-0.11772000000000002,-0.029430000000000005,0.029430000000000005,0.999999991394558,7.154749613130123e-05,0.00010996290236210001,-7.155849883811625e-05,0.9999999924339216,0.0001000576750899,-0.000109955742654,-0.00010006554300910002,0.9999999889483108
20:43:01:036,-0.058776225148608106,0.0196368374773928,-0.08050892471128479,0.9999999925719674,2.0045794158481996e-05,3.143617608555083e-05,-2.006254015372165e-05,0.9999999780601795,-5.3984555700300266e-05,-3.142519239437966e-05,5.397774534691017e-05,0.9999999750967525
20:43:01:069,-0.09862216528455763,-0.01974957139693745,-0.24546568280403777,0.9999999943890748,-5.811351342289563e-05,-8.79746482310312e-05,5.808797123672206e-05,0.9999999563486923,-0.0002890205068901599,8.799157507591636e-05,0.0002890153187218846,0.9999999541687072
20:43:01:102,0.05886,0.06867000000000001,-0.06867000000000001,0.9999999817116376,-5.389582276475827e-05,1.7649394908007415e-05,5.384077407697926e-05,0.9999999439006584,-0.00010857866435939999,-1.764106847161609e-05,0.00010857816656989999,0.9999999285770793
20:43:01:136,0.07771809152664003,0.08756856610945152,-0.03952226899779779,0.9999999439518381,-4.034604867987262e-05,0.0003336633316231331,4.0203337431656565e-05,0.9999999071200868,0.0004320324131640869,-0.0003336807049472347,-0.0004320189874303765,0.9999998526737456
20:43:01:169,-0.0189715612492213,-0.009421672945733097,-0.05873519313709269,0.9999999495568794,-2.456641969462495e-05,0.0002943082369338959,2.4439066515842985e-05,0.9999999138266007,0.0003579648776279694,-0.00029432628326560984,-0.00035795275078118134,0.9999998660174065
20:43:01:202,-0.029430000000000005,0.019619999999999995,-0.058859999999999996,0.9999999943184621,0.0001050063969997,-1.8350271453257474e-05,-0.00010501064311760001,0.9999999676798186,-0.00023154508633170003,1.832595714491469e-05,0.00023154701198999997,0.99999997302507
20:43:01:236,-0.02972328869753842,0.01986503507059013,-0.05956809043153988,0.999999994276569,0.00010443521790895585,-1.7726736158199628e-05,-0.00010443963457343143,0.9999999677557407,-0.0002288142333285754,1.770259590575268e-05,0.0002288161611298187,0.9999999729929361
20:43:01:269,-0.0685212472255085,0.04940163213414655,-0.15667419528940177,0.9999999986910905,4.739786551636236e-05,6.7517937849369605e-06,-4.73988826134654e-05,0.9999999934345845,6.561621844294262e-05,-6.749913998879194e-06,-6.561642577965114e-05,0.9999999946128901
20:43:01:302,-0.03923999999999999,-0.01962000000000001,-0.11771999999999999,0.9999999990251396,4.334161166374228e-05,8.439515128991595e-06,-4.3342343076080165e-05,0.9999999953036348,8.668432036688418e-05,-8.435758051205874e-06,-8.668468607073919e-05,0.9999999962073016
20:43:01:336,-0.010360203524854873,0.029320750923801386,-0.12685781038056182,0.9999999989753815,4.345601022048205e-05,-8.801923903652664e-06,-4.345570411642495e-05,0.9999999973474786,5.616808562159324e-05,8.80439447543446e-06,-5.616770313947209e-05,0.9999999981896307
20:43:01:369,-0.10747373929727833,-0.04866838691001444,-0.029245290944134545,0.9999999989659162,4.380842681486969e-05,-1.5098531205112788e-05,-4.380775007469517e-05,0.9999999981481876,4.4558501032513685e-05,1.5100577903839916e-05,-4.4557839672417155e-05,0.9999999989582439
20:43:01:402,-0.04905,-0.00981,-0.15696,0.9999999955254792,-5.038629037441627e-05,-1.4119716077154266e-05,5.0388508623738314e-05,0.9999999773804631,0.00016318790031150002,1.4103668466126369e-05,-0.0001631885442103,0.9999999816551176
20:43:01:436,0.02933655634669717,0.020132539689009247,-0.10659600461607027,0.9999999930821118,-0.00011668332631715672,-1.369912786108196e-05,0.00011668660552448032,0.9999999627800569,0.0002464245894071342,1.367035869131119e-05,-0.00024642615265589834,0.9999999694615928
20:43:01:469,-0.029258416718199218,0.08790064771288864,-0.00981316478272325,0.9999999893232743,-6.443199151258876e-05,-8.583640754654582e-05,6.442858380825013e-05,0.9999999784434953,0.00010640268526564813,8.58205179977658e-05,-0.00010640354930973743,0.999999975279107
20:43:01:502,0.019620000000000005,0.06867000000000001,-0.07848,0.9999999846674208,-1.166498555868602e-08,-0.0001751147003332,7.189500588621553e-23,0.9999999977813276,-6.661339973518581e-05,0.0001751147007217,6.661339871383057e-05,0.9999999824487482
20:43:01:536,-0.000990148295543277,-0.0005315239412370257,-0.07853749769514413,0.9999999871020441,5.182110680975918e-06,-9.024529475944193e-05,-5.19883603417394e-06,0.9999999892850422,2.546687625347129e-05,9.024660812830366e-05,-2.5467497445790145e-05,0.9999999765012261
20:43:01:569,-0.10757107314487255,-0.029244377102177747,-0.08871890310514348,0.9999999929916177,1.803140817746199e-05,0.00011539122072827662,-1.8060449420952198e-05,0.9999999687386426,0.0002482609324546173,-0.00011538665625133738,-0.0002482630554055545,0.9999999620929847
20:43:01:602,-0.05886,-0.029429999999999998,-0.029430000000000005,0.9999999926330592,5.813694976715565e-06,0.0001091029814128,-5.840699493078644e-06,0.999999969467285,0.0002239544134153,-0.0001090974242576,-0.0002239562876047,0.9999999641825785
20:43:01:636,-0.039377776443101524,0.02974156637618218,-0.12842931435704497,0.9999999873920251,-0.00015967602235342869,9.506079234965104e-06,0.00015967736102806825,0.9999999807216312,-0.00011874435585042992,-9.487495159072028e-06,0.00011874593408588285,0.9999999933237973
20:43:01:669,-0.03974017672641453,0.029317929583705535,-0.12833798475803615,0.9999999873919219,-0.00016004034665436674,1.0266022717255448e-05,0.00016004159585927672,0.9999999806302942,-0.00011740560771487826,-1.0247382725039198e-05,0.00011740714626022521,0.9999999931973391
20:43:01:702,0.03924,0.06867000000000001,-0.05886,0.9999999920377168,8.407688113817208e-05,-7.393583716104851e-05,-8.40836430984691e-05,0.9999999906264422,-9.284883108154298e-05,7.392832729992706e-05,9.285609445299638e-05,0.9999999927605139
20:43:01:736,0.018867833895706138,0.06806635123280194,-0.1374462355090151,0.9999999922895243,9.616248319214257e-05,-7.780975684562462e-05,-9.616961519150492e-05,0.9999999911341249,-9.088218068812638e-05,7.780100408031197e-05,9.088969848399992e-05,0.9999999927526287
20:43:01:769,-0.05844903538286198,-0.019005813289966332,-0.0690161071676109,0.9999999957732227,8.267324418557679e-05,-2.1834500803876824e-05,-8.267485481295375e-05,0.9999999934598978,3.236660047823447e-05,2.183661377733542e-05,-3.2364533332756157e-05,0.9999999961538779
20:43:01:802,-0.05886,-0.029429999999999998,-0.10790999999999999,0.9999999969334332,7.824916239640637e-05,-3.194034330921051e-06,-7.824892805082689e-05,0.9999999942518087,7.330407867229187e-05,3.199770295317478e-06,-7.330382851773749e-05,0.9999999973081553
20:43:01:836,-0.0587605957393823,-0.009509633702887271,-0.11788380188559888,0.9999999983758643,4.925739085679719e-05,-1.545054656694709e-05,-4.925515267977868e-05,0.9999999912573947,0.0001161094150187134,1.5455495012781552e-05,-0.00011610891717710242,0.9999999925989428
20:43:01:869,-0.04887209571130899,0.009983618931648642,-0.14704770800022499,0.9999999993835017,3.033840716983935e-05,-2.3819379679135615e-05,-3.0334618455280377e-05,0.9999999895545547,0.00014372597544426422,2.3823922177298054e-05,-0.00014372536035412128,0.9999999898066102
20:43:01:902,-0.049049999999999996,-0.00981,-0.11772,0.9999999722141982,-4.6501264473041565e-05,0.00012321894718050002,4.6397642979111777e-05,0.9999998646284456,0.00040608038994239995,-0.0001232657516106,-0.0004060589923114,0.9999998471744628
20:43:01:936,0.06876289447324253,0.06908666214183005,-0.038229134037866416,0.9999999341487911,-0.00015402279323760613,0.00032927381284631125,0.00015376868376220618,0.999999689660888,0.0007734237488403626,-0.00032939252998292654,-0.000773373237356557,0.9999996474061441
20:43:01:969,-0.028791051462910174,0.04931539421719953,0.05822174506667044,0.9999999450963982,-6.886081670926e-05,0.0002725474466625718,6.86760052228841e-05,0.9999997586008226,0.0005283785696052792,-0.0002726454910031819,-0.0005283456351263995,0.9999997298861886
20:43:02:002,0.019619999999999995,0.05886,0.0981,0.999999977372976,0.0001850260645225,0.0001049733448943,-0.0001850048986359,0.9999999625643149,-0.00020160495127330002,-0.0001050106431353,0.00020158552612850004,0.9999999741680199
20:43:02:036,0.0984885109667701,0.08833866170320344,0.12688849857904896,0.9999999597673555,0.00022404525859781027,0.00012463727824383125,-0.00022398943055232392,0.9999998691618825,-0.00031524597442172855,-0.00012474232673210617,0.00031521237001445987,0.9999998909344678
20:43:02:069,0.09830462699244623,0.06890516075217182,-0.00868181387041827,0.9999998286003254,0.0005186303137628503,0.00026999228303329264,-0.0005183125209215746,0.9999991740569155,-0.0011731887346609006,-0.0002706026027080805,0.001173048349977412,0.9999992721868459
20:43:02:102,0.05232292991999998,0.055590837120000014,-0.07193602368,0.9999998278361655,0.0005204278881981,0.00027107646910600006,-0.000520108074449,0.9999991702781388,-0.0011785290090557997,-0.0002716895835512999,0.0011783878170953,0.999999268793194
20:43:02:136,-0.03932798263612926,0.028821302463817863,-0.19753544219066732,0.9999998155864769,0.0005982656930043475,8.741640838412469e-05,-0.0005981475065637642,0.9999988747705117,-0.0013753522339295602,-8.823996956272936e-05,0.001375300900511948,0.9999990486384962
20:43:02:169,0.009795897701682243,-0.038937521786380574,-0.2747389222873722,0.999999814680219,0.0006063296293947282,6.82118066878352e-05,-0.0006062307085290869,0.9999988435162136,-0.0013981436032748113,-6.905788187589327e-05,0.0013981014550183124,0.9999990254864445
20:43:02:202,-0.10791000000000002,-0.029430000000000005,-0.26487,0.9999997544713136,0.0004320944451828,0.0004935420355265,-0.00043201955015740006,0.9999996792694312,-0.0003991438916568,-0.0004937644512009,0.00039895189070850005,0.9999996291314301
20:43:02:236,-0.26491845873391784,-0.05949621233961196,-0.4327717594225095,0.999999737617446,0.0003810631094672317,0.0006143203313930427,-0.000380994812881052,0.9999999184654002,-0.00010530817991617064,-0.0006143612559304776,0.00010507371162134477,0.999999801408266
20:43:02:269,-0.13862896630699556,-0.10802421602065866,-0.44157837945438305,0.9999998867960503,0.00025161410387730194,0.00019429499259591412,-0.0002515260393441313,0.999999400684543,0.0007846224972817685,-0.00019417151214971886,-0.0007847059451887365,0.9999993616468431
20:43:02:302,-0.07848,-0.03923999999999999,-0.44144999999999995,0.9999999831299066,0.0001685233133982,-7.307584669462525e-05,-0.0001684242715686,0.9999990702087916,0.0013532238606560997,7.330382851811274e-05,-0.0013532115300809,0.99999908172213
20:43:02:336,-0.039426993892311024,0.04036169297438024,-0.41268610648111786,0.9999993930682621,0.0003831873772598416,-0.0007040286127454764,-0.00038206854446067663,0.9999988209946482,0.0014619308689839917,0.0007046179233517829,-0.001461487835373099,0.999998419301316
20:43:02:369,-0.021623054165755013,0.1468686709117602,-0.4627698524793061,0.9999986394878511,0.0006573361026535177,-0.0015108918076235992,-0.0006549136245502268,0.9999985016536953,0.0016021652250482023,0.0015119432155852506,-0.0016011718132812516,0.9999975722010029
20:43:02:402,0.22563,0.05886000000000001,-0.07848000000000002,0.999998041570942,0.0007790122881348,-0.001767523554924,-0.0007765964506291001,0.9999986263348738,0.0014269308764155,0.0017685824515516,-0.001425483487996,0.9999973072922509
20:43:02:436,0.028357851635422704,-0.0786531651165888,0.12777604456015063,0.9999966176140137,0.0010672461443713484,-0.0023731521862245973,-0.001064860152759108,0.9999989290690919,0.0010054247344436263,0.00237422397103613,-0.0010028963454692184,0.9999966821187927
20:43:02:469,0.07876547862703359,-0.02917233803244934,0.0786528279832045,0.9999966969220264,0.0010976920013814047,-0.002318983424926702,-0.0010954713905915268,0.9999989350969727,0.0009469150928852914,0.002320006821407379,-0.0009443866536360744,0.9999968412644469
20:43:02:502,-0.07848,-0.14715,0.12753,0.99999728650533,0.0013442219675713,-0.0019026427092552999,-0.0013433189105342,0.9999989845388821,0.0004758313877136,0.0019032804001999,-0.0004732742406162999,0.9999980767657562
20:43:02:536,-0.07881181485360216,-0.1469226152466308,0.1273460522480662,0.9999972987326549,0.0013347562977708064,-0.0018882725810129368,-0.001333867544583604,0.9999989696025979,0.00048827135807126196,0.0018889039018774002,-0.0004857273372156527,0.9999980635357126
20:43:02:569,-0.1379253919111602,-0.12806613517129245,0.16535160391084744,0.9999994238222917,-0.00010197885448455696,0.0005452260982372747,0.00010005686376097197,0.999996401145083,0.002550944500476046,-0.0005457940918718905,-0.0025505203353513445,0.9999960530344072
20:43:02:602,-0.009810000000000008,-0.04905,0.37277999999999994,0.9999996474300293,-0.0002520939502161,0.0008009921702832,0.0002498728883465,0.9999961273933716,0.0027717795365917,-0.0008016878172081,-0.0027715784131183,0.99999583781621
20:43:02:636,-0.10792556820763258,-0.019175271703339252,0.46097324751097457,0.999999487355027,-0.0006652461930033873,0.0007268278071926566,0.0006650496275103974,0.9999986390062143,0.00018189694347997903,-0.0007265983043926384,-0.00018142505411895037,0.9999986237221901
20:43:02:669,0.028333718256583165,0.03895503848648324,0.3456420409858369,0.9999994351388269,-0.0007999175896453394,0.0007010960895471543,0.0008003786236730771,0.9999994626080668,-0.0006608543820293566,-0.0007005659485923878,0.0006614148405433276,0.9999995376517106
20:43:02:702,0.02943,0.03924,0.07848,0.9999992180163912,-0.0007187083177216,0.0009898019516358,0.0007203811991408,0.9999983373612928,-0.0015056273929733,-0.0009887693894744,0.0015063217515114999,0.9999980779978839
20:43:02:736,0.009246638885232451,0.07874643054307633,-0.1811570484623227,0.9999990548866076,-0.000656116417259024,0.0012062088620398027,0.000658702067797128,0.9999974858126036,-0.002144114501343308,-0.0012047980244613934,0.002144908961419548,0.9999969735879233
20:43:02:769,-0.08733081792501345,0.049950567433668804,-0.6177413318800561,0.9999993986855108,-0.0003786185066489623,0.0005145874884755599,0.00037983831765538346,0.9999980342955869,-0.0018940179879281828,-0.0005137699801129366,0.0018944884118832733,0.9999976877479857
20:43:02:802,-0.15696000000000004,-0.04905,-0.34335,0.9999998886619121,1.7599797693103837e-05,-0.00047155743085180004,-1.8325955107614957e-05,0.9999988141038686,-0.0015399529265279,0.0004715297687737,0.0015399613968127,0.9999987030884456
20:43:02:836,-0.17597714851879337,-0.04911955322570135,-0.5003113551511847,0.999999886319875,-0.00010816843511191905,-0.00039332037831859646,0.00010770170457101772,0.9999988997718746,-0.0007940770716490046,0.00039315239066748547,0.0007940615564033984,0.9999988406971471
20:43:02:869,-0.05991417871153538,-0.06885688835661333,-0.22808808778867773,0.999999882246455,-0.0004462688203318884,-0.00018640476775805671,0.00044649448777970316,0.9999991347937618,0.0012236771645383403,0.0001858535829952113,-0.0012237596610197175,0.9999992171642361
20:43:02:902,4.346311510109752e-19,3.236998436611115e-18,-0.14714999999999998,0.9999998778822868,-0.0004560793073618,-0.0001889148213386,0.0004563259653989,0.9999990364207164,0.0012995987800599,0.00018831823849370003,-0.0012996850176455,0.99999912288351
20:43:02:936,0.04385750192699312,0.05253842830633339,-0.015334306090292205,0.999999845482294,-0.0005138231790697932,-0.0002127026890380568,0.0005141971033920956,0.9999983198303005,0.001761108639639299,0.00021179830166680207,-0.0017612177817394011,0.9999984293528148
20:43:02:969,0.04906270588025382,0.05878576823925665,0.0003818709621098602,0.9999998453252607,-0.0005142832597533934,-0.00021249676327932677,0.0005146568151416778,0.9999983193077008,0.0017609200000616003,0.00021159177148280243,-0.0017610291388418158,0.999998429042895
20:43:03:002,0.04905,0.06867000000000002,-3.596139421377301e-20,0.9999999080684691,-0.000350114884472,-0.00024278838784779999,0.0003504287926237,0.9999990848759369,0.0012989869381223,0.0002423270281228,-0.0012990714785182,0.9999991178948568
20:43:03:036,0.04927907708821959,0.06903407874554897,0.15818718633427087,0.9999999135000092,-0.000335113190054315,-0.0002454238509566523,0.0003354203083663109,0.9999991520571222,0.0012532301227903108,0.00024500139938625953,-0.0012533123088797008,0.9999991783959121
20:43:03:069,0.059419365091217445,0.10815895976441314,0.1580913491248783,0.9999999467935021,-0.00011540650483742212,-0.0002775895848262533,0.0001153923618413032,0.9999997308224049,-3.864904639957177e-06,0.00027750091549025454,3.835109424201984e-06,0.9999997065579581
20:43:03:102,-3.696625008555399e-18,0.03924,-2.6549464713896185e-18,0.9999999574336929,-4.520489705491287e-05,-0.0002882518512363,4.5087670454524015e-05,0.9999999162913912,-0.0004066747015245,0.0002882702107952,0.0004066616876094,0.999999875763271
20:43:03:136,0.09771918127099685,0.0587291235011172,-0.08872048455611357,0.9999999752245697,6.929608749983718e-05,-7.138910922476383e-05,-6.932531029873167e-05,0.999999911033465,-0.00040605879173020087,7.13609931992985e-05,0.00040604735045915165,0.9999998997198395
20:43:03:169,-0.0867259046254287,-0.009167576291033316,-0.15546841034759515,0.9999999869641071,0.0001446897719215995,7.164555562138937e-05,-0.00014466128038733136,0.9999999077342261,-0.0004068608655950529,-7.170435073541957e-05,0.00040685042441851525,0.9999999156801359
20:43:03:202,-0.0981,-0.029430000000000005,-0.2943,0.9999999733081777,0.00012698351760960004,-8.468563337676974e-05,-0.0001268899472042,0.9999998582082849,6.0273802162280275e-05,8.468312409426216e-05,-6.0266464303768124e-05,0.9999998480212089
20:43:03:236,-0.03945230379446445,-0.019559564002737066,-0.0957525452347872,0.9999999565886267,0.0001049770343915873,-0.00027584088920511445,-0.00010480463650483904,0.999999797964108,0.000628784431918055,0.00027590705695582356,-0.0006287554804110409,0.9999997655695158
20:43:03:269,-0.09816448623703522,-0.010080696150792792,0.06745083703019128,0.9999999404041344,4.9879724700538946e-05,-0.0003221550915640096,-4.981916647669479e-05,0.9999998202302294,0.0003052328209052998,0.0003222143946050343,-0.00030522317349253585,0.9999997706579162
20:43:03:302,-0.00981,0.01962,0.14715,0.9999999001594002,-8.690094304539664e-05,-0.0004383256958486,8.6684677744857e-05,0.9999998745288022,-0.0004933843798634,0.0004383685164192,0.0004933463344819,0.9999997822211952
20:43:03:336,0.019631023116797236,0.030223427693062428,0.06723451936374919,0.9999999106580888,-9.605771775320921e-05,-0.0003991697015532776,9.583697901252853e-05,0.999999716499382,-0.0006436246761719595,0.0003992404872774369,0.0006435886615643501,0.9999996370263204
20:43:03:369,0.01964080245306378,0.14657019896567586,-0.06792590368649595,0.9999999748096209,-0.0001542117234122603,-0.0001600270309982046,0.00015396158383731225,0.9999987485684797,-0.001572144715873351,0.0001602699283651791,0.0015721204037009164,0.999998747451017
20:43:03:402,0.013080515085627003,0.11772227854205615,-0.10463713536223616,0.9999999754611903,-0.00015529499707654985,-0.00015799618208164442,0.00015504542613597327,0.999998742330802,-0.0015783853362881432,0.00015824109823576684,0.0015783608001850222,0.9999987418689635
20:43:03:436,-6.940204106891499e-05,0.057666329820510155,-0.1761646003933672,0.9999998006108151,0.00024338321747666963,-0.0005648145378195582,-0.00024418851704510324,0.9999989370760917,-0.0014337001498888554,0.0005644687889799964,0.0014338483099896344,0.9999988073426679
20:43:03:469,-0.00953280299310399,-0.07791790373396265,-0.05925790335096036,0.999999788662964,0.00026923483449796203,-0.0005932708149841356,-0.00027007909164788985,0.9999989480328112,-0.0014258875189586036,0.0005928860298988079,0.0014260474367534777,0.9999988091609245
20:43:03:502,-0.058859544666674014,-0.0490502035227467,-0.14714909803238924,0.9999999059791883,0.0003300005167950417,-0.0001769563211577807,-0.00033022329741144593,0.9999994469516528,-0.0009693439409746761,0.0001766438547741899,0.0009693954438518915,0.9999994629105691
20:43:03:536,-0.1183384755058639,-0.06888400569170267,-0.24658382698124973,0.9999999377734254,0.00034687515549641583,-6.333258356483091e-05,-0.00034692859527742033,0.999999583578167,-0.0008432970657663022,6.30400219330762e-05,0.0008433189703912663,0.9999996418106868
20:43:03:569,-0.10945971299504147,-0.07819709869712502,-0.2772961758202599,0.9999999129279816,0.0004108830656366119,-3.941218665827518e-06,-0.000410896287643477,0.99999973030874,-0.0005601458471024543,3.7223213471366124e-06,0.0005601449654738761,0.9999998150609848
20:43:03:602,0.04905042844515324,-0.11771990565730184,0.029430642844630022,0.999999896693878,0.00045321800648672557,3.4735639307326125e-05,-0.0004532048889250434,0.9999998263461214,-0.0003767188174418606,-3.490636722557866e-05,0.0003767030360668642,0.9999999284397362
20:43:03:636,-0.11730497669303398,-0.04736764495549363,-0.2637875909176959,0.999999919107603,9.418348774696139e-05,6.82182336149558e-05,-9.423138007786035e-05,0.9999996006081593,0.0003138442095163101,-6.847148448265587e-05,-0.00031383692177964763,0.9999996755448729
20:43:03:669,0.1549475428808891,0.17445017756722525,0.21390032974991974,0.9999999445025732,-0.00031351793813069425,0.00010637316003259657,0.00031340080939175623,0.9999993442639403,0.001098557555268954,-0.0001067201488935549,-0.001098524109773683,0.9999993884214556
20:43:03:702,0.10791136589015428,0.2648706649630536,-0.02942857299178316,0.9999999505515953,-0.00014928423726664173,4.5438474560792885e-05,0.00014919676207673856,0.9999995246239038,0.000729160685231515,-4.569475306859818e-05,-0.0007291297283110103,0.9999995631089309
20:43:03:736,-0.00970428053163104,0.09708528000431932,0.06979180050810149,0.999999965279587,0.00024802913680005607,-0.00010117369184859157,-0.0002480451202568457,0.9999999608204151,-0.00016356802529400512,0.00010113701156508554,0.00016359298392442097,0.9999999855948932
20:43:03:769,0.1256803947805233,0.11724409857011471,0.05884486231318186,0.9999999070764455,0.0003369657457382821,-7.201579763513606e-05,-0.00033695368600256977,0.9999997631030402,-0.0003215767197741075,7.179786716853803e-05,0.00032158145617869837,0.9999998448135267
20:43:03:802,0.26486944812540186,0.12752999008115168,0.12752956199417798,0.9999994564495293,0.0010320108707898368,0.00014848993799624195,-0.0010317782150350361,0.9999982533463976,-0.0015584363026333752,-0.00015009800787316497,0.00155828224530392,0.9999987746075069
20:43:03:836,0.2643061960308577,0.12730187206012605,0.1273010752186067,0.9999994453099234,0.0010373352538864745,0.00015152429103118125,-0.0010370945746096662,0.9999982373220289,-0.0015604686075310406,-0.00015314918752834164,0.0015603065197431355,0.9999987667223763
20:43:03:869,0.16811977013328153,0.11712511143127209,0.08909146704790066,0.9999975096505753,0.00209176305035255,0.0007078401657304717,-0.002090116989687415,0.9999951636678514,-0.002276584506190701,-0.0007126547404407586,0.0022750564150177065,0.9999971268041908
20:43:03:902,0.04905037921161156,0.18639028724207113,-0.01961924444568418,0.9999973692540098,0.0021682836200136264,0.0007483537415123775,-0.0021665347589835465,0.9999949388412701,-0.0023298980139456645,-0.0007534018322645461,0.0023282705510250983,0.9999970057688657
20:43:03:936,0.07913119042197839,0.05798264559927296,-0.07878892726918563,0.9999977070093499,0.0020647971520319445,0.0005590246150529698,-0.0020638947678222846,0.9999966011474261,-0.0015469194021036636,-0.0005622369839767652,0.00154575759615271,0.9999985712898696
20:43:03:969,0.07968283573511524,0.020718962385093753,-0.012242340091690427,0.9999977848988993,0.0020415730316657643,0.0005141018614258419,-0.0020408730571756938,0.999997000478302,-0.0013577231221264174,-0.0005168760082355167,0.0013566711257134005,0.9999989498848891
20:43:04:002,-0.06866978326019578,-0.10791022337679473,0.25505953777776047,0.9999985935058506,0.0015659441674130776,0.0004692380050208481,-0.0015648995429689578,0.9999958666984752,-0.002272179678379497,-0.0004725262074611268,0.0022714294753695434,0.9999970502370564
20:43:04:036,0.030277420623161733,0.08019936342068607,0.13696776604830627,0.9999990966907027,0.0012698876791667703,0.00044121688296470127,-0.0012686287939276304,0.9999951594903583,-0.002841636832846164,-0.0004448247955250014,0.002841074550100049,0.9999958665526264
20:43:04:069,0.02958569407510307,0.060959276237551346,0.3018424951998956,0.9999991782032736,0.001210910307785165,0.0004137615370468454,-0.0012096516324498173,0.9999945930308969,-0.0030475025275663943,-0.00041743312217959786,0.0030469972001397915,0.9999952411557014
20:43:04:102,-0.01961866973384189,-0.15695965784141933,0.3531617348901197,0.9999992912442673,0.0011296156219953654,0.00037613888127813785,-0.0011283561518955474,0.999993812401853,-0.0033319620095250443,-0.00037990038956400325,0.003331535229602693,0.9999943782580212
20:43:04:136,-0.2262480663926217,-0.018115469509355657,-0.03273225984950998,0.999999414941715,0.0006390932313045305,0.00029012600836540785,-0.0006381311384342278,0.9999943637949235,-0.0031863160692318197,-0.0002923543315667516,0.0031860132665059927,0.9999948416293015
20:43:04:169,-0.05223193413663922,0.029415157381870463,-0.042812676250944356,0.9999997500240316,-0.0006873758701241671,5.740166686437923e-05,0.0006875340581226442,0.9999958505655139,-0.002794057903037019,-5.548585507652814e-05,0.0027940906767225035,0.9999960899968515
20:43:04:202,0.20600935569530712,0.029430105958645442,0.34334976796837974,0.9999992840151009,-0.0005425266476085493,0.00035378737930173894,0.0005434840159517253,0.9999958765211654,-0.0027824350412659266,-0.0003522638340485626,0.0027822162292417516,0.9999956653741088
20:43:04:236,0.1768972521001815,0.009754870627806741,0.06717314983352872,0.9999950550652466,0.0008335569696725097,0.0030453068988623377,-0.0008253336582055245,0.9999960484241046,-0.0026944545732750743,-0.0030475318565571187,0.002691943993753276,0.9999917748279742
20:43:04:269,0.17950423153137732,0.010037778882484194,0.07119004684298806,0.9999950673613021,0.0008209539854262896,0.0030451029267767903,-0.0008127325081387858,0.9999961278082291,-0.0026799096715186413,-0.003047255760475128,0.002677400513969358,0.9999918429241174
20:43:04:302,-0.28448806255633396,-0.07847869331936864,-0.4022080190797785,0.9999966200416769,0.002400926012331925,0.000339302270353797,-0.002399630093946571,0.999977407283908,-0.006172834424053658,-0.0003546160959755758,0.006172385437378209,0.9999800145857803
20:43:04:336,-0.20455516547393796,-0.23581053136536484,-0.3328596282400745,0.9999967492867596,0.002536296205922451,0.00010622378696862508,-0.0025356030149548364,0.9999758112691643,-0.006470889521365467,-0.00012265798247961457,0.006470613529051239,0.9999790036218387
20:43:04:369,-0.0717358968019383,-0.062486716824101035,-0.18301428388987814,0.9999977730184236,0.0015436265919363118,0.0011462661006067375,-0.0015394309102359318,0.9999885757939287,-0.0043164142860674095,-0.0011536096501339765,0.0043149709499136595,0.9999890474957728
20:43:04:402,0.4120162890885848,0.3923963620579857,0.9221312668514101,0.9999981706027512,0.0012253245753800824,0.0014688840896838675,-0.0012199830047540958,0.9999926608648846,-0.003631794229244081,-0.001473323441939565,0.0036299955837559125,0.9999923263483709
20:43:04:436,0.8286780574379092,0.7978720171296179,1.3277951006610003,0.9999609708749249,0.0012036198840146182,0.007390864438574061,-0.0012115816269447537,0.9999960842500646,-0.0005033737902036662,-0.007391502305597488,0.0004945258169711473,0.9999584728475128
20:43:04:469,1.1681080297692847,1.0001490155556214,0.27955330843321036,0.9999378000077394,0.0011810016803657996,0.011093306938744904,-0.0011972682881461203,0.9999982834308905,0.0014542539721741111,-0.011091587881987167,-0.0014673686178268066,0.9999373477590465
20:43:04:502,0.7749926701725669,0.8142336285951814,0.33354293152327175,0.9998865591671224,0.005108098376095547,0.013186833328468695,-0.005133904222034976,0.9999745035429614,0.0018319773134125468,-0.013175092043784841,-0.0019105896084905922,0.9999083324493941
20:43:04:536,0.7171521489057473,0.3217255247096404,-0.7564170898958371,0.9998163058219767,0.010504120269899416,0.016041839412885468,-0.0105429962298074,0.9999418042229279,0.0023433689162113526,-0.01601630667360037,-0.002511910941601196,0.9998686073037527
20:43:04:569,0.7375343863411663,0.4590707853837063,-1.0457286822194984,0.999832784910465,0.011162666642985099,0.014073104349964788,-0.011209859430855049,0.9999258320297247,0.003873343386547516,-0.014026039379491899,-0.0040267825496930745,0.9998849425591255
20:43:04:602,0.47088099785586085,0.0784903421811246,-0.18639350586309736,0.9998776519407887,0.013018768279751054,0.008671362105565752,-0.013089097802938713,0.9998814947982051,0.008103802373655478,-0.008564832969122442,-0.008216311111957197,0.9999295652936522
20:43:04:636,0.4698331029351189,-1.3162087589579472,-0.20489228269391896,0.9998816485886715,0.012099117671216441,0.008972705788319902,-0.012178854778755847,0.9998819763484198,0.008682879430701914,-0.00887221346522301,-0.008788343021494937,0.9999197167219791
20:43:04:669,0.2464596880705373,-0.3311910532237115,0.25102090276381517,0.9999238500644309,0.0025469302675250444,0.012043780418627081,-0.002725557103545002,0.9998859269669946,0.014820922620490588,-0.01200510254563222,-0.014852414783472115,0.9998173385347388
20:43:04:702,0.24525061372479728,-0.323731005053233,0.25506278449904934,0.9999240684730607,0.002485436234268366,0.012069808538912976,-0.0026649012357218295,0.9998857997933764,0.014875695842251931,-0.01203145737395967,-0.014906731277590523,0.9998165002183501
20:43:04:736,0.027282989885417316,0.18921164705581978,-0.2599982029378417,0.999964144895725,0.003919337872821356,0.007479716724633503,-0.003970245697609513,0.9999689028924624,0.006649256690471531,-0.007453698161742318,-0.006678657800778159,0.9999485320348906
20:43:04:769,-0.10673705897194176,0.19321676472246627,-0.4152830506836058,0.9999659583509645,0.003945179016770709,0.007355392937191844,-0.003991147064790402,0.999972341068072,0.006376138622134793,-0.007329458476665208,-0.006405955957893635,0.999953611047574
20:43:04:802,-0.16677079475162354,0.7553682257776129,-0.13733658305236124,0.999898057952342,0.011562845270703902,-0.004383389968332376,-0.011607926154503614,0.9999066976472877,-0.00342429111839366,0.004323746304557479,0.0034979159086182404,0.9999540817758269
20:43:04:836,0.06093533957567353,0.2950503486859184,-0.9128414862231401,0.9998799706403745,0.013548981620221558,-0.007486613781936308,-0.013594192298716126,0.9998895447190776,-0.006000572735121052,0.00740449477473289,0.006101574509013384,0.9999537340983132
20:43:04:869,0.023252681721845803,-0.5539529746525864,-0.010098505490921377,0.9998295418550811,0.012207078981479675,-0.013045633268284732,-0.012317286114209262,0.9998915190137678,-0.007864560302337906,0.012949851843998673,0.008019212806457319,0.9998725626073428
20:43:04:902,-0.32373069871097826,-0.6572711298912298,0.23544433041208132,0.9997971069762273,0.011331075474967938,-0.016653893393572854,-0.011483313326986431,0.9998928899204039,-0.009074264020695423,0.01654928845008976,0.009263664714251444,0.9998201369192528
20:43:04:936,0.039776480980370565,-0.6610325522220383,-0.7050245211576878,0.9995280525993072,0.012021013154226715,-0.02618998044169404,-0.012380996370372198,0.9998426590934666,-0.012182456471613909,0.026036175537148373,0.012510490755082187,0.9995203991619507
20:43:04:969,-0.38752524872374544,-1.2039241881144884,-0.4983480748322007,0.9991968982074882,0.012868434065849414,-0.03793141027611844,-0.013484093369211324,0.9997808854425279,-0.016007238622209215,0.03771706954836591,0.016505938107885525,0.9991514867847797
20:43:05:002,-0.6278392403988584,-1.2949166402834176,1.5695952312907426,0.9993336140140655,0.01232016956956233,-0.033599298295063994,-0.012900503874400532,0.9997568449478429,-0.017660297884525725,0.03337620081505918,0.018089381866528986,0.9992504052103071
20:43:05:036,-0.6868165957769277,-2.005092350954674,0.5784584147426755,0.9997285989202528,0.009614387543202554,-0.020251234896434933,-0.010057352833100544,0.9997123354996834,-0.021324190688266815,0.02003222867646414,0.021542031040013898,0.999552526909632
20:43:05:069,-0.6863844848009764,-1.9997786887474436,0.5838047044828656,0.9998607608680636,0.0037011684617398823,-0.012178789920881915,-0.003952035495781695,0.9998007569195964,-0.0181003083243299,0.012086484106699021,0.018202776947654833,0.9997181046923578
20:43:05:102,-0.6867010680152309,-2.0012475663892424,0.5886068090119562,0.9999883177883897,-0.001973202875376962,-0.0044124611673188,0.0019067324901471724,0.9998854051870317,-0.01501800567274263,0.004441588961546849,0.015009417272366671,0.9998774869687105
20:43:05:136,-0.38055463320640903,-0.36434030389588096,-0.579639100437177,0.9999880831869523,-0.0019741957960728628,-0.004426519700250439,0.0019075235646468412,0.9998855166551864,-0.015004104631596318,0.004455567801721142,0.014995625160490354,0.9998774780545332
20:43:05:169,-0.08912393930003813,-0.16723372984789403,-0.22745508086228738,0.9999816240563476,-0.003392072650120138,-0.004999018390512506,0.0033299557567756867,0.9999172851433967,-0.012396869898263168,0.005040402347100625,0.012379981725942886,0.9999103780003629
20:43:05:202,-0.19946871511461278,0.15041812616477424,-0.7292047808356903,0.9999812283899038,-0.003490159023916432,-0.005036040383549991,0.0034283659459134323,0.9999193692685788,-0.012227074301192123,0.005078308738525501,0.01220957939259807,0.9999125646884939
20:43:05:236,-0.28369013104943647,0.15643357977424727,-1.0459358450482479,0.9999891010862015,-0.001869396518420093,-0.004024759654080161,0.0018287995822807454,0.9999487350152199,-0.009696064832470201,0.004045034567850506,0.009687648651337387,0.9999427534343143
20:43:05:269,-0.11877332446699189,0.1598934049164293,-0.4620958975082492,0.9999936333327621,-0.0009357284085917818,-0.003442175371759886,0.0009073284150340014,0.9999656226415737,-0.008240553252943546,0.003449779738428433,0.00823737116063762,0.9999601124043335
20:43:05:302,-0.1177199516218993,0.1275301199745001,-0.922138494343788,0.9999932702672567,-0.0006300953419783107,-0.0035806067109284525,0.000603138824354161,0.9999705255278339,-0.007579484649751201,0.003585710440275575,0.007577366457758094,0.9999643738953197
20:43:05:336,-0.09011173155458022,0.13637083265247202,-0.5820840872707239,0.9999924401497239,3.37414865285194e-05,-0.0038891123742713363,-5.763625954243349e-05,0.9999811457924572,-0.006144294400112099,0.0038888244477780286,0.006144470369117054,0.9999735831790441
20:43:05:369,-0.1271306086623568,0.1177147743896196,-0.5286426808621043,0.9999924368672793,3.213996626736853e-05,-0.003889917893233914,-5.611464578369141e-05,0.9999810312648365,-0.00616667031288597,0.0038896514378918222,0.006166839675056191,0.9999734677764912
20:43:05:402,-0.12753033759465274,0.11772041933268923,-0.5297417517362953,0.9999933580122484,-0.00016070206146905118,-0.0036411668007449356,0.0001500980260382255,0.999995747811447,-0.0029123445449832494,0.0036416193296385834,0.0029117786732447215,0.9999891299750933
20:43:05:436,-0.07360691020860857,0.0239834633992741,-0.2009945460871988,0.9999933887484408,-0.00016772325390588522,-0.0036256582121749013,0.0001571708220210078,0.9999957383188915,-0.0028923174666340757,0.0036260974267201293,0.002891746946852969,0.9999891621106191
20:43:05:469,-0.059444061833385464,0.019478777857305552,-0.17754044078110684,0.9999984238437732,-0.001337161306615255,-0.0011467993993207945,0.0013384539918680394,0.9999983325765842,0.0011874112928010807,0.001145176896688389,-0.0011889257280508316,0.999998555323715
20:43:05:502,0.03839856126955525,0.027280988126943143,0.05157103052576533,0.9999984548797709,-0.0013451479852094417,-0.0011317359742272074,0.0013465232303733132,0.9999983550108121,0.0012152691490811586,0.0011300994026311284,-0.0012167911832956318,0.9999986211638288
20:43:05:536,0.028379215365634754,0.039007788622410125,0.07746521409549996,0.9999992575073446,-0.001022258119637698,-0.0006681950278960077,0.001022941539474181,0.9999989671599921,0.0010151005129180346,0.0006671580180717116,-0.0010157833785417573,0.9999992691852189
20:43:05:569,-0.09579500028992084,-0.021241520761021825,-0.04485647193258268,0.9999992552018895,-0.0010216894022187057,-0.000669897780534833,0.0010223749331258769,0.9999989628580599,0.0010191650989207959,0.0006688540442166927,-0.0010198486556241308,0.9999992614908076
20:43:05:602,-0.06867035440207013,-0.05886003955001882,-0.06866966976527664,0.9999985718735538,-0.0013965471838291196,-0.0009517906654171326,0.001396551261578215,0.9999990248119404,3.6213988386283756e-06,0.0009517846815870222,-4.950618583300125e-06,0.9999995470373485
20:43:05:636,-0.027910912514983784,-0.02744916056197881,-0.1307389420392445,0.9999985751033454,-0.0013949354458828126,-0.0009501971040737958,0.0013949425130898676,0.9999990245637395,8.335977557572526e-06,0.0009501859303481635,-9.661927210580944e-06,0.9999995460584596
20:43:05:669,0.04907860965465355,-0.01002718822892746,-0.06003654941506934,0.9999989662646647,-0.0012198869456270017,-0.0007342310199048782,0.0012202410231910974,0.999999004426119,0.0005679200599205499,0.0007335885549727963,-0.0005688352826307313,0.9999994753266315
20:43:05:702,-0.004808752498149129,0.0026930468310028812,-0.020581002924276955,0.9999991682242839,-0.0011295672032956936,-0.0006225979778153665,0.0011301010132402933,0.9999989936039926,0.0008577077198735057,0.0006216285132040216,-0.0008584106049180545,0.9999994383539712
20:43:05:736,0.048998461222631295,-0.059499011259758344,-0.16598462599691485,0.9999993861579259,-0.0009517089721541146,-0.00048522786003713994,0.0009520741489260067,0.9999992699141443,0.0006611208547708653,0.000484540500193258,-0.0006616223305469342,0.9999996148445778
20:43:05:769,-0.07734850527865707,-0.09899302625053075,0.0937801798871545,0.9999997440327584,-0.0006590160294318145,-0.00025787550262540605,0.0006591036515992135,0.999999724407724,0.0003382104878568574,0.0002576516283485025,-0.0003383787912665714,0.9999999042054409
20:43:05:802,-0.255059096050427,-0.11771985091651918,0.0490503558837211,0.9999996922587697,-0.0006676385580720719,-0.00021316495798873037,0.0006677080631588079,0.9999997168390513,0.00033736891558519284,0.00021293910211554,-0.00033748323197081156,0.9999998615154972
20:43:05:836,-0.2536881818795306,-0.11727001505891645,0.04799870915818179,0.9999965727213693,-0.0012639709653943895,0.0023051496070247784,0.0012630757900498522,0.9999991288203963,0.0003882868343372095,-0.0023056376278731464,-0.00038538137202725824,0.9999972955487888
20:43:05:869,-0.07259479103663595,-0.05083833283473882,-0.1636852487650106,0.9999965779743228,-0.0012594659701732555,0.0023062656798085207,0.0012585686754322935,0.9999991371868181,0.0003844125144403344,-0.0023067456364810213,-0.0003815041183864749,0.9999972986420561
20:43:05:902,-0.03924042206202741,-0.03924025720979906,-0.13734174803033744,0.9999984938974589,-0.0016761124718139447,-0.00045034926555974196,0.0016766761314721994,0.9999978079488426,0.0012541326346451945,0.00044824620876769835,-0.0012548858409223032,0.9999991121485952
20:43:05:936,0.05642301691318754,0.020017904174440167,0.14211754041427,0.9999984933169198,-0.0016738383640709476,-0.00044608367123648204,0.0016743971498762167,0.9999978171318418,0.0012469017072418104,0.0004439935051280948,-0.0012476485703083742,0.9999991139050827
20:43:05:969,0.0586386536018642,0.01977036052997618,0.1384953152952711,0.9999988419695636,-0.0014443072826516897,-0.00047557181219845556,0.0014444765221877012,0.9999988907653891,0.0003558346128815315,0.0004750560159229541,-0.0003565214223762433,0.9999998194729462
20:43:06:002,0.13643103631991813,0.0105367506512161,0.030157097826018595,0.9999988446638571,-0.0014432192266469654,-0.0004772741067774675,0.0014433868226742775,0.9999988967186714,0.00035099541759257537,0.0004767670174797753,-0.00035168390296032027,0.9999998245069974
20:43:06:036,0.18606336319295563,0.020091424297266864,0.03954934712545566,0.9999989715516157,-0.0014034403707473733,-0.00029824357973071077,0.001403485891994751,0.999999004707359,0.0001529825529040714,0.00029802988003021233,-0.00015340031977098434,0.9999999443752299
20:43:06:069,0.09779332317312266,0.08098700007414904,0.018713483003360915,0.9999989708222996,-0.0014061703343130464,-0.00029698499809031117,0.001406213561909698,0.999999004509094,0.00015293432480769292,0.00029677441664385015,-0.00015334910725328617,0.9999999468883086
20:43:06:102,0.01962108019626952,0.049050616368594806,-0.11771937649680797,0.9999996052001568,-0.0005704878559197895,8.282966935152283e-05,0.0005706717933474964,0.9999993832643033,-0.0005270948272371492,-8.28375035754691e-05,0.0005269698403087697,0.9999996928892317
20:43:06:136,-0.17406605785658313,-0.03778494463490959,-0.1292074383749811,0.9999999523382996,-0.00011338131498343905,0.00029102366551150545,0.00011364223993667434,0.999999590912832,-0.0008991558206305799,-0.0002909200402342059,0.0008991897358662099,0.9999995542255752
20:43:06:169,-0.23604095477304615,-0.06858041723209939,-0.21428899211239805,0.9999998936845967,-0.00020934640230193497,0.0003734631400607844,0.00020961650126329078,0.9999996553408306,-0.0007753470656516741,-0.00037332214169311594,0.000775440406184069,0.9999996093412914
20:43:06:202,-0.11227084180603535,-0.08392978775858047,-0.28212923275643764,0.9999997834690408,-0.000389794022564846,0.0005302089098426317,0.00039008108906853615,0.9999997773455371,-0.0005414266160825329,-0.0005299977481592628,0.0005416333235406121,0.9999997128666848
20:43:06:236,-0.05887565085784933,-0.13786127022881056,0.03156090001266154,0.9999997585583964,-0.0004181701572049913,0.0005365044696776495,0.0004184237302344645,0.9999997502921708,-0.0004880525489180552,-0.0005363359644962322,0.0004882813163209574,0.999999702890804
20:43:06:269,-0.059340651486675056,-0.13816544481654908,0.030253530656205823,0.9999991811605148,-0.0010765763003186385,0.0006894843303223458,0.0010760550907391879,0.9999991302321466,0.0007536391994441006,-0.0006903005253314308,-0.0007528959799251743,0.9999994728207041
20:43:06:302,0.026886168505451807,-0.02307224355839211,-0.008901554720646163,0.9999991774793621,-0.0010805945248641678,0.0006909103338973033,0.0010800677917659955,0.9999991261808975,0.0007622957471702903,-0.0006917334618697916,-0.0007615488901726749,0.9999994707756477
20:43:06:336,0.028895442103573015,-0.029694582979062783,8.383647026648026e-05,0.9999991830882056,-0.0012033124966856234,0.00043237633032436204,0.0012031753785202528,0.999999226480224,0.000318512485278552,-0.0004327592164035931,-0.000317991646976441,0.9999998568732353
20:43:06:369,-0.049558231965657965,-0.05381870841718938,0.021135155927939197,0.999999182872728,-0.0012037229450854855,0.00043204379508198496,0.0012035841548097362,0.9999992247790659,0.0003208973392948364,-0.0004324294898325836,-0.00032037651443008423,0.999999855904981
20:43:06:402,-0.08829023063276421,-0.09810026818577722,0.03924103296088654,0.9999992440853758,-0.0009518998840634017,0.0007782764346904411,0.0009517868422400712,0.9999995364501041,0.00014560441505258727,-0.0007784146749335218,-0.00014486355205162564,0.999999686541929
20:43:06:436,-0.005782774579112071,0.003329555168357319,-0.20912736980116772,0.9999992458180119,-0.000951756962310666,0.0007752790469924039,0.0009516438805608261,0.9999995358258842,0.00014734626587150138,-0.000775418771023572,-0.0001466082178065732,0.9999996875633362
20:43:06:469,0.03944760114543052,0.03889408895487717,-0.2942119680929618,0.999999523137429,-0.0008802705857126099,0.0004211202382370924,0.0008801396421257374,0.9999995623935702,0.0003139808209113453,-0.0004213959421329218,-0.0003136096054189435,0.9999998604997272
20:43:06:502,-0.026071108974266947,0.0923550796072393,-0.3041097290589453,0.9999995246373126,-0.0008800691849797492,0.0004197684059206342,0.0008799375551622748,0.9999995636684016,0.0003136525881234797,-0.0004200442600033625,-0.0003132830698441693,0.9999998627114565
20:43:06:536,-0.04859538409778646,0.09777370843025239,-0.30288994563839855,0.999999725541077,-0.0006489460546609514,-5.83176596610502e-05,0.0006492002611534558,0.9999989032851094,0.0011874180779937185,5.763657780132523e-05,-0.0011874070154599453,0.999999073656711
20:43:06:569,0.039778807032431654,0.0568062837053768,-0.028644721720285263,0.9999998148403556,-0.0005471010939862705,-0.0002689863133251374,0.0005475256018332626,0.9999986100263782,0.00157472776614326,0.0002681252365495027,-0.0015748753145657967,0.9999987241247145
20:43:06:602,0.07848008262348805,0.04905029003536423,0.2550594670057754,0.9999995788412188,-0.000351655559019182,-0.0006462113816009625,0.0003522704648337997,0.9999990289080553,0.0012600563394467319,0.000645664837067135,-0.001260160721310839,0.9999987952774729
20:43:06:636,0.010848243833462388,-0.03515576274835098,0.1569731459958093,0.999999180202279,-2.2015563588278546e-05,-0.00128207598978858,2.2953349391543677e-05,0.9999997367960485,0.0007294707833053864,0.0012820607749728663,-0.0007295014400877958,0.9999989164486183
20:43:06:669,-0.13621722412902834,-0.1268554522358941,0.17596385865383452,0.9999991813444354,-2.2530054280866005e-05,-0.0012800535505999829,2.347355352175436e-05,0.9999997338231903,0.000737213664248485,0.0012800360347660549,-0.0007372436249293696,0.9999989150327592
20:43:06:702,-0.13734105617910083,-0.12753076855753825,0.1765807466662149,0.9999992526314229,-0.0002422295721136774,-0.0011983572779998533,0.0002417260217411708,0.9999998824415626,-0.000420327980640183,0.0011984589529265293,0.00042003799222277205,0.9999991936272074
20:43:06:736,0.04883576284316732,0.009167102158186925,0.040918023493123325,0.9999992538894381,-0.00023726214631885993,-0.0011965458791223169,0.000236754965801984,0.999999873737564,-0.00042586178964376095,0.0011966415642159932,0.0004255768723780705,0.9999991873281077
20:43:06:769,0.04007266893166599,0.00023485279395517192,0.010648096928627723,0.9999994845820902,0.0004762439456221136,-0.0008944055692398754,-0.0004776927869446556,0.9999985615971354,-0.001622930318914798,0.0008936256793237917,0.0016233554842988516,0.9999982769530804
20:43:06:802,-0.03410112652310558,0.0051385582905914325,-0.12622128102778735,0.9999994865283813,0.00048025523507461533,-0.0008923561822340954,-0.0004817103664986756,0.9999985536314129,-0.0016311635256453614,0.0008915715180899298,0.0016315925453050547,0.9999982715034423
20:43:06:836,-0.04948068899895626,-0.010102844736237298,-0.14753623254551174,0.9999991571653013,0.0007627431060277585,-0.0010526796716569004,-0.0007645211679919826,0.9999982780158179,-0.0016931467398407765,0.001051388629980601,0.001693948832097146,0.9999980169364945
20:43:06:869,-0.10624043150807679,-0.03980670902940567,-0.2554706008071295,0.999999155001717,0.0007635516730628418,-0.0010578105776920096,-0.0007653362020765264,0.9999982719676805,-0.0017002930896961779,0.001056516264900434,0.0017010972279112805,0.9999980093467401
20:43:06:902,-0.0882896836564423,-0.04905003323543756,-0.3335404671535164,0.9999999380362298,0.00028507833730523406,0.00020651569353969347,-0.00028507215189066745,0.9999999589085029,-3.0027928894184867e-05,-0.0002065242494359869,2.9969057738297176e-05,0.9999999782140463
20:43:06:936,-0.1661208811566407,-0.028678246164352456,-0.15136840532880833,0.9999999365663174,0.0002833584001442927,0.00020306342462158577,-0.0002833547706163471,0.999999955032084,-3.027445545382612e-05,-0.00020307513747041604,3.0216926294784684e-05,0.99999997406593
20:43:06:969,-0.06991989837651327,0.01917683486494253,-0.01984988973679716,0.9999999028804338,-0.00018550783851224256,-3.779337000289112e-05,0.00018558933409254402,0.9999997536509345,0.00044963693429189515,3.758226480625969e-05,-0.00044970771689286347,0.9999998155970365
20:43:07:002,0.0023859911670223396,0.026778632234433497,-0.03897455127050553,0.999999883719834,-0.0004498788494397531,-0.00017369250128193762,0.0004500037762088847,0.9999996396418142,0.0007198698268190432,0.00017336858428116032,-0.0007199479058891587,0.9999997258091441
20:43:07:036,-0.019840820590790436,-0.03941846859251552,0.0497090860291751,0.9999998828085536,-0.00031521526352295604,-0.0002843755968026429,0.00031537696068541373,0.9999997285727578,0.0006299705184361477,0.0002841555479211868,-0.0006300337765283731,0.9999997429831471
20:43:07:069,-0.01917951029764918,-0.012638579694366596,0.0738201065208554,0.9999998811112365,-7.821644914362233e-05,-0.0004799268183436445,7.84429038027493e-05,0.9999998851363053,0.00047161093191820154,0.00047988972220236096,-0.0004716479711727456,0.9999997730152131
20:43:07:102,-0.009810031340460199,-0.058859599281393116,0.16676919775989874,0.9999998817971907,-8.340584305636545e-05,-0.0004719930516351064,8.362827026425243e-05,0.9999998865281929,0.00046295719698353734,0.0004719571289257286,-0.00046299347997358684,0.9999997774975359
20:43:07:136,-0.009812621534545818,-0.05818257331392094,0.16490423446466337,0.9999999180855091,-0.00040791946365999215,-1.0598259009098676e-05,0.000407918818229409,0.9999999164782151,5.980432274786635e-05,1.0573575962936746e-05,-5.9809516300806723e-05,0.9999999996476384
20:43:07:169,0.002193309217006847,0.04260854062138999,-0.1108213111686983,0.9999999177230645,-0.0004092893010282766,-1.2721206370904878e-05,0.0004092894211562646,0.9999999166038607,6.367063516349562e-05,1.2696823883223294e-05,-6.367591588907158e-05,0.9999999992391798
20:43:07:202,-0.009808978252159293,0.04905063440972345,-0.13734019729323554,0.9999999729889754,0.0002283633598482708,4.32372344856139e-05,-0.00022834366412240195,0.999999870434751,-0.00045495468897295224,-4.334112623624636e-05,0.000454944803147824,0.9999998955712268
20:43:07:236,-0.21907012867315617,-0.08069462521310804,-0.13956269939287,0.9999999717506151,0.0002244658720568716,3.9225393107449944e-05,-0.00022444323086196765,0.9999998687244208,-0.0004458253060721604,-3.932980932112902e-05,0.00044581460466770924,0.9999998929925807
20:43:07:269,-0.23659295377102008,-0.12801482042727544,-0.12761706358486255,0.9999998287995404,-0.00017845135999470607,-0.0005535944288690846,0.00017891764874527179,0.9999996302858936,0.0008339306100278642,0.0005534421250113771,-0.0008340311106196947,0.9999994927722445
20:43:07:302,-0.09810052773036322,-0.02366042677453028,-0.1590746245616883,0.9999998288007125,-0.00017958841346095674,-0.0005569109304606371,0.00018005698388038686,0.9999996297818103,0.0008414398055885216,0.0005567596129165226,-0.0008415399362890652,0.9999994909163127
20:43:07:336,-0.0978385899110097,0.019444739166887257,-0.26537450224228337,0.9999993275434668,-0.0008193159059085545,-0.0008234929971860266,0.000820119880027793,0.9999991911525237,0.0009758233229206929,0.0008226949883490063,-0.0009764970887421016,0.9999991873925921
20:43:07:369,-0.03450177829532401,-0.018639816014839484,-0.19955489056479178,0.9999993308313112,-0.0008145930163251304,-0.0008240394622115989,0.0008153967632267269,0.9999992034631049,0.0009702247270301548,0.00082325257007323,-0.000970897247968396,0.9999991963666052
20:43:07:402,-0.06866994597256919,0.00980957630855415,-0.11771848688622427,0.9999991074506219,-0.0012192492968922184,-0.0003475849554084166,0.0012197277764575804,0.9999968007082624,0.0020702827045316974,0.00034485730543027326,-0.0020706170330172502,0.9999974700728135
20:43:07:436,-0.029161390199735102,0.035195159376220565,-0.47688857002001656,0.999999004276428,-0.0014054055784537976,-0.0001288492249328258,0.0014057325273424297,0.9999956905822314,0.0025767371488139897,0.00012522718427878364,-0.0025769157860215,0.9999966704331555
20:43:07:469,-0.029601922166118778,-0.06746621810618687,-0.36621909070780606,0.9999987863971762,-0.0015019769516530228,0.000138177493970607,0.0015010988242354112,0.9999925822457785,0.003371349969634598,-0.00014338455270356917,-0.003371089573482131,0.9999936407515879
20:43:07:502,-0.03139174831618284,-0.14649580520531116,-0.09613882882844733,0.9999983726464172,-0.0016847878463267514,0.0006451277653083008,0.0016816224822504644,0.9999866979840495,0.0048760623935082195,-0.000653334316186116,-0.004874969596928902,0.9999879038296019
20:43:07:536,-0.19730035293561848,-0.13736706825154252,-0.20693778519934913,0.9999982997785476,-0.001669574029706756,0.0007117651065576977,0.001666022407806649,0.9999865846877272,0.004901530591527507,-0.0007199309640211977,-0.00490035893817465,0.99998767137032
20:43:07:569,-0.19665515894198168,-0.1379238094037964,-0.20581341640930143,0.9999966934394082,-0.0013368413190010817,0.0021929343471848075,0.001324766120942279,0.999984017965341,0.005495001013853848,-0.0022002462908480786,-0.005492080702420485,0.9999824839051845
20:43:07:602,-0.175489594741205,-0.04387280250331826,-0.26323448729939614,0.99999668465318,-0.0013339123759339572,0.0022025818872352648,0.001321789387017691,0.9999840216393867,0.005496304622682607,-0.0022098782758222476,-0.005493375051136997,0.9999824694945066
20:43:07:636,-0.15591582832554854,-0.038881572401563994,-0.23619969513807557,0.999996502894115,-0.0017655378433411879,0.0019721131452671565,0.0017518877080775963,0.9999746234654504,0.00690956997694468,-0.0019842468242700596,-0.0069060949737087245,0.9999742145587405
20:43:07:669,-0.03702234075999694,0.035991612778741015,-0.40793208799678127,0.9999965459339469,-0.0017570220410644702,0.001964214571955343,0.001743525891196183,0.9999748895828134,0.006880822717633079,-0.001976211119985233,-0.006877391110360229,0.9999744847256685
20:43:07:702,-2.7225697200803058e-06,0.09809848295377975,-0.3629716481429782,0.999987717821314,-0.003254754646354554,0.003737746116449729,0.0032116598160255934,0.9999289641748093,0.011478314878947243,-0.003774839735820978,-0.011466169517337045,0.9999271360480103
20:43:07:736,0.5843114598019545,0.38972841928500307,-0.12314997851089439,0.9999877150319869,-0.0032464580562826463,0.0037404085868176554,0.003203266982877983,0.9999288525161165,0.011485542030116636,-0.003777441619622867,-0.011473410363615424,0.9999269890308614
20:43:07:769,0.7350477834161248,0.4612433145230257,0.006001786988353288,0.9999846119066828,-0.002640858991679158,0.0048693569927303285,0.0025713176282291805,0.9998955194619571,0.014218290479354159,-0.0049064424489624675,-0.014205516701838262,0.9998869726707135
20:43:07:802,0.8530272970075188,0.40945743539908397,0.556250746031081,0.9999845812683404,-0.0026447250328506663,0.004882917212218867,0.0025749275568527847,0.9998952107402221,0.014245617160853985,-0.004920081124797528,-0.014232824460350747,0.9998866034649556
20:43:07:836,0.751997180252512,0.222670214338293,0.6776119517396814,0.9999895639074615,0.001980844877757441,0.001203228283409179,-0.0020001914603497615,0.999945851676569,0.009133043478458851,-0.0011954849885093225,-0.009127872437372812,0.9999487644069175
20:43:07:869,0.27437745950717546,-0.11010347575606805,0.7752064752866309,0.9999917880482104,0.004026137455053899,-0.0004239210024630079,-0.004023130450886077,0.9999682821207582,0.0068740433971204605,0.00045157077254178135,-0.00687226454997052,0.999976291379656
20:43:07:902,-0.009809214542366884,-0.2452498509855243,0.5984117471829581,0.999984454129015,0.0050111659925646534,-0.001530514016189465,-0.005010258154747128,0.9999717685567887,0.004007943040869395,0.0015458743399263766,-0.00399843752056444,0.9999829395130961
20:43:07:936,-0.04031807366609118,-0.23007778165431902,0.3800357766252886,0.9999720524430145,0.006666768491414325,-0.0033937959505096088,-0.006669495913010578,0.9999775495739658,-0.0008149224781052097,0.0033883567625391246,0.0008375011533470322,0.9999940366453314
20:43:07:969,-0.16598102710330775,-0.28388421820238363,0.13862634178978453,0.9999720475971724,0.006665292864877992,-0.0033952373774915005,-0.0066680015901236424,0.9999775122860219,-0.0007856501800266191,0.003389928542485902,0.0008082449509490608,0.9999939879532943
20:43:08:002,-0.16677007517597509,-0.2844906877647453,0.13733965315249375,0.9999828535764249,0.0056502818869075076,-0.001538454062666337,-0.005654832375632844,0.9999796015355511,-0.0029697362316009313,0.0015216428416504613,0.002978385022624444,0.999994406867715
20:43:08:036,-0.19545830104803116,-0.15859099050106765,0.17338040175216218,0.9999828935504531,0.005641319268393971,-0.0015348484149015382,-0.005645848340496707,0.9999796387337916,-0.0029683950554106704,0.0015180786613873548,0.0029770240216928485,0.9999944022168035
20:43:08:069,-0.19709066144746692,-0.15671831979466866,0.16844460136287603,0.9999917976437687,0.0040149580244220485,-0.000504445163757608,-0.0040166601521840215,0.9999860308956194,-0.0034320433995333145,0.0004906659695702327,0.0034340548021289828,0.9999939745185704
20:43:08:102,-0.049051016082440425,-0.16243964537957736,-0.09041047354210888,0.9999918563533221,0.00400499754300143,-0.0004972244053124982,-0.004006683005672791,0.9999860689744982,-0.0034363286390058623,0.00048345498949614677,0.0034382928725785362,0.9999939721919814
20:43:08:136,-0.0508078475434548,-0.17717425450205984,-0.1680564128630811,0.9999936471102774,0.003562492949567442,-0.0001953854231579661,-0.0035631154265987727,0.9999882369133095,-0.003291609712159438,0.00018365682872179364,0.0032922832108617443,0.9999945739692847
20:43:08:169,-0.2924854826842316,-0.24298687435583266,-0.36283418591385697,0.9999936628532743,0.0035654093168464335,-0.00018206871741092626,-0.003565983427713179,0.999988229026558,-0.003290776010859534,0.00017033420885084324,0.00329140551850259,0.9999946035494778
20:43:08:202,-0.37277868392862584,-0.2060100593405297,-0.3825898345902174,0.9999876868294703,0.0035975396253239505,-0.0034181635562555903,-0.003609891981855915,0.99998695206146,-0.0036144681161170236,0.0034051157617785784,0.003626762810523192,0.9999876257862621
20:43:08:236,-0.6415404202532651,-0.24479837364214416,-0.4327321627010887,0.9999877058342964,0.0035881579753135225,-0.0034156794562450504,-0.0036004863932398105,0.9999869865123728,-0.0036100184873243645,0.003402670758537135,0.003622265314206675,0.999987636544287
20:43:08:269,-0.630111860841805,-0.1879505988211227,-0.3637425069219824,0.9999891932276326,0.0019025175662713363,-0.004037735009126489,-0.0019143255008663331,0.9999929000541775,-0.0029727879329717937,0.004031490667286407,0.0029799436835762578,0.9999872147048626
20:43:08:302,-0.2746833518815219,0.018217007967936724,-0.3433496758218648,0.9999899579185947,0.0010318665988250935,-0.0043611159019340436,-0.0010434099766404908,0.9999959564583275,-0.0026454448858908744,0.004358368527410883,0.002649968742514497,0.9999869910791049
20:43:08:336,0.04099399640847256,0.10747188100569284,-0.3418076949028775,0.9999938510183903,0.0003549460054706029,-0.002743380415539371,-0.0003617337075510282,0.9999971351305396,-0.0010706270455381345,0.002741376139882941,0.0010732708343686138,0.9999918156597977
20:43:08:369,0.03409608908072074,-0.03175768397342454,-0.0849455739041774,0.9999996992682331,-0.0006628475396103855,-0.00031458373724925433,0.0006632033183399371,0.9999989112406271,0.0012946965277847264,0.0003137022415071291,-0.001294881598464135,0.999999061346547
20:43:08:402,-0.1863887732424428,-0.1471495460183192,-0.039239736274600236,0.999999720981169,-0.0006517131264318467,-0.00031943760692506934,0.0006521106935200688,0.9999989392888099,0.0012916671187138292,0.0003185816361526233,-0.0012918594601155524,0.9999991001666678
20:43:08:436,-0.1848513874403847,-0.1465827226687793,-0.03846490451919049,0.9999992656490249,0.00019245312723210274,-0.001203976414124738,-0.00019183272053499944,0.999999859728281,0.000508109720704519,0.0012040804509915004,-0.0005078865737153723,0.9999991555557064
20:43:08:469,0.008564985999621678,-0.07659298264203326,0.07382913559085297,0.9999992649711706,0.00019395114774886323,-0.0012077073303806143,-0.00019332865005412377,0.9999998610646208,0.0005071633348734636,0.0012078129619764776,-0.000506941714724911,0.9999991545350295
20:43:08:502,0.029430092873296898,-0.05886028492097951,0.08828956428890833,0.9999995107875818,-0.0009287256979891126,0.0003404057994382336,0.000928218521395101,0.9999984635543807,0.001487038707455462,-0.0003417863332699949,-0.0014867220010284573,0.9999988364089577
20:43:08:536,0.035307502128273126,0.000403554351768259,0.20694487696994612,0.999999511773023,-0.0009250599081683537,0.00033780302844158683,0.0009245585760556318,0.9999984734899557,0.0014733633793736075,-0.000339170771504962,-0.0014730475381587744,0.9999988430945436
20:43:08:569,0.029411934758124637,0.00020750602738503585,0.17885440299047908,0.9999997579656522,-0.0006330044087514045,0.0002842880678501192,0.0006331345757068035,0.9999996824094546,-0.0004590015897837896,-0.00028400039706164075,0.00045918216187772773,0.9999998420433568
20:43:08:602,0.04655424775664381,-0.004991336637955009,-0.11384634628789642,0.9999997602741985,-0.0006316753070974348,0.0002836201255040139,0.0006318089487921409,0.9999996893238667,-0.0004713545947524532,-0.00028332229383074486,0.00047153367519275506,0.9999998486958285
20:43:08:636,0.07897261459119126,0.0597751765970015,-0.12785564174802122,0.9999993661211849,-0.0006575432621647025,0.0009167661962820312,0.0006577015789887614,0.9999997705113534,-0.00017204574961968613,-0.0009166530553498795,0.00017264733438155996,0.9999995677176255
20:43:08:669,0.17865113785382383,0.1666486778559345,-0.22842252921558678,0.9999993666963296,-0.000660437841731622,0.0009164384098555608,0.0006605962082385571,0.9999997696379955,-0.0001737541990335543,-0.000916324888225039,0.00017435514415733172,0.9999995677348601
20:43:08:702,0.2943007862393546,0.21582084378052047,-0.15696107190729108,0.9999996757069056,8.530340613859412e-05,0.0002590075587177123,-8.522751473795181e-05,0.9999998135353781,7.561233498858763e-05,-0.0002588926772121531,-7.534961238284985e-05,0.9999998201337437
20:43:08:736,-0.0101364208665505,-0.029136591272854524,-0.031114887597044213,0.9999998559220633,0.0005238561829015751,-0.0001273017049145577,-0.00052382903969676,0.9999998388734442,0.00022136378803678505,0.00012741666506847226,-0.0002212983266906485,0.9999999677524253
20:43:08:769,-0.17674709339429237,-0.19574623966452487,-0.009499795813338877,0.9999996281444674,0.0007085968597605215,-0.0003466929262522232,-0.0007086673496367478,0.9999996883873549,2.4723528173811573e-06,0.0003466344114371389,-2.166841283467887e-06,0.999999869080242
20:43:08:802,-0.05947961427306781,-0.1420250148667139,-0.039858802210203874,0.9999992936942226,0.000981531626858497,-0.0006702271111410404,-0.0009817458134573703,0.9999994671047376,-0.00031931783931334366,0.0006699133327875809,0.00031997560745111785,0.9999997244147285
20:43:08:836,0.010481756085029742,-0.02856288424303025,0.030368509831275287,0.9999993147185893,0.0009679339684193156,-0.0006324796457970467,-0.0009681366134854327,0.9999994793848073,-0.00031510456124583645,0.0006321729915915618,0.00031572714682482017,0.9999997352648667
20:43:08:869,0.011564907802475707,-0.028227097505281906,0.03120208017004365,0.9999997428916797,0.0006974140269126381,0.00014920757054059168,-0.000697379011727187,0.9999997279914777,-0.00023714640650091546,-0.00014937333336600988,0.00023704326073512738,0.9999999584213335
20:43:08:902,-0.2617854683432503,-0.20451423409738725,-0.23497156159847543,0.9999997453012601,0.0006967161119238054,0.00015488195360421648,-0.0006966794104374121,0.9999997292614522,-0.0002368912148215853,-0.00015504695681700406,0.00023678325220658552,0.9999999599484597
20:43:08:936,-0.2639916900029481,-0.21482302775891324,-0.24440495414690316,0.9999998771412124,0.0002829807196591375,-0.0004159591728547344,-0.0002830870235807497,0.9999999302233392,-0.00025866109953533753,0.00041588898821861246,0.0002587787015274034,0.9999998826258064
20:43:08:969,-0.1964742340376194,-0.08908638922668578,-0.1624739515483832,0.9999998790105862,0.0002916495755466406,-0.0004162348271756784,-0.0002917550498666535,0.9999999342193528,-0.0002642109574963639,0.0004161690410413154,0.0002643274065010866,0.9999998846395742
20:43:09:002,-0.16677072534226736,-0.05886037134160004,-0.1471497112456951,0.9999993489177186,-0.0011302363012681501,0.0001572197781835779,0.0011300938216350122,0.9999989533856243,0.000903381306068864,-0.0001582406565315622,-0.000903203041053183,0.9999995795875778
20:43:09:036,-0.02955752485032385,0.0203509311129145,-0.15795192554095377,0.999999346609865,-0.001130106452132992,0.00015672689810028787,0.0011299626360765566,0.9999989457279904,0.0009062043469275806,-0.00015775539574316256,-0.0009060251917830981,0.9999995738610927
20:43:09:069,0.01883391964361533,0.048502320556745415,-0.029280506593148594,0.9999988045907506,-0.0015280355890094563,0.00022987406594991334,0.0015276541783621133,0.9999974725379838,0.0016471966110799302,-0.0002323935338266679,-0.0016468426875354118,0.9999986143580682
20:43:09:102,0.15804895529575813,0.13297957100267602,-0.1834824446225491,0.9999987999976439,-0.0015319116689928819,0.00023076284637069458,0.0015315283952831848,0.9999974626273266,0.0016520177470829166,-0.00023329300625215326,-0.0016516623452357178,0.9999986087925656
20:43:09:136,0.2248892468067953,0.16718900973318507,-0.20632096471885072,0.9999993603757923,-0.0010859910494063743,9.971107137026787e-05,0.001085811721953488,0.9999975346550629,0.0019086374454816602,-0.00010173719716996177,-0.0019085039357992332,0.9999981560076862
20:43:09:169,0.09276121111741566,0.2591696642497384,-0.2718421542152335,0.999999586829183,-0.0009044744295837093,4.5703526801522976e-05,0.000904377516422513,0.9999975641059556,0.0020122064358310656,-4.752481155599683e-05,-0.002012163450107203,0.9999979711238547
20:43:09:202,0.19619853735151446,0.46106801615062326,-0.29429878383163727,0.9999996513547033,-0.0007887071833850987,0.0001633530125475976,0.0007883028359297548,0.9999972013943673,0.002209536435375119,-0.00016505438687151522,-0.0022094312598547037,0.9999974983509251
20:43:09:236,0.6384111076368825,0.8692459876319141,-0.46183664093126187,0.9999998090712949,-0.0005750049458238205,0.0003835975340367122,0.0005740707406409235,0.9999965705995205,0.00257148582822094,-0.00038506019277105287,-0.0025712695250635687,0.9999966770845762
20:43:09:269,1.5482553554673713,1.5555463030433618,-0.3308200471107373,0.9999999352371228,-0.0005630055774009681,0.00040203249089356183,0.0005621619227927586,0.9999966601597667,0.002581442763938526,-0.0004034288503295306,-0.0025812336642329335,0.999996793470531
20:43:09:302,1.5499714061069028,1.5597922031440221,-0.3335507651862887,0.9999876382511569,-0.004221166002522193,-0.002627624885448416,0.004224798979487289,0.9999901246390799,0.0013787569365016417,0.0026217786903661023,-0.0013898408527627415,0.9999955968688202
20:43:09:336,3.668096538863702,1.3569370305414605,1.9981894015854398,0.9999862834366569,-0.0041358582410674525,-0.0027267313036492265,0.0041373397023292315,0.9999890178815745,0.0012661427176374254,0.002719974830774337,-0.0012760500458967258,0.999993485134171
20:43:09:369,3.6464434454787846,1.228252697227531,2.0208757768832,0.9998052947378905,0.007803252010003908,-0.018042662481386324,-0.0080952530315216,0.9998367496783975,-0.01605518345499944,0.01791297715694255,0.016199492222001587,0.9997062524538209
20:43:09:402,1.6172441467388845,-0.5483795507586209,1.0955410914114947,0.999805002861219,0.007864027181575684,-0.018113954236816977,-0.008156815395990136,0.9998363579894206,-0.016146984462048403,0.017984010400641036,0.01629158717433409,0.9997055376795376
20:43:09:436,1.4195385854265519,-0.6268090209870001,0.9367910454393512,0.9993027498826778,0.01540174447085647,-0.03404786138703952,-0.016337922168677892,0.99949095108971,-0.027435220510120435,0.03360873851738957,0.027971354856608902,0.9990451380770428
20:43:09:469,0.5944128078178964,-0.8775689336024006,0.09938683818077702,0.9993052553511194,0.01535062210666199,-0.03397196737406406,-0.01628474665355993,0.999492106571743,-0.027406446642033042,0.03353412198248398,0.02794035815717874,0.9990475028155953
20:43:09:502,0.049057144947719185,-1.0104290276215884,0.04904966285653834,0.9992651359213759,0.018214163099110836,-0.03372583813812778,-0.018948411859639275,0.999587523993024,-0.02158099221821736,0.033318847344367894,0.02220418428143173,0.9991980925850005
20:43:09:536,-1.0487728196885073,-1.0460849880185912,-0.31786692507001063,0.9992663506197028,0.01819583412057874,-0.03369528917374821,-0.018928653995419625,0.9995883145439526,-0.021550158333919423,0.033289185814732974,0.022172266386137635,0.9991994624694143
20:43:09:569,-1.1028370975074906,-0.6769034368560365,-1.1747326246209644,0.999448112148419,0.016165595770402278,-0.028865821979509845,-0.016613460181576424,0.9997418222105408,-0.014985817514591859,0.028611560458057787,0.01546035052149731,0.9994601875022789
20:43:09:602,-2.3642045777445326,-1.1546708137341068,-0.6699906613403049,0.9995062085977554,0.015518414216235052,-0.027322479499242273,-0.0158751243370046,0.9997909259032137,-0.012887399199818801,0.02711677513871374,0.013314783227760352,0.9995435944604341
20:43:09:636,-2.9549830706284426,-1.5109067413171613,-0.318196125856393,0.9996142117311863,0.012846103044388695,-0.024075037708672815,-0.013080187575841694,0.9998573441763698,-0.00873523740189335,0.023942282359139495,0.009059833732075528,0.9996509732321276
20:43:09:669,-2.8351434617018674,-1.0341161114398514,-1.0300107810857129,0.9997765040664875,0.0088280753657142,-0.01919434170782004,-0.008877917133918698,0.9999571301495831,-0.0024961993501087087,0.019171178916346614,0.0026663197700206296,0.9998123179874078
20:43:09:702,-1.9718146590994383,0.14714367605353007,-0.5395533322814589,0.9997877925010741,0.007897058598726242,-0.01871698325865954,-0.00793788938507133,0.999960410721209,-0.0019684570189357053,0.018695593393858137,0.0021212568662225327,0.999820338269838
20:43:09:736,-1.976631006181305,0.13912410980209478,-0.5404792497788374,0.9999048271796621,-0.0023021886139417505,-0.013656637414085319,0.0023516251045994224,0.999991372758584,0.003582613880312262,0.01364873346561537,-0.0036149588453302343,0.999900782634122
20:43:09:769,-2.7141815517354813,-0.9657289796860958,-0.3921424719363632,0.9999040192988613,-0.0022237689205242936,-0.013753450760479902,0.0022730294671502965,0.9999914418119777,0.0035444478270257184,0.013745673068236727,-0.003576148517176164,0.9999000189471335
20:43:09:802,-2.8252916954407454,-1.0594872307669199,-0.3433434167731454,0.9999562489923292,-0.00902952970372986,0.002442534002571993,0.00901472986979779,0.9999413429092207,0.006003748856250188,-0.002496601886989992,-0.00598146678258203,0.9999789935553335
20:43:09:836,-0.7045221318087288,0.18038925244267984,-2.1613501424286325,0.9999560794169146,-0.009017217627444157,0.002375169169778327,0.009002827767992817,0.9999413463687189,0.006002102632928736,-0.0024292125964815075,-0.005980252188493928,0.9999787321705074
20:43:09:869,-0.615489002831867,0.25940119126567796,-2.5349307048371292,0.9999535823787403,-0.009113427553058958,-0.003041519750952995,0.009130691170470539,0.9999422328702476,0.005634251545878609,0.002989925406599267,-0.005661749152511766,0.9999791137747887
20:43:09:902,2.739461175113438,1.5816193269319707,3.0465765951239066,0.9999537809886141,-0.00911787222503138,-0.003049771853040374,0.009134885948937962,0.9999425267851036,0.0056123159226584085,0.002998424370309899,-0.005639915781117256,0.9999796009931817
20:43:09:936,4.350409272912809,2.57767887514703,6.073867628152064,0.9998444916758632,-0.010109534144886485,-0.01451482410901741,0.010387340240869767,0.9997613870817715,0.019297179888204435,0.014317303466741966,-0.019444467937317026,0.9997101230511428
20:43:09:969,7.516428552568645,2.9825482747445076,11.05833456386913,0.999844992305114,-0.01018113140059911,-0.014498609369274613,0.010458476646580405,0.9997622488388285,0.01932364040539907,0.014301845414657588,-0.01947079863206652,0.9997108449694441
20:43:10:002,6.494249163098473,1.4813353655566492,10.82044810224153,0.9998500836421867,0.008564736398107,-0.005488212705623146,-0.008488284766279221,0.9997764932126164,-0.002075916224989124,0.005287134095760205,0.002044873691660806,0.9998606477152691
20:43:10:036,1.8705869578838814,-2.6197380968129793,8.310031765947206,0.9998520058854247,0.01716041181277473,-0.0013390521209445106,-0.017174625909979483,0.9997813183259141,-0.011924619723447258,0.0011346693260902757,0.011946061023823118,0.9999274274753231
20:43:10:069,-0.6878242509408676,-4.874633752413093,5.93958844195234,0.9997705307361826,0.01877620355446991,0.005919524867347473,-0.01849377277507618,0.9993942047077639,-0.02524577911009258,-0.006414157898354614,0.025116668078292555,0.9995146171749599
20:43:10:102,-3.9000019892274684,-6.952735970277278,0.4696403998041453,0.9996656911825557,0.020860068059578945,0.015276197829136296,-0.02019582697037609,0.9988958826292866,-0.0424162873728137,-0.016144138213729415,0.04209359165120441,0.9989832298246384
20:43:10:136,-4.730671802963527,-7.438377124547658,-0.679017630818902,0.9996848693578488,0.018532696089084384,0.0153911968936402,-0.017871469709233694,0.9989310589666561,-0.0420212052663312,-0.016161682211821172,0.04173552928958806,0.9989968552305669
20:43:10:169,-4.734922287954904,-7.444253566834836,-0.6621710612865023,0.999858102204519,-0.0024642866059652237,0.016551926597818258,0.0031040925261268102,0.9992422465825055,-0.03873690548528596,-0.016445041697554494,0.03878308294508179,0.999111741455008
20:43:10:202,-3.9462349027063945,-6.409199885501585,-4.22744502476078,0.9998596122796064,-0.0025591892152838354,0.01655925285481924,0.003199554647690433,0.999243391869751,-0.03876095629183972,-0.01644752509885083,0.03880849672132316,0.9991112961415605
20:43:10:236,-3.8849192514243507,-6.373543570442044,-4.316342090791369,0.9995959467893086,-0.021352139932293627,0.01884659497546944,0.021694559346605986,0.9996031264274898,-0.018153648815321756,-0.018448390495195085,0.018554897884705976,0.9996594539254273
20:43:10:269,-0.6950659611615949,-2.4813535241318085,-8.491293969971798,0.9995982573958871,-0.021204976064898587,0.01885936268707399,0.021550509797836934,0.9996021723061607,-0.018352440118385126,-0.018460435674536833,0.01875164698157043,0.9996558760744437
20:43:10:302,0.07846317466008476,-1.579420973222742,-8.819202534907411,0.9993187226722826,-0.03385060914094201,0.014704590706039545,0.03381657709079909,0.9994247827049362,0.002557017133178373,-0.014782690232209631,-0.0020580161118513925,0.999888610391469
20:43:10:336,3.7758599390828156,0.9285176476818885,-7.033487100033475,0.9993220637282653,-0.03373911119199379,0.01461969972595445,0.03370601393494375,0.9994255430841954,0.002645716672101418,-0.014699163832591677,-0.0021498900413604934,0.9998871281352932
20:43:10:369,4.8433057835032844,1.6771887522248237,-6.414999321278854,0.9997654710417228,-0.021558470574136547,0.0007610935973380747,0.021539209573346697,0.9995313909059431,0.02162074756108142,-0.0012247022292951656,-0.0215978791739689,0.9997634958587449
20:43:10:402,6.817938829040319,3.305232732624996,-5.459445050267051,0.9997680412563869,-0.021526675573525975,0.0006860187366866849,0.021506696720667247,0.9995326057447568,0.02172643461813243,-0.0011533986319798325,-0.021706642527406495,0.9997637192354693
20:43:10:436,6.496201397610746,2.8291846076006544,-4.925657138592641,0.9998422417385222,0.0031272232341769046,-0.008726096519934745,-0.0027472091522787023,0.9991612455223806,0.03735070786013383,0.00896123382020622,-0.03724602548714122,0.9992094449104112
20:43:10:469,4.44875076499806,-0.6936519444573949,1.754447243423585,0.9998669465432479,0.011245256269620096,-0.011831366390137876,-0.010733151025904141,0.9990396727645078,0.04248704042765567,0.01229744573114354,-0.042354300118453266,0.9990270803305067
20:43:10:502,3.433514518490923,-2.2562943700614775,5.993882909026527,0.9997297009313726,0.0189199511003541,-0.010646359496782961,-0.01839635317673647,0.9986434039068899,0.04768981701118989,0.011580555797729954,-0.04749071292122584,0.9987890625139767
20:43:10:536,0.6277189306722191,-2.547128650937713,8.588365991979279,0.9995703195472003,0.027827063696035513,-0.009288582362548311,-0.02728961236505603,0.998182527404749,0.05375292648949874,0.010766631034508768,-0.05347646580789494,0.9985121595300782
20:43:10:569,-0.6256599668340996,-1.8966338299844696,7.039376817228906,0.9995827540639354,0.026710329983839817,-0.006403780376919319,-0.02627189998839479,0.9983326934131052,0.05041863365427059,0.007766145275210149,-0.05020497102869717,0.9986266633603271
20:43:10:602,-0.6278371685513241,-1.8933320301416912,7.033788933613924,0.9996843938248795,0.017480203042411144,0.018043038903137177,-0.017879515152181703,0.9995933794318747,0.02221244232675519,-0.017647422777418036,-0.022528031842737033,0.999590439607813
20:43:10:636,-1.353981814779843,-1.338384433763215,2.858437254719631,0.9996858449263596,0.01745174464246609,0.01790301823097785,-0.017847007851311065,0.9995929884390484,0.02203565709821533,-0.01750924328631792,-0.022348560744780692,0.9995908737643163
20:43:10:669,-1.355275100288171,-1.3368525296120348,2.6317717099644113,0.9999377704568502,0.010816974039297093,0.002354263046919083,-0.010787006546778936,0.9998450080398252,-0.01355588797098119,-0.002498692136799708,0.013529119990027788,0.9998998703249729
20:43:10:702,-1.3183551616063927,-0.7321197862272475,-1.9545270478528132,0.9999393817298224,0.01077374391438424,0.002271512222692432,-0.01074138854173484,0.9998470145180602,-0.013804795413812593,-0.0024198943533946925,0.013779559530176028,0.9999021303785047
20:43:10:736,-1.355206508323634,-0.637973170644949,-2.3237659294406545,0.9999518586070152,0.009817832916897511,-0.000498300154466669,-0.00982143052640494,0.9999201816385028,-0.008008767861717949,0.0004196595405034366,0.00801338075510357,0.9999683120238485
20:43:10:769,-1.5392979755007423,-0.5720802062359007,-1.4893421534605966,0.9999515242132271,0.00986252776334952,-0.0004702797133755345,-0.009866105822168394,0.9999193728554876,-0.00806348790358893,0.0003911442957628888,0.008067886509115238,0.9999677613463751
20:43:10:802,-1.3439741020239653,-0.431640501109612,-1.2851133106684978,0.9999951246890509,0.0018128996285390947,-0.0025423580915303902,-0.0018116814470717692,0.9999982426847523,0.00048133217221646896,0.0025432258799152566,-0.00047672400073658986,0.9999966521167547
20:43:10:836,-0.7539845821155462,-0.4809586299763895,-0.6257710564026187,0.9999948982690833,0.0018107751257689846,-0.0025623745190338533,-0.0018094465844742179,0.9999980672135621,0.00047903964630993244,0.002563067478793471,-0.00047453260894640226,0.9999964199813107
20:43:10:869,-0.5646836105492664,-0.5981053637126597,-0.03403016810137639,0.9999673621330286,-0.00103038018855865,-0.007168678408937593,0.00105398005793703,0.9999930122445616,0.002673377482560136,0.00716312663410301,-0.002686550203000007,0.9999650208668338
20:43:10:902,0.5288255747263516,-0.40421030781855843,1.7446286814946932,0.9999554411597862,-0.0022565185086486314,-0.009166462694595109,0.002289772324682093,0.9999908302491552,0.0036188916968661073,0.009158212549811603,-0.0036397195649598268,0.9999514387278481
20:43:10:936,1.5543827050330614,0.028984619757681292,1.668824948749107,0.9999702834939778,-0.0023173150473526577,-0.003014794960242065,0.0023243092848812767,0.9999864858059347,0.004540627643480732,0.003004198267122894,-0.004547261998261696,0.9999621573954519
20:43:10:969,1.3270942477042407,-0.44290451170663053,2.45419331105193,0.9999877094732804,-0.002389973384126322,0.004253698335731115,0.002365931644688475,0.9999813457115072,0.005629917666834256,-0.004267074081729826,-0.005619789146916289,0.9999747102969545
20:43:11:002,0.7553704289436618,-0.4905012115472745,2.9920444965622863,0.9999473942305536,-0.002334512741548552,0.0070170485200326945,0.0022896466998727537,0.999980117578479,0.005846520051420375,-0.00703045573188819,-0.005831505869365008,0.9999328874633396
20:43:11:036,0.7472963967574785,-0.4940834354629595,2.971345618772415,0.9996731489780541,-0.0019545901643302542,0.025540903305551567,0.0017692072122706894,0.9999719348756086,0.007286222449056258,-0.025554436110237718,-0.00723857960831393,0.9996485430254813
20:43:11:069,-0.7259955690109353,-1.0999307714227615,-0.31459628214543606,0.9996745933390748,-0.001956060540490174,0.025449225017766825,0.0017706141682404535,0.9999718654206343,0.007307581588174471,-0.025462815454122188,-0.007260092303676868,0.9996499063526212
20:43:11:102,-0.8338548538455518,-1.187013536681573,-0.5984145266424389,0.9996105486229473,-0.001467800784884152,0.02786747603622472,0.0014277175058675625,0.9999979175132081,0.00145819800587792,-0.027869558331444808,-0.001417843339716988,0.9996105626289745
20:43:11:136,-0.15305941243363205,-0.5558232919882695,-0.11810949713598203,0.9996119128555897,-0.0015166500008044473,0.027795182855751544,0.0014767749481234076,0.9999976136703221,0.0014483290962371044,-0.027797170890450553,-0.0014072232838782733,0.9996121400155359
20:43:11:169,0.061850453285690506,-0.2835287259057601,0.00027405320425508226,0.9997988566441769,-0.009099718246709881,0.017842800442229478,0.009128375572241975,0.9999569154427256,-0.0015378692403996584,-0.01782787623358371,0.0016999832235223098,0.9998392255212988
20:43:11:202,1.0648343646156178,1.0174172663321484,-1.642257738066845,0.9997998569981406,-0.009147687357253813,0.01779230843415848,0.009176826575211081,0.9999566802755226,-0.0015567811948288646,-0.01777729676538328,0.0017197465958820322,0.9998404925737733
20:43:11:236,1.271358234608532,1.2996288258271984,-1.9362216558856045,0.9998794721249683,-0.00968993124765107,0.012161297974491357,0.009729358881012333,0.9999477292290365,-0.003182492146304146,-0.012129873778124177,0.0033002913092041483,0.9999212670542114
20:43:11:269,2.307109135651436,2.184764229829667,-2.6667693599816444,0.9998786732558159,-0.009724980334693338,0.012235924778757321,0.009764470565514527,0.9999476289420325,-0.0031794920241898918,-0.012204468706079535,0.0032978255840230065,0.9999205764616459
20:43:11:302,2.2759254522177,2.2759247280668546,-2.5604139063474136,0.9999697487180859,-0.0005266128408880111,0.0017708347298442087,0.0005340478659832699,0.999985290221411,-0.00190849627974813,-0.0017662629464235075,0.0019377513981659058,0.9999802540596587
20:43:11:336,1.4252312792680415,1.3782149906298178,-2.055881826850103,0.9999964511300825,0.0022097297722333048,-0.0013463077322725383,-0.002211747484593951,0.999996306284481,-0.0015297651782583428,0.0013429561828472636,0.001532929846029156,0.9999977963206655
20:43:11:369,0.9885886318164745,0.660487323472751,-1.6482171317610108,0.9999262418015978,0.006456312490641687,-0.006416601368711532,-0.006451866015391207,0.999964965126956,-0.00046972278714463794,0.00641976819104492,0.0005429706977127405,0.9999594813244079
20:43:11:402,-0.14952600343032654,-1.0012282869493825,-0.11490635597496504,0.999822941031622,0.012707324630544869,-0.013878392795316224,-0.012693349381791163,0.9999188369027223,0.001094601736738194,0.013891175884469763,-0.0009182442959064963,0.9999030910989367
20:43:11:436,-0.8068145398871215,-1.4137466364530262,0.836614586050154,0.999835352499897,0.012271909916380773,-0.013141171769924983,-0.012252101406342279,0.9999189857573147,0.0019807594858006717,0.013161399710609234,-0.0018168568914167585,0.9999063000305939
20:43:11:469,-0.8052023331233257,-1.416567008330121,0.8318054779972509,0.9999333297552954,0.008877566017034167,-0.007349306261387077,-0.008810753804767658,0.9999194766115443,0.00910303661490824,0.007429421070838164,-0.009037447855180857,0.999931191200859
20:43:11:502,-0.783651078439962,-0.7962924953864958,1.3468832940804112,0.9999337854959444,0.008870345510183354,-0.007330908492503595,-0.008803113294760113,0.9999193607241394,0.009153011141916344,0.007411507624142429,-0.009087870554083622,0.9999312379863854
20:43:11:536,-0.7746478877808741,-0.7453197748490558,1.2888562308394593,0.9999964957528492,0.0024719471977931373,0.0013201507848884257,-0.002480290666762995,0.999977334944252,0.006292687667271629,-0.0013046825974149703,-0.006296308409846419,0.9999796674938213
20:43:11:569,-0.7668169535859669,-0.6136480244325393,0.550832689393782,0.9999961702928845,0.002515513517251958,0.00129308608546614,-0.0025235595897463554,0.9999769641546644,0.006332700295334784,-0.0012772614335777007,-0.006335989138945706,0.9999793509305129
20:43:11:602,-0.7357531671553905,-0.618031127625734,0.4806918326024148,0.9999980476540258,-0.00010198065376173367,-0.0019733600784516553,0.00010179962356192258,0.9999999904589133,-9.17962214332689e-05,0.001973369517604591,9.159514274431877e-05,0.9999980485687291
20:43:11:636,-0.07313352180945386,-0.32409008840719783,-0.07143834146453856,0.9999980132777595,-0.000116916295649325,-0.001958027742914233,0.0001167345366407941,0.9999999004063247,-6.927551192049099e-05,0.001958035494863972,6.907523492077008e-05,0.9999980134770872
20:43:11:669,0.10737732620559352,-0.23627819830530086,-0.19881280003818186,0.9999945351758212,-0.0032820337845959227,-0.0002418580831607525,0.0032824286020447105,0.999993055190354,0.001733774176425376,0.00023614677778673873,-0.0017345269738989855,0.9999984424160472
20:43:11:702,0.18744769092196675,-0.08098138077825986,0.2024495277511067,0.9999945183499546,-0.003302923099994345,-0.00023235757586550953,0.003303323067828311,0.9999930257984964,0.0017425367758855052,0.00022660049388084245,-0.0017432947827253468,0.9999984547919826
20:43:11:736,0.21645407531718797,0.009685566503492341,0.26430995912200084,0.9999932539268365,-0.0036677200598227025,-0.00011987906543038542,0.00366790875819928,0.9999920370009477,0.0015631651046153936,0.00011416129889811945,-0.0015635875086181263,0.9999987681337889
20:43:11:769,0.2980933110194485,-0.07239993490551881,0.24411742354100072,0.9999929600129782,-0.0037514544742640768,-9.466311414340702e-05,0.003751593510329084,0.9999918070713899,0.0015222976211425852,8.895104445218428e-05,-0.0015226429810178002,0.9999988393830705
20:43:11:802,0.34334831470890953,-0.08829057884144141,0.27468104334465354,0.9999926203556591,-0.0038341923039791584,8.445902813321575e-05,0.003834267645645793,0.9999919880178119,0.0008753958654844564,-8.774456107022273e-05,-0.0008750463872606632,0.9999993187719436
20:43:11:836,0.6575124805803276,0.05161099089441422,0.0591253243243956,0.9999921669197092,-0.003945683309324403,0.00032111502155540613,0.0039456745886454715,0.9999922214686376,2.246506591474154e-05,-0.0003212005181788822,-2.1198265855420648e-05,0.9999999518735653
20:43:11:869,0.6380921523733718,0.17581691215413253,0.184976764378495,0.9999928287098878,-0.003721675843424875,0.00031862707087089654,0.003721683917198556,0.9999928689609089,-2.792960778563052e-05,-0.0003186136139425227,2.9117918530015966e-05,0.9999999389019233
20:43:11:902,0.6278413152288348,0.17985042446829752,0.1962000473168913,0.9999980688954275,-0.001941544752571146,0.00030427868861333725,0.001941682892914693,0.9999980116977669,-0.00045435827471984673,-0.00030339593426263403,0.00045494821122329395,0.9999998504849076
20:43:11:936,0.4832387931477008,0.0659898340729089,0.09802318735568895,0.9999980713365343,-0.0019299947121338896,0.0003019631268089765,0.0019301310853204227,0.9999980075236836,-0.00046017099003856256,-0.0003010913163892563,0.0004607586938999844,0.9999998442693099
20:43:11:969,0.47215713993007524,0.0490666068218869,0.07900520560984842,0.9999999527887875,0.00023015593682562088,-2.2556033718556503e-05,-0.000230191542888134,0.9999988538818061,-0.0014805685146006904,2.2198664844636725e-05,0.0014805800390324385,0.999998899362334
20:43:12:002,0.24121089436402668,0.04654926432082605,-0.0023080861829721335,0.999999970525957,0.0002416877860006187,-2.3628018989251423e-05,-0.00024172264596448705,0.9999988656231646,-0.0014867232857269323,2.3268674982629653e-05,0.0014867289475919093,0.9999988945491272
20:43:12:036,0.1953751131836593,0.04802759782570694,-0.010417245881163757,0.9999979677080304,0.0019282257407431853,-0.0006109440585234106,-0.0019293487446907624,0.9999964480988379,-0.0018462179368213258,0.0006073876289219506,0.00184738556480529,0.999998111730415
20:43:12:069,0.026905169744799323,-0.12859625748724585,-0.1059977294536634,0.9999979803159056,0.0019176976673285393,-0.0006087927161747957,-0.0019188183757841977,0.9999964584900257,-0.001847656338316001,0.0006052473582438289,0.0018488191016073094,0.9999981104822301
20:43:12:102,-0.06866936557506223,-0.1667701174621547,-0.09809930584842416,0.9999970023726837,0.002402758624868502,-0.00047116071796356884,-0.002403311904493396,0.9999964190640844,-0.0011772606861479215,0.0004683303577607988,0.001178389503518773,0.9999991960299501
20:43:12:136,-0.14323152602742056,-0.1539241752836009,-0.2933740256416224,0.9999970124506089,0.0023974135405164737,-0.0004708575912365352,-0.0023979647118399306,0.9999964300797834,-0.0011717404072934296,0.0004680407178496243,0.0011728664901320966,0.9999991971419823
20:43:12:169,-0.13704138151843712,-0.1760282510191787,-0.27711378272775605,0.9999984230371809,0.0016785434118341588,-0.00039060241260118253,-0.0016785828358492079,0.9999982684179477,-1.919819299349974e-05,0.0003902808787885124,1.9873381396130963e-05,0.9999996907456945
20:43:12:202,-0.20781662328006803,-0.23277219511717612,0.096979240962603,0.9999989115390475,0.0014301459125166166,-0.00036277571555546126,-0.0014300078964894379,0.9999989051799955,0.0003804190298618705,0.00036331937220291993,-0.00037989984358708994,0.9999998618373488
20:43:12:236,-0.18548200709652557,-0.22580868215016367,0.30420003418290814,0.9999992369513356,0.0007391269256777598,-0.00036292740647007144,-0.0007390297801744931,0.9999992557079876,0.000267556151855901,0.0003632631234124931,-0.00026728775285955427,0.9999998868931952
20:43:12:269,-0.04851362468053555,-0.2529157527254505,0.19194325478415436,0.9999998115658918,-0.0004808486100650457,-0.00036311956876544513,0.0004808737424869846,0.9999998746184653,6.853042963667908e-05,0.00036308936161943923,-6.87047370479742e-05,0.9999999311131431
20:43:12:302,0.08828944490252649,-0.17658033452456706,0.15695977808584294,0.9999996487314091,-0.0006458720924268671,-0.00031086006668270074,0.0006458981397353678,0.9999996583640174,-4.973673742137558e-05,0.0003110182362670917,4.959192774041395e-05,0.9999998945160659
20:43:12:336,0.08784925721294043,-0.1763302810165784,0.15594609111753752,0.9999985220479346,-0.001721975760320778,4.4207181460166716e-05,0.001722010920710099,0.9999981680759604,-0.0008451352997822382,-4.275843896754141e-05,0.0008452072949604154,0.9999996452141695
20:43:12:369,0.03541141178566416,-0.12120821708785946,-0.005467990035168218,0.9999985274921438,-0.0017166872359727881,4.3873388747899375e-05,0.0017167243684327131,0.9999981790110903,-0.000838227107263595,-4.243617697320505e-05,0.0008383003002783077,0.9999996506300999
20:43:12:402,0.029429363620850378,-0.1275302553579071,-0.019620049552146458,0.9999984751164095,-0.0017236769044080187,-0.00028053580153185147,0.0017232210240520258,0.9999972075207221,-0.0016172366726893712,0.0002833226118647167,0.0016167507819870362,0.9999986529187869
20:43:12:436,0.15845730947482267,-0.04683120500391312,-0.05846093215610651,0.9999984679807584,-0.0017266124262326063,-0.0002749434971271821,0.0017261629154525433,0.9999972088215104,-0.0016106948751309577,0.0002777216722768842,0.0016102205991463776,0.9999986601318944
20:43:12:469,0.20523742943416623,-0.010276528448538966,-0.09869828345107214,0.9999971147181587,-0.0023344510397891706,0.0005560869909608255,0.0023349017679450343,0.9999969340332319,-0.0008179916801727218,-0.0005541778632422165,0.0008192919983653541,0.9999995066605165
20:43:12:502,0.32494342208286525,0.056710611738173496,0.029896586274584587,0.9999971015469535,-0.00234119969954863,0.0005618695519246029,0.002341656517512472,0.9999969272263134,-0.000813755433152808,-0.0005599626627861548,0.0008150687762284021,0.9999995110535754
20:43:12:536,0.29217895452760706,0.04808405354607035,0.04874923671540125,0.9999997570463772,-0.0006849847336434141,0.00018670635366366066,0.0006850874570428527,0.9999996218317247,-0.0005523886872319675,-0.0001863307497828129,0.000552512733762297,0.9999998311170262
20:43:12:569,0.005600399970574999,-0.10432434660739517,0.0001168027160363782,0.9999997452737562,-0.0006934197635456387,0.00018853335505230129,0.0006935239266975342,0.9999996104346912,-0.000552444554262676,-0.00018815040682093736,0.0005525732452822387,0.9999998306791865
20:43:12:602,-0.09809890580092999,-0.19619974888951336,-0.10790879634462204,0.9999998491270505,-0.0005144729664257245,0.00015403065366385963,0.0005146048691783033,0.9999994459464538,-0.0008870257883012691,-0.00015359790233403366,0.000887107400095605,0.9999995726856464
20:43:12:636,-0.3410919872579941,-0.17816070853180027,-0.23059275854122832,0.9999998827829071,-0.00043809825746272583,0.00013613897417931388,0.0004382370914813118,0.9999993783020613,-0.0010186880793388385,-0.00013569220789698609,0.0010187595588700262,0.9999994670660785
20:43:12:669,-0.719332444753564,-0.26084395254057513,-0.13783734302731282,0.9999971981166372,0.0008538664065611186,-0.0009057588260810848,-0.0008547188981710394,0.9999979157223444,-0.0009892824994918422,0.0009049672840236345,0.00099203761333282,0.9999983007126949
20:43:12:702,-1.693336107853838,-1.067217412291271,-0.12907949273435593,0.9999932355141615,0.002754415826019026,-0.0024376275345305795,-0.002756726506500574,0.9999957536127613,-0.0009450682558080141,0.002435014067865686,0.0009517817773096758,0.999996582385755
20:43:12:736,-2.742347658749237,-2.1327094415890624,0.05281108042854925,0.9999931702452072,0.002742824135867894,-0.002422514384079015,-0.002745125317252697,0.9999956971306573,-0.0009370940467281902,0.0024199089240485687,0.0009438552528915956,0.999996576973167
20:43:12:769,-2.7860659997562816,-2.1741710404440564,0.05893417524988021,0.9999952127274035,0.0027038570256427267,-0.0011858000298001967,-0.002703648096665821,0.9999960013957419,0.00021063055120767877,0.0011863117839292642,-0.00020705837726744006,0.9999991536183931
20:43:12:802,-1.4783295727425034,-1.3986959655090634,0.1282007127390543,0.9999955380535597,0.0027370201548757925,-0.0011979290456577433,-0.0027367643650564218,0.999996232845401,0.00021503886436269017,0.001198513252784548,-0.0002117605048532513,0.9999992596865884
20:43:12:836,-1.3361559015755564,-1.3329404985487978,0.07346994354953938,0.9998241475140167,-0.015740057831514824,0.010349345438019469,0.01572249058106217,0.999875972189947,0.0017866681446858006,-0.01037597219192413,-0.0016249598351733398,0.9999453003007088
20:43:12:869,0.05953643961560384,-1.0861594115876283,-0.813057768740022,0.9998257261653285,-0.015611395445886404,0.010306888469200751,0.015593949837758999,0.9998774511636932,0.0017718397272095813,-0.010333135073507181,-0.0016110377949685286,0.9999454871363896
20:43:12:902,0.18638630808791287,-1.0889146577172686,-1.2556823623683862,0.9996569890290317,-0.024977604842393725,0.00787545554229949,0.02495826941548535,0.9996852565740632,0.0025439598409053178,-0.007936518888624722,-0.002346529496751682,0.9999657520282148
20:43:12:936,1.1942830305721617,-0.0835095593153052,-0.5419885622628907,0.9996571020683184,-0.024964777642607232,0.007880345167729303,0.024944828384188066,0.9996848729118446,0.0026140357016414904,-0.007943207395711891,-0.0024165287249691596,0.9999650844622077
20:43:12:969,1.302164108766751,-0.04123194750338385,-0.4508710439316802,0.9996154833020087,-0.026250141611365223,0.00891085146110343,0.026123342341977523,0.9995595138039454,0.014047273417089157,-0.009275846421519712,-0.013808934373034121,0.9998610840736772
20:43:13:002,1.9871279689203307,0.5995275483517419,-0.37829114533035463,0.9996148782353903,-0.026273588924922656,0.008932785913660351,0.02614589803834048,0.9995583700579049,0.014122936350343654,-0.009299901055777663,-0.013883942001642996,0.9998603646718027
20:43:13:036,2.20348247778632,0.911924691002652,0.019740830656332205,0.9997811473034116,-0.019669848396814404,-0.001300311214208631,0.01967909666856252,0.9997216163534368,0.012437466387466387,0.0010521541197048266,-0.012438350960672803,0.9999040446980487
20:43:13:069,1.2023943140865745,0.5325981025693494,0.245187319208541,0.999836079359341,-0.01749264604351843,-0.004673763499364572,0.01754716242493964,0.9997754640419161,0.011881991480323142,0.004464896668625574,-0.011962071715746815,0.9999185178596852
20:43:13:102,0.009810319855154834,-0.14714760761697243,-2.77622645151798,0.9998469789078985,-0.015428376979914168,-0.007391367247917285,0.01549169409893382,0.9998285999941452,0.009585228209712292,0.007236942600963717,-0.009691833032277285,0.9999194846463684
20:43:13:136,1.0339295618340691,0.05600045568739633,-0.05383028243806063,0.999859480068342,-0.01303986314261096,-0.010546738300956666,0.013113337258556386,0.9998902689611296,0.006914188363739673,0.010455475221031747,-0.007051557202910074,0.9999206536159899
20:43:13:169,1.7038260441124702,0.5653042769253105,1.3616944048191955,0.9998684328398895,-0.012730082165883283,-0.009769432830390286,0.012802526659865855,0.9998748884119741,0.008324268027694284,0.009666262170702227,-0.008450409376125775,0.9999070243925505
20:43:13:202,1.688959931012815,0.5722532507049517,1.3995544023360473,0.9999448304381957,-0.009982671080800894,-0.0032682962822111724,0.01004647373448092,0.9997469935993872,0.020124991785720782,0.003066567885302981,-0.020156716465977307,0.9997921290203269
20:43:13:236,1.0729035687241435,9.176341824296115e-05,2.3716571056075315,0.9999449057530102,-0.009886220331346608,-0.0032725685826221966,0.009949577659103155,0.9997485930366709,0.019953122051374377,0.0030720886671033727,-0.019984704355376456,0.9997935360296988
20:43:13:269,1.0254955128801013,-0.055295684206474,2.4599984559300183,0.9999754424969638,0.006376772671137572,-0.0025768234406251048,-0.006387090154844569,0.9999686806145626,-0.004069251650258185,0.002548379830126644,0.0040855113826587545,0.9999866217777377
20:43:13:302,0.08763993681442725,-0.7283652802057773,-0.12630379713953885,0.9999756378669197,0.006487598249184666,-0.0025758974294876735,-0.006498415474177289,0.9999700088314912,-0.004213454920881888,0.0025484854405353175,0.004230091478599964,0.9999878061013779
20:43:13:336,0.019484139631921037,-0.7225358495946758,-0.25046867899054054,0.99999463176303,0.003166362587215533,0.0010048818562701576,-0.0031601805695618827,0.9999761931031212,-0.006177828698604573,-0.0010242762060326685,0.006174563781943358,0.9999806210641801
20:43:13:369,-0.16153221245696378,-0.31158703059155385,-0.21550577848835897,0.99999453931557,0.003204803964308989,0.0009823900677971911,-0.003198680281133297,0.9999760287740241,-0.006175427143651494,-0.0010020079375899018,0.006172191275413045,0.9999805390066991
20:43:13:402,-0.03924104301723455,-0.04905130975617569,-0.5886010516391886,0.9999935334165237,-0.002923674910841917,0.002094046941837414,0.002930076289911407,0.9999910240386217,-0.003060430931893587,-0.002085080533131871,0.0030665469041434197,0.9999931243036588
20:43:13:436,-0.1349993082514354,-0.02658730461427114,-0.09052528777523428,0.9999934929732501,-0.0029158953781202655,0.0021013609098471256,0.002922345615868725,0.9999909679756382,-0.003070252624307072,-0.002092417885505788,0.003076395115310084,0.9999930536315819
20:43:13:469,-0.42433383749764264,-0.2362636147922347,-0.4068135335088516,0.9999866341806634,-0.003440299557803869,0.003759716518017039,0.003455614051648261,0.9999859729125146,-0.00397655792475381,-0.0037458709954654025,0.003989717718469272,0.9999845853906184
20:43:13:502,0.2700968998039821,0.14453063034248156,-0.6082241251681672,0.9999849708328853,-0.0035691509036847777,0.004161644376850244,0.003586616261307228,0.9999847611602769,-0.004196862506931414,-0.004146601729691849,0.004211725646930532,0.99998253338712
20:43:13:536,0.39000742437547925,0.24309709148737077,-0.06528626786842869,0.9999892760450464,-0.0027244302575702025,0.003522812426026528,0.002735678475471916,0.9999903809129541,-0.002837337733088371,-0.0035133882506877922,0.0028477190248418867,0.9999881449213376
20:43:13:569,0.13381199642841005,-0.0740878289636879,-0.0840344063392043,0.9999954457775552,-0.001513472027377199,0.002606981962839142,0.0015158113560297516,0.9999984321884022,-0.0008895852435642674,-0.002605610444673718,0.0008935431652395805,0.9999961853758381
20:43:13:602,0.2942987422484461,-0.04905048808678505,-0.04905023790265405,0.9999958823679237,-0.0014261020987063183,0.0024489579778189806,0.0014283190819102567,0.9999985272703685,-0.0009213231195262209,-0.0024476633349651044,0.0009249018216791034,0.9999964913169426
20:43:13:636,0.29309180980384825,-0.049013399520161385,-0.04841951103249587,0.9999986318971221,-0.0008761143392693629,0.0014081103896016287,0.0008778116625185448,0.999998893491977,-0.0012053133947185766,-0.0014070556014934188,0.0012065421084701575,0.9999982892443409
20:43:13:669,0.18022896843686853,0.0021326383654304637,0.091821155689384,0.9999986153689406,-0.000883334528572375,0.001413736176233964,0.0008850445918511772,0.9999988846990961,-0.0012102714827831279,-0.0014126733210677862,0.001211518569148382,0.9999982748698457
20:43:13:702,0.17658117901614573,0.00981099957999521,0.10791112957228745,0.9999991811862954,0.00010988863102093756,0.001274968485130391,-0.00010995009713515512,0.9999999927898989,4.8140745201179745e-05,-0.001274963179414724,-4.8280887499064885e-05,0.9999991860641011
20:43:13:736,-0.09884333561457409,-0.19641156587733283,-0.11957484044602126,0.9999991823048523,0.00010572144818027353,0.0012726585266435635,-0.0001057781480877827,0.9999999897990114,4.3909121004815023e-05,-0.001272651230919587,-4.404408400860599e-05,0.9999991862482137
20:43:13:769,-0.11859163313992567,-0.21640283602128993,-0.1578718612630195,0.9999996505570663,-0.000230632518566128,0.0008010668610804177,0.0002309354930713098,0.9999998975504651,-0.00038070657978171794,-0.0008009792530562941,0.0003808914280056792,0.9999996029324107
20:43:13:802,-0.06059087614591036,-0.16475038111012885,-0.08790452036905545,0.9999996557996245,-0.00023123746540889005,0.0007968278949057362,0.00023154427049731943,0.9999998991037595,-0.0003849580006539869,-0.0007967387940128605,0.0003851423672732248,0.999999608443074
